SMHB_ID	SMTS_ID
SMHB000001	SMTS00035
SMHB000001	SMTS00038
SMHB000001	SMTS00109
SMHB000001	SMTS00110
SMHB000001	SMTS00111
SMHB000001	SMTS00115
SMHB000001	SMTS00191
SMHB000001	SMTS00231
SMHB000001	SMTS00266
SMHB000001	SMTS00274
SMHB000001	SMTS00405
SMHB000001	SMTS00419
SMHB000001	SMTS00425
SMHB000001	SMTS00470
SMHB000001	SMTS00524
SMHB000001	SMTS00525
SMHB000001	SMTS00529
SMHB000001	SMTS00530
SMHB000001	SMTS00549
SMHB000001	SMTS00550
SMHB000001	SMTS00551
SMHB000001	SMTS00555
SMHB000001	SMTS00768
SMHB000001	SMTS00866
SMHB000001	SMTS00931
SMHB000001	SMTS00977
SMHB000001	SMTS01063
SMHB000001	SMTS01066
SMHB000001	SMTS01067
SMHB000001	SMTS01068
SMHB000001	SMTS01085
SMHB000001	SMTS01110
SMHB000001	SMTS01919
SMHB000001	SMTS01920
SMHB000002	SMTS00023
SMHB000002	SMTS00064
SMHB000002	SMTS00066
SMHB000002	SMTS00107
SMHB000002	SMTS00137
SMHB000002	SMTS00283
SMHB000002	SMTS00284
SMHB000002	SMTS00289
SMHB000002	SMTS00340
SMHB000002	SMTS00341
SMHB000002	SMTS00424
SMHB000002	SMTS00472
SMHB000002	SMTS00491
SMHB000002	SMTS00611
SMHB000002	SMTS00752
SMHB000002	SMTS00774
SMHB000002	SMTS00799
SMHB000002	SMTS00800
SMHB000002	SMTS00869
SMHB000002	SMTS00870
SMHB000002	SMTS00871
SMHB000002	SMTS00888
SMHB000002	SMTS00889
SMHB000002	SMTS00890
SMHB000002	SMTS00891
SMHB000002	SMTS00983
SMHB000002	SMTS01052
SMHB000002	SMTS01053
SMHB000002	SMTS01130
SMHB000002	SMTS01152
SMHB000002	SMTS01200
SMHB000002	SMTS01246
SMHB000002	SMTS01298
SMHB000002	SMTS01430
SMHB000002	SMTS01570
SMHB000002	SMTS01586
SMHB000002	SMTS01617
SMHB000002	SMTS01619
SMHB000002	SMTS01620
SMHB000002	SMTS01650
SMHB000002	SMTS01651
SMHB000002	SMTS01703
SMHB000002	SMTS01838
SMHB000002	SMTS01867
SMHB000002	SMTS01972
SMHB000003	SMTS00017
SMHB000003	SMTS00084
SMHB000003	SMTS00283
SMHB000003	SMTS00284
SMHB000003	SMTS00289
SMHB000003	SMTS00408
SMHB000003	SMTS00409
SMHB000003	SMTS00494
SMHB000003	SMTS00501
SMHB000003	SMTS00800
SMHB000003	SMTS00802
SMHB000003	SMTS00834
SMHB000003	SMTS00983
SMHB000003	SMTS01074
SMHB000003	SMTS01253
SMHB000003	SMTS01293
SMHB000003	SMTS01298
SMHB000003	SMTS01299
SMHB000003	SMTS01336
SMHB000003	SMTS01341
SMHB000003	SMTS01342
SMHB000003	SMTS01343
SMHB000003	SMTS01416
SMHB000003	SMTS01452
SMHB000003	SMTS01586
SMHB000003	SMTS01605
SMHB000003	SMTS01683
SMHB000003	SMTS01684
SMHB000003	SMTS01725
SMHB000003	SMTS01856
SMHB000003	SMTS01887
SMHB000004	SMTS00068
SMHB000004	SMTS00069
SMHB000004	SMTS00253
SMHB000004	SMTS00283
SMHB000004	SMTS00284
SMHB000004	SMTS00288
SMHB000004	SMTS00289
SMHB000004	SMTS00294
SMHB000004	SMTS00376
SMHB000004	SMTS00407
SMHB000004	SMTS00611
SMHB000004	SMTS00755
SMHB000004	SMTS00756
SMHB000004	SMTS00757
SMHB000004	SMTS00800
SMHB000004	SMTS00983
SMHB000004	SMTS01170
SMHB000004	SMTS01171
SMHB000004	SMTS01175
SMHB000004	SMTS01198
SMHB000004	SMTS01210
SMHB000004	SMTS01211
SMHB000004	SMTS01298
SMHB000004	SMTS01520
SMHB000004	SMTS01521
SMHB000004	SMTS01524
SMHB000004	SMTS01525
SMHB000004	SMTS01526
SMHB000004	SMTS01530
SMHB000004	SMTS01532
SMHB000004	SMTS01586
SMHB000005	SMTS00035
SMHB000005	SMTS00202
SMHB000005	SMTS00274
SMHB000005	SMTS00394
SMHB000005	SMTS00395
SMHB000005	SMTS00397
SMHB000005	SMTS00400
SMHB000005	SMTS00419
SMHB000005	SMTS00425
SMHB000005	SMTS00435
SMHB000005	SMTS00541
SMHB000005	SMTS00550
SMHB000005	SMTS00551
SMHB000005	SMTS00555
SMHB000005	SMTS00779
SMHB000005	SMTS00866
SMHB000005	SMTS01231
SMHB000005	SMTS01453
SMHB000005	SMTS01465
SMHB000005	SMTS01466
SMHB000005	SMTS01467
SMHB000005	SMTS01468
SMHB000005	SMTS01469
SMHB000005	SMTS01476
SMHB000005	SMTS01477
SMHB000005	SMTS01481
SMHB000005	SMTS01484
SMHB000005	SMTS01486
SMHB000005	SMTS01492
SMHB000005	SMTS01591
SMHB000005	SMTS01689
SMHB000005	SMTS01873
SMHB000005	SMTS01921
SMHB000005	SMTS02068
SMHB000006	SMTS00217
SMHB000006	SMTS00411
SMHB000006	SMTS00457
SMHB000006	SMTS02009
SMHB000006	SMTS02010
SMHB000006	SMTS02074
SMHB000006	SMTS02255
SMHB000007	SMTS00038
SMHB000007	SMTS00064
SMHB000007	SMTS00066
SMHB000007	SMTS00266
SMHB000007	SMTS00274
SMHB000007	SMTS00283
SMHB000007	SMTS00284
SMHB000007	SMTS00289
SMHB000007	SMTS00341
SMHB000007	SMTS00419
SMHB000007	SMTS00425
SMHB000007	SMTS00462
SMHB000007	SMTS00474
SMHB000007	SMTS00611
SMHB000007	SMTS00800
SMHB000007	SMTS00888
SMHB000007	SMTS00889
SMHB000007	SMTS00890
SMHB000007	SMTS00891
SMHB000007	SMTS00983
SMHB000007	SMTS01298
SMHB000007	SMTS01515
SMHB000007	SMTS01561
SMHB000007	SMTS01571
SMHB000007	SMTS01586
SMHB000007	SMTS01616
SMHB000007	SMTS01618
SMHB000007	SMTS01620
SMHB000007	SMTS01621
SMHB000007	SMTS01622
SMHB000007	SMTS01623
SMHB000007	SMTS01838
SMHB000008	SMTS00038
SMHB000008	SMTS00172
SMHB000008	SMTS00174
SMHB000008	SMTS00175
SMHB000008	SMTS00266
SMHB000008	SMTS00274
SMHB000008	SMTS00419
SMHB000008	SMTS00425
SMHB000008	SMTS00627
SMHB000008	SMTS01120
SMHB000008	SMTS01277
SMHB000008	SMTS01599
SMHB000008	SMTS01996
SMHB000009	SMTS00004
SMHB000009	SMTS00015
SMHB000009	SMTS00018
SMHB000009	SMTS00046
SMHB000009	SMTS00047
SMHB000009	SMTS00049
SMHB000009	SMTS00060
SMHB000009	SMTS00065
SMHB000009	SMTS00068
SMHB000009	SMTS00069
SMHB000009	SMTS00161
SMHB000009	SMTS00164
SMHB000009	SMTS00165
SMHB000009	SMTS00166
SMHB000009	SMTS00167
SMHB000009	SMTS00168
SMHB000009	SMTS00169
SMHB000009	SMTS00170
SMHB000009	SMTS00175
SMHB000009	SMTS00253
SMHB000009	SMTS00283
SMHB000009	SMTS00285
SMHB000009	SMTS00290
SMHB000009	SMTS00292
SMHB000009	SMTS00379
SMHB000009	SMTS00490
SMHB000009	SMTS00658
SMHB000009	SMTS00706
SMHB000009	SMTS00709
SMHB000009	SMTS00755
SMHB000009	SMTS00756
SMHB000009	SMTS00757
SMHB000009	SMTS00892
SMHB000009	SMTS00984
SMHB000009	SMTS00995
SMHB000009	SMTS00996
SMHB000009	SMTS01150
SMHB000009	SMTS01182
SMHB000009	SMTS01195
SMHB000009	SMTS01210
SMHB000009	SMTS01211
SMHB000009	SMTS01294
SMHB000009	SMTS01305
SMHB000009	SMTS01318
SMHB000009	SMTS01319
SMHB000009	SMTS01362
SMHB000009	SMTS01369
SMHB000009	SMTS01370
SMHB000009	SMTS01373
SMHB000009	SMTS01374
SMHB000009	SMTS01384
SMHB000009	SMTS01386
SMHB000009	SMTS01414
SMHB000009	SMTS01438
SMHB000009	SMTS01514
SMHB000009	SMTS01930
SMHB000009	SMTS02085
SMHB000009	SMTS02222
SMHB000010	SMTS00187
SMHB000010	SMTS00202
SMHB000010	SMTS00203
SMHB000010	SMTS00321
SMHB000010	SMTS00494
SMHB000010	SMTS00501
SMHB000010	SMTS00518
SMHB000010	SMTS00588
SMHB000010	SMTS00591
SMHB000010	SMTS00592
SMHB000010	SMTS00593
SMHB000010	SMTS00594
SMHB000010	SMTS00642
SMHB000010	SMTS00712
SMHB000010	SMTS00798
SMHB000010	SMTS00816
SMHB000010	SMTS00817
SMHB000010	SMTS00882
SMHB000010	SMTS00950
SMHB000010	SMTS00951
SMHB000010	SMTS01023
SMHB000010	SMTS01074
SMHB000010	SMTS01075
SMHB000010	SMTS01121
SMHB000010	SMTS01122
SMHB000010	SMTS01125
SMHB000010	SMTS01126
SMHB000010	SMTS01127
SMHB000010	SMTS01132
SMHB000010	SMTS01133
SMHB000010	SMTS01134
SMHB000010	SMTS01135
SMHB000010	SMTS01416
SMHB000010	SMTS01441
SMHB000010	SMTS01496
SMHB000010	SMTS01497
SMHB000010	SMTS01498
SMHB000010	SMTS01499
SMHB000010	SMTS01613
SMHB000010	SMTS01614
SMHB000010	SMTS01683
SMHB000010	SMTS01684
SMHB000010	SMTS01763
SMHB000010	SMTS01781
SMHB000010	SMTS02054
SMHB000010	SMTS02108
SMHB000011	SMTS00008
SMHB000011	SMTS00109
SMHB000011	SMTS00114
SMHB000011	SMTS00172
SMHB000011	SMTS00173
SMHB000011	SMTS00174
SMHB000011	SMTS00212
SMHB000011	SMTS00546
SMHB000011	SMTS00729
SMHB000011	SMTS00732
SMHB000011	SMTS00733
SMHB000011	SMTS01063
SMHB000011	SMTS01066
SMHB000011	SMTS01067
SMHB000011	SMTS01068
SMHB000011	SMTS01085
SMHB000011	SMTS01118
SMHB000011	SMTS01275
SMHB000011	SMTS01279
SMHB000011	SMTS01548
SMHB000011	SMTS01555
SMHB000011	SMTS01556
SMHB000011	SMTS01562
SMHB000012	SMTS00626
SMHB000012	SMTS02288
SMHB000013	SMTS00116
SMHB000013	SMTS00202
SMHB000013	SMTS00394
SMHB000013	SMTS00395
SMHB000013	SMTS00397
SMHB000013	SMTS00400
SMHB000013	SMTS00435
SMHB000013	SMTS00541
SMHB000013	SMTS00571
SMHB000013	SMTS00693
SMHB000013	SMTS00768
SMHB000013	SMTS00779
SMHB000013	SMTS00873
SMHB000013	SMTS00931
SMHB000013	SMTS00934
SMHB000013	SMTS00977
SMHB000013	SMTS01049
SMHB000013	SMTS01107
SMHB000013	SMTS01231
SMHB000013	SMTS01280
SMHB000013	SMTS01284
SMHB000013	SMTS01453
SMHB000013	SMTS01465
SMHB000013	SMTS01466
SMHB000013	SMTS01467
SMHB000013	SMTS01468
SMHB000013	SMTS01469
SMHB000013	SMTS01476
SMHB000013	SMTS01477
SMHB000013	SMTS01481
SMHB000013	SMTS01484
SMHB000013	SMTS01486
SMHB000013	SMTS01492
SMHB000013	SMTS01523
SMHB000013	SMTS01526
SMHB000013	SMTS01689
SMHB000013	SMTS01966
SMHB000013	SMTS01985
SMHB000013	SMTS02000
SMHB000013	SMTS02047
SMHB000013	SMTS02072
SMHB000013	SMTS02154
SMHB000013	SMTS02156
SMHB000013	SMTS02174
SMHB000014	SMTS00107
SMHB000014	SMTS00128
SMHB000014	SMTS00137
SMHB000014	SMTS00330
SMHB000014	SMTS00338
SMHB000014	SMTS00558
SMHB000014	SMTS00769
SMHB000014	SMTS01152
SMHB000014	SMTS01200
SMHB000014	SMTS01570
SMHB000014	SMTS01650
SMHB000014	SMTS01651
SMHB000014	SMTS01686
SMHB000014	SMTS01703
SMHB000014	SMTS01813
SMHB000014	SMTS02020
SMHB000015	SMTS00414
SMHB000015	SMTS00783
SMHB000015	SMTS00822
SMHB000015	SMTS00824
SMHB000015	SMTS01593
SMHB000015	SMTS01779
SMHB000015	SMTS01979
SMHB000015	SMTS01980
SMHB000015	SMTS01981
SMHB000015	SMTS01996
SMHB000015	SMTS02070
SMHB000016	SMTS00174
SMHB000016	SMTS00267
SMHB000016	SMTS00318
SMHB000016	SMTS00323
SMHB000016	SMTS00324
SMHB000016	SMTS00768
SMHB000016	SMTS00776
SMHB000016	SMTS00870
SMHB000016	SMTS00871
SMHB000016	SMTS00931
SMHB000016	SMTS00977
SMHB000016	SMTS00979
SMHB000016	SMTS01009
SMHB000016	SMTS01130
SMHB000016	SMTS01705
SMHB000016	SMTS01708
SMHB000016	SMTS01831
SMHB000016	SMTS01861
SMHB000016	SMTS01873
SMHB000016	SMTS01966
SMHB000016	SMTS02041
SMHB000016	SMTS02186
SMHB000016	SMTS02187
SMHB000016	SMTS02197
SMHB000016	SMTS02198
SMHB000018	SMTS00242
SMHB000018	SMTS00312
SMHB000018	SMTS00405
SMHB000018	SMTS00739
SMHB000018	SMTS00742
SMHB000018	SMTS00752
SMHB000018	SMTS00768
SMHB000018	SMTS00835
SMHB000018	SMTS00839
SMHB000018	SMTS00873
SMHB000018	SMTS00931
SMHB000018	SMTS00977
SMHB000018	SMTS01027
SMHB000018	SMTS01049
SMHB000018	SMTS01152
SMHB000018	SMTS01280
SMHB000018	SMTS01283
SMHB000018	SMTS01284
SMHB000018	SMTS01446
SMHB000018	SMTS01985
SMHB000019	SMTS00109
SMHB000019	SMTS00113
SMHB000019	SMTS00549
SMHB000019	SMTS00550
SMHB000019	SMTS00551
SMHB000019	SMTS00552
SMHB000019	SMTS00553
SMHB000019	SMTS00555
SMHB000019	SMTS01063
SMHB000019	SMTS01065
SMHB000019	SMTS01066
SMHB000019	SMTS01067
SMHB000019	SMTS01068
SMHB000019	SMTS01085
SMHB000019	SMTS01362
SMHB000019	SMTS01382
SMHB000019	SMTS01383
SMHB000019	SMTS01386
SMHB000019	SMTS01414
SMHB000020	SMTS00548
SMHB000020	SMTS00549
SMHB000020	SMTS00550
SMHB000020	SMTS00551
SMHB000020	SMTS00555
SMHB000020	SMTS00718
SMHB000020	SMTS00803
SMHB000020	SMTS00804
SMHB000020	SMTS00805
SMHB000020	SMTS00811
SMHB000020	SMTS00815
SMHB000020	SMTS01199
SMHB000020	SMTS01205
SMHB000020	SMTS01206
SMHB000020	SMTS01207
SMHB000020	SMTS01215
SMHB000020	SMTS01586
SMHB000020	SMTS02091
SMHB000021	SMTS00028
SMHB000021	SMTS00081
SMHB000021	SMTS00086
SMHB000021	SMTS00090
SMHB000021	SMTS00096
SMHB000021	SMTS00102
SMHB000021	SMTS00138
SMHB000021	SMTS00141
SMHB000021	SMTS00183
SMHB000021	SMTS00201
SMHB000021	SMTS00232
SMHB000021	SMTS00283
SMHB000021	SMTS00284
SMHB000021	SMTS00288
SMHB000021	SMTS00289
SMHB000021	SMTS00312
SMHB000021	SMTS00380
SMHB000021	SMTS00437
SMHB000021	SMTS00450
SMHB000021	SMTS00471
SMHB000021	SMTS00474
SMHB000021	SMTS00483
SMHB000021	SMTS00487
SMHB000021	SMTS00488
SMHB000021	SMTS00492
SMHB000021	SMTS00518
SMHB000021	SMTS00610
SMHB000021	SMTS00620
SMHB000021	SMTS00621
SMHB000021	SMTS00645
SMHB000021	SMTS00652
SMHB000021	SMTS00655
SMHB000021	SMTS00662
SMHB000021	SMTS00663
SMHB000021	SMTS00681
SMHB000021	SMTS00682
SMHB000021	SMTS00693
SMHB000021	SMTS00712
SMHB000021	SMTS00793
SMHB000021	SMTS00799
SMHB000021	SMTS00800
SMHB000021	SMTS00816
SMHB000021	SMTS00817
SMHB000021	SMTS00823
SMHB000021	SMTS00893
SMHB000021	SMTS00898
SMHB000021	SMTS00899
SMHB000021	SMTS00903
SMHB000021	SMTS00917
SMHB000021	SMTS00924
SMHB000021	SMTS00926
SMHB000021	SMTS00934
SMHB000021	SMTS00950
SMHB000021	SMTS00951
SMHB000021	SMTS00962
SMHB000021	SMTS00983
SMHB000021	SMTS01040
SMHB000021	SMTS01050
SMHB000021	SMTS01115
SMHB000021	SMTS01119
SMHB000021	SMTS01121
SMHB000021	SMTS01122
SMHB000021	SMTS01125
SMHB000021	SMTS01126
SMHB000021	SMTS01127
SMHB000021	SMTS01132
SMHB000021	SMTS01133
SMHB000021	SMTS01134
SMHB000021	SMTS01135
SMHB000021	SMTS01240
SMHB000021	SMTS01298
SMHB000021	SMTS01311
SMHB000021	SMTS01312
SMHB000021	SMTS01314
SMHB000021	SMTS01315
SMHB000021	SMTS01316
SMHB000021	SMTS01351
SMHB000021	SMTS01357
SMHB000021	SMTS01439
SMHB000021	SMTS01441
SMHB000021	SMTS01586
SMHB000021	SMTS01603
SMHB000021	SMTS01616
SMHB000021	SMTS01618
SMHB000021	SMTS01620
SMHB000021	SMTS01621
SMHB000021	SMTS01622
SMHB000021	SMTS01623
SMHB000021	SMTS01624
SMHB000021	SMTS01625
SMHB000021	SMTS01626
SMHB000021	SMTS01630
SMHB000021	SMTS01698
SMHB000021	SMTS01707
SMHB000021	SMTS02249
SMHB000022	SMTS00015
SMHB000022	SMTS00019
SMHB000022	SMTS00046
SMHB000022	SMTS00065
SMHB000022	SMTS00086
SMHB000022	SMTS00090
SMHB000022	SMTS00138
SMHB000022	SMTS00201
SMHB000022	SMTS00238
SMHB000022	SMTS00240
SMHB000022	SMTS00283
SMHB000022	SMTS00285
SMHB000022	SMTS00292
SMHB000022	SMTS00314
SMHB000022	SMTS00379
SMHB000022	SMTS00380
SMHB000022	SMTS00437
SMHB000022	SMTS00483
SMHB000022	SMTS00487
SMHB000022	SMTS00492
SMHB000022	SMTS00501
SMHB000022	SMTS00506
SMHB000022	SMTS00549
SMHB000022	SMTS00610
SMHB000022	SMTS00645
SMHB000022	SMTS00652
SMHB000022	SMTS00653
SMHB000022	SMTS00674
SMHB000022	SMTS00706
SMHB000022	SMTS00709
SMHB000022	SMTS00793
SMHB000022	SMTS00808
SMHB000022	SMTS00892
SMHB000022	SMTS00896
SMHB000022	SMTS00903
SMHB000022	SMTS00911
SMHB000022	SMTS00984
SMHB000022	SMTS00990
SMHB000022	SMTS00993
SMHB000022	SMTS00996
SMHB000022	SMTS01027
SMHB000022	SMTS01051
SMHB000022	SMTS01088
SMHB000022	SMTS01182
SMHB000022	SMTS01195
SMHB000022	SMTS01305
SMHB000022	SMTS01318
SMHB000022	SMTS01319
SMHB000022	SMTS01351
SMHB000022	SMTS01356
SMHB000022	SMTS01357
SMHB000022	SMTS01416
SMHB000022	SMTS01514
SMHB000022	SMTS01564
SMHB000022	SMTS01565
SMHB000022	SMTS01566
SMHB000022	SMTS01584
SMHB000022	SMTS01630
SMHB000022	SMTS01654
SMHB000022	SMTS01707
SMHB000022	SMTS02104
SMHB000023	SMTS00172
SMHB000023	SMTS00174
SMHB000023	SMTS00837
SMHB000023	SMTS00923
SMHB000023	SMTS01577
SMHB000023	SMTS02277
SMHB000024	SMTS00234
SMHB000024	SMTS00235
SMHB000024	SMTS00236
SMHB000024	SMTS00350
SMHB000024	SMTS00492
SMHB000024	SMTS00799
SMHB000024	SMTS00935
SMHB000024	SMTS01013
SMHB000024	SMTS01280
SMHB000024	SMTS01289
SMHB000024	SMTS01443
SMHB000024	SMTS01593
SMHB000024	SMTS01597
SMHB000024	SMTS01686
SMHB000024	SMTS01742
SMHB000024	SMTS01753
SMHB000024	SMTS01774
SMHB000024	SMTS01985
SMHB000024	SMTS02342
SMHB000025	SMTS00118
SMHB000025	SMTS00405
SMHB000025	SMTS00457
SMHB000025	SMTS00721
SMHB000025	SMTS00727
SMHB000025	SMTS00735
SMHB000025	SMTS00743
SMHB000025	SMTS00744
SMHB000025	SMTS00768
SMHB000025	SMTS00776
SMHB000025	SMTS00785
SMHB000025	SMTS00787
SMHB000025	SMTS00931
SMHB000025	SMTS00977
SMHB000025	SMTS00978
SMHB000025	SMTS02010
SMHB000025	SMTS02024
SMHB000025	SMTS02074
SMHB000025	SMTS02324
SMHB000025	SMTS02335
SMHB000025	SMTS02357
SMHB000026	SMTS00137
SMHB000026	SMTS00274
SMHB000026	SMTS00283
SMHB000026	SMTS00284
SMHB000026	SMTS00289
SMHB000026	SMTS00394
SMHB000026	SMTS00395
SMHB000026	SMTS00397
SMHB000026	SMTS00400
SMHB000026	SMTS00419
SMHB000026	SMTS00425
SMHB000026	SMTS00435
SMHB000026	SMTS00541
SMHB000026	SMTS00779
SMHB000026	SMTS00800
SMHB000026	SMTS00836
SMHB000026	SMTS00983
SMHB000026	SMTS01200
SMHB000026	SMTS01206
SMHB000026	SMTS01231
SMHB000026	SMTS01298
SMHB000026	SMTS01446
SMHB000026	SMTS01453
SMHB000026	SMTS01465
SMHB000026	SMTS01466
SMHB000026	SMTS01467
SMHB000026	SMTS01468
SMHB000026	SMTS01469
SMHB000026	SMTS01476
SMHB000026	SMTS01477
SMHB000026	SMTS01481
SMHB000026	SMTS01484
SMHB000026	SMTS01486
SMHB000026	SMTS01492
SMHB000026	SMTS01570
SMHB000026	SMTS01586
SMHB000026	SMTS01650
SMHB000026	SMTS01651
SMHB000026	SMTS01689
SMHB000026	SMTS01703
SMHB000026	SMTS01813
SMHB000026	SMTS01984
SMHB000027	SMTS00026
SMHB000027	SMTS00027
SMHB000027	SMTS00030
SMHB000027	SMTS00032
SMHB000027	SMTS00033
SMHB000027	SMTS00092
SMHB000027	SMTS00128
SMHB000027	SMTS00132
SMHB000027	SMTS00172
SMHB000027	SMTS00174
SMHB000027	SMTS00306
SMHB000027	SMTS00381
SMHB000027	SMTS00414
SMHB000027	SMTS00424
SMHB000027	SMTS00488
SMHB000027	SMTS00492
SMHB000027	SMTS00518
SMHB000027	SMTS00541
SMHB000027	SMTS00631
SMHB000027	SMTS00632
SMHB000027	SMTS00633
SMHB000027	SMTS00636
SMHB000027	SMTS00637
SMHB000027	SMTS00638
SMHB000027	SMTS00639
SMHB000027	SMTS00641
SMHB000027	SMTS00665
SMHB000027	SMTS00712
SMHB000027	SMTS00779
SMHB000027	SMTS00816
SMHB000027	SMTS00817
SMHB000027	SMTS00828
SMHB000027	SMTS00831
SMHB000027	SMTS00867
SMHB000027	SMTS00950
SMHB000027	SMTS00951
SMHB000027	SMTS01106
SMHB000027	SMTS01119
SMHB000027	SMTS01121
SMHB000027	SMTS01122
SMHB000027	SMTS01125
SMHB000027	SMTS01126
SMHB000027	SMTS01127
SMHB000027	SMTS01132
SMHB000027	SMTS01133
SMHB000027	SMTS01134
SMHB000027	SMTS01135
SMHB000027	SMTS01231
SMHB000027	SMTS01288
SMHB000027	SMTS01423
SMHB000027	SMTS01424
SMHB000027	SMTS01441
SMHB000027	SMTS01453
SMHB000027	SMTS01457
SMHB000027	SMTS01564
SMHB000027	SMTS01687
SMHB000027	SMTS01689
SMHB000027	SMTS01699
SMHB000027	SMTS01700
SMHB000027	SMTS02364
SMHB000028	SMTS00076
SMHB000028	SMTS00103
SMHB000028	SMTS00207
SMHB000028	SMTS00254
SMHB000028	SMTS00334
SMHB000028	SMTS00337
SMHB000028	SMTS00524
SMHB000028	SMTS00525
SMHB000028	SMTS00529
SMHB000028	SMTS00530
SMHB000028	SMTS00549
SMHB000028	SMTS00550
SMHB000028	SMTS00551
SMHB000028	SMTS00555
SMHB000028	SMTS00602
SMHB000028	SMTS01059
SMHB000028	SMTS01061
SMHB000028	SMTS01063
SMHB000028	SMTS01070
SMHB000028	SMTS01073
SMHB000028	SMTS01161
SMHB000028	SMTS01431
SMHB000028	SMTS01577
SMHB000028	SMTS01627
SMHB000028	SMTS01760
SMHB000028	SMTS01826
SMHB000028	SMTS01919
SMHB000028	SMTS01920
SMHB000028	SMTS02263
SMHB000028	SMTS02306
SMHB000029	SMTS00057
SMHB000029	SMTS00211
SMHB000029	SMTS00397
SMHB000029	SMTS00496
SMHB000029	SMTS00499
SMHB000029	SMTS00508
SMHB000029	SMTS00558
SMHB000029	SMTS00561
SMHB000029	SMTS00602
SMHB000029	SMTS00652
SMHB000029	SMTS00656
SMHB000029	SMTS00667
SMHB000029	SMTS00894
SMHB000029	SMTS00897
SMHB000029	SMTS00969
SMHB000029	SMTS00970
SMHB000029	SMTS01028
SMHB000029	SMTS01092
SMHB000029	SMTS01470
SMHB000029	SMTS01471
SMHB000029	SMTS01551
SMHB000029	SMTS01552
SMHB000029	SMTS01553
SMHB000029	SMTS01554
SMHB000029	SMTS01633
SMHB000030	SMTS00045
SMHB000030	SMTS00057
SMHB000030	SMTS00183
SMHB000030	SMTS00605
SMHB000030	SMTS00667
SMHB000030	SMTS00894
SMHB000030	SMTS00970
SMHB000030	SMTS01028
SMHB000030	SMTS01331
SMHB000030	SMTS01333
SMHB000030	SMTS01334
SMHB000030	SMTS01335
SMHB000030	SMTS01551
SMHB000030	SMTS01553
SMHB000030	SMTS01554
SMHB000030	SMTS01644
SMHB000031	SMTS00082
SMHB000031	SMTS00085
SMHB000031	SMTS00184
SMHB000031	SMTS00283
SMHB000031	SMTS00284
SMHB000031	SMTS00289
SMHB000031	SMTS00800
SMHB000031	SMTS00983
SMHB000031	SMTS01120
SMHB000031	SMTS01139
SMHB000031	SMTS01298
SMHB000031	SMTS01350
SMHB000031	SMTS01526
SMHB000031	SMTS01586
SMHB000031	SMTS01608
SMHB000031	SMTS01610
SMHB000031	SMTS01748
SMHB000031	SMTS01749
SMHB000031	SMTS01996
SMHB000031	SMTS02038
SMHB000031	SMTS02106
SMHB000031	SMTS02143
SMHB000031	SMTS02154
SMHB000031	SMTS02298
SMHB000032	SMTS00217
SMHB000032	SMTS00281
SMHB000032	SMTS00470
SMHB000032	SMTS00642
SMHB000032	SMTS01110
SMHB000032	SMTS01161
SMHB000032	SMTS01593
SMHB000032	SMTS01594
SMHB000032	SMTS01645
SMHB000032	SMTS01646
SMHB000032	SMTS01649
SMHB000032	SMTS01936
SMHB000032	SMTS02279
SMHB000032	SMTS02316
SMHB000033	SMTS00178
SMHB000033	SMTS00228
SMHB000033	SMTS00230
SMHB000033	SMTS00234
SMHB000033	SMTS00235
SMHB000033	SMTS00236
SMHB000033	SMTS00400
SMHB000033	SMTS00404
SMHB000033	SMTS00617
SMHB000033	SMTS00618
SMHB000033	SMTS00619
SMHB000033	SMTS00628
SMHB000033	SMTS00786
SMHB000033	SMTS00868
SMHB000033	SMTS00876
SMHB000033	SMTS00912
SMHB000033	SMTS00935
SMHB000033	SMTS00965
SMHB000033	SMTS00966
SMHB000033	SMTS00967
SMHB000033	SMTS01013
SMHB000033	SMTS01162
SMHB000033	SMTS01229
SMHB000033	SMTS01289
SMHB000033	SMTS01470
SMHB000033	SMTS01472
SMHB000033	SMTS01484
SMHB000033	SMTS01485
SMHB000033	SMTS01489
SMHB000033	SMTS01599
SMHB000033	SMTS01638
SMHB000033	SMTS01687
SMHB000033	SMTS01690
SMHB000033	SMTS01818
SMHB000033	SMTS01959
SMHB000033	SMTS01977
SMHB000034	SMTS00104
SMHB000034	SMTS00142
SMHB000034	SMTS00353
SMHB000034	SMTS00405
SMHB000034	SMTS00768
SMHB000034	SMTS00776
SMHB000034	SMTS00930
SMHB000034	SMTS00931
SMHB000034	SMTS00974
SMHB000034	SMTS00977
SMHB000034	SMTS00978
SMHB000034	SMTS01027
SMHB000034	SMTS01120
SMHB000034	SMTS01599
SMHB000034	SMTS01996
SMHB000035	SMTS00024
SMHB000035	SMTS00068
SMHB000035	SMTS00069
SMHB000035	SMTS00109
SMHB000035	SMTS00149
SMHB000035	SMTS00163
SMHB000035	SMTS00251
SMHB000035	SMTS00253
SMHB000035	SMTS00255
SMHB000035	SMTS00272
SMHB000035	SMTS00381
SMHB000035	SMTS00490
SMHB000035	SMTS00501
SMHB000035	SMTS00518
SMHB000035	SMTS00545
SMHB000035	SMTS00546
SMHB000035	SMTS00548
SMHB000035	SMTS00549
SMHB000035	SMTS00550
SMHB000035	SMTS00551
SMHB000035	SMTS00552
SMHB000035	SMTS00553
SMHB000035	SMTS00555
SMHB000035	SMTS00591
SMHB000035	SMTS00693
SMHB000035	SMTS00712
SMHB000035	SMTS00718
SMHB000035	SMTS00755
SMHB000035	SMTS00756
SMHB000035	SMTS00757
SMHB000035	SMTS00793
SMHB000035	SMTS00794
SMHB000035	SMTS00795
SMHB000035	SMTS00803
SMHB000035	SMTS00804
SMHB000035	SMTS00805
SMHB000035	SMTS00811
SMHB000035	SMTS00816
SMHB000035	SMTS00817
SMHB000035	SMTS00917
SMHB000035	SMTS00924
SMHB000035	SMTS00934
SMHB000035	SMTS00950
SMHB000035	SMTS00951
SMHB000035	SMTS01023
SMHB000035	SMTS01050
SMHB000035	SMTS01063
SMHB000035	SMTS01065
SMHB000035	SMTS01066
SMHB000035	SMTS01067
SMHB000035	SMTS01068
SMHB000035	SMTS01074
SMHB000035	SMTS01075
SMHB000035	SMTS01085
SMHB000035	SMTS01088
SMHB000035	SMTS01109
SMHB000035	SMTS01118
SMHB000035	SMTS01121
SMHB000035	SMTS01122
SMHB000035	SMTS01125
SMHB000035	SMTS01126
SMHB000035	SMTS01127
SMHB000035	SMTS01132
SMHB000035	SMTS01133
SMHB000035	SMTS01134
SMHB000035	SMTS01135
SMHB000035	SMTS01181
SMHB000035	SMTS01183
SMHB000035	SMTS01210
SMHB000035	SMTS01211
SMHB000035	SMTS01216
SMHB000035	SMTS01217
SMHB000035	SMTS01219
SMHB000035	SMTS01227
SMHB000035	SMTS01327
SMHB000035	SMTS01362
SMHB000035	SMTS01373
SMHB000035	SMTS01386
SMHB000035	SMTS01389
SMHB000035	SMTS01393
SMHB000035	SMTS01394
SMHB000035	SMTS01414
SMHB000035	SMTS01416
SMHB000035	SMTS01439
SMHB000035	SMTS01441
SMHB000035	SMTS01599
SMHB000035	SMTS01624
SMHB000035	SMTS01625
SMHB000035	SMTS01626
SMHB000035	SMTS01934
SMHB000035	SMTS02040
SMHB000035	SMTS02054
SMHB000035	SMTS02104
SMHB000036	SMTS00094
SMHB000036	SMTS00104
SMHB000036	SMTS00134
SMHB000036	SMTS00192
SMHB000036	SMTS00194
SMHB000036	SMTS00394
SMHB000036	SMTS00395
SMHB000036	SMTS00397
SMHB000036	SMTS00400
SMHB000036	SMTS00404
SMHB000036	SMTS00405
SMHB000036	SMTS00435
SMHB000036	SMTS00541
SMHB000036	SMTS00600
SMHB000036	SMTS00768
SMHB000036	SMTS00779
SMHB000036	SMTS00930
SMHB000036	SMTS00931
SMHB000036	SMTS01027
SMHB000036	SMTS01107
SMHB000036	SMTS01231
SMHB000036	SMTS01453
SMHB000036	SMTS01465
SMHB000036	SMTS01466
SMHB000036	SMTS01467
SMHB000036	SMTS01468
SMHB000036	SMTS01469
SMHB000036	SMTS01476
SMHB000036	SMTS01477
SMHB000036	SMTS01481
SMHB000036	SMTS01484
SMHB000036	SMTS01485
SMHB000036	SMTS01486
SMHB000036	SMTS01492
SMHB000036	SMTS01686
SMHB000036	SMTS01687
SMHB000036	SMTS01689
SMHB000036	SMTS01998
SMHB000037	SMTS00016
SMHB000037	SMTS00024
SMHB000037	SMTS00092
SMHB000037	SMTS00149
SMHB000037	SMTS00163
SMHB000037	SMTS00265
SMHB000037	SMTS00306
SMHB000037	SMTS00359
SMHB000037	SMTS00393
SMHB000037	SMTS00420
SMHB000037	SMTS00421
SMHB000037	SMTS00426
SMHB000037	SMTS00435
SMHB000037	SMTS00483
SMHB000037	SMTS00487
SMHB000037	SMTS00490
SMHB000037	SMTS00517
SMHB000037	SMTS00518
SMHB000037	SMTS00567
SMHB000037	SMTS00568
SMHB000037	SMTS00583
SMHB000037	SMTS00584
SMHB000037	SMTS00585
SMHB000037	SMTS00617
SMHB000037	SMTS00619
SMHB000037	SMTS00668
SMHB000037	SMTS00670
SMHB000037	SMTS00688
SMHB000037	SMTS00712
SMHB000037	SMTS00783
SMHB000037	SMTS00816
SMHB000037	SMTS00817
SMHB000037	SMTS00831
SMHB000037	SMTS00867
SMHB000037	SMTS00912
SMHB000037	SMTS00950
SMHB000037	SMTS00951
SMHB000037	SMTS00966
SMHB000037	SMTS00967
SMHB000037	SMTS01025
SMHB000037	SMTS01050
SMHB000037	SMTS01119
SMHB000037	SMTS01121
SMHB000037	SMTS01122
SMHB000037	SMTS01125
SMHB000037	SMTS01126
SMHB000037	SMTS01127
SMHB000037	SMTS01132
SMHB000037	SMTS01133
SMHB000037	SMTS01134
SMHB000037	SMTS01135
SMHB000037	SMTS01288
SMHB000037	SMTS01327
SMHB000037	SMTS01355
SMHB000037	SMTS01362
SMHB000037	SMTS01386
SMHB000037	SMTS01402
SMHB000037	SMTS01407
SMHB000037	SMTS01409
SMHB000037	SMTS01414
SMHB000037	SMTS01424
SMHB000037	SMTS01441
SMHB000037	SMTS01480
SMHB000037	SMTS01490
SMHB000037	SMTS01494
SMHB000037	SMTS01502
SMHB000037	SMTS01606
SMHB000037	SMTS02335
SMHB000037	SMTS02352
SMHB000038	SMTS00038
SMHB000038	SMTS00266
SMHB000038	SMTS00274
SMHB000038	SMTS00394
SMHB000038	SMTS00395
SMHB000038	SMTS00397
SMHB000038	SMTS00400
SMHB000038	SMTS00419
SMHB000038	SMTS00425
SMHB000038	SMTS00435
SMHB000038	SMTS00541
SMHB000038	SMTS00779
SMHB000038	SMTS00836
SMHB000038	SMTS01231
SMHB000038	SMTS01321
SMHB000038	SMTS01453
SMHB000038	SMTS01465
SMHB000038	SMTS01466
SMHB000038	SMTS01467
SMHB000038	SMTS01468
SMHB000038	SMTS01469
SMHB000038	SMTS01476
SMHB000038	SMTS01477
SMHB000038	SMTS01481
SMHB000038	SMTS01484
SMHB000038	SMTS01485
SMHB000038	SMTS01486
SMHB000038	SMTS01492
SMHB000038	SMTS01687
SMHB000038	SMTS01689
SMHB000039	SMTS00004
SMHB000039	SMTS00015
SMHB000039	SMTS00035
SMHB000039	SMTS00075
SMHB000039	SMTS00082
SMHB000039	SMTS00085
SMHB000039	SMTS00107
SMHB000039	SMTS00137
SMHB000039	SMTS00175
SMHB000039	SMTS00191
SMHB000039	SMTS00281
SMHB000039	SMTS00283
SMHB000039	SMTS00284
SMHB000039	SMTS00285
SMHB000039	SMTS00289
SMHB000039	SMTS00292
SMHB000039	SMTS00405
SMHB000039	SMTS00430
SMHB000039	SMTS00470
SMHB000039	SMTS00474
SMHB000039	SMTS00768
SMHB000039	SMTS00800
SMHB000039	SMTS00866
SMHB000039	SMTS00892
SMHB000039	SMTS00931
SMHB000039	SMTS00977
SMHB000039	SMTS00983
SMHB000039	SMTS00984
SMHB000039	SMTS01027
SMHB000039	SMTS01110
SMHB000039	SMTS01182
SMHB000039	SMTS01195
SMHB000039	SMTS01200
SMHB000039	SMTS01298
SMHB000039	SMTS01305
SMHB000039	SMTS01350
SMHB000039	SMTS01443
SMHB000039	SMTS01570
SMHB000039	SMTS01586
SMHB000039	SMTS01608
SMHB000039	SMTS01610
SMHB000039	SMTS01616
SMHB000039	SMTS01618
SMHB000039	SMTS01620
SMHB000039	SMTS01621
SMHB000039	SMTS01622
SMHB000039	SMTS01623
SMHB000039	SMTS01645
SMHB000039	SMTS01646
SMHB000039	SMTS01649
SMHB000039	SMTS01650
SMHB000039	SMTS01651
SMHB000039	SMTS01703
SMHB000039	SMTS01748
SMHB000039	SMTS01813
SMHB000039	SMTS02085
SMHB000039	SMTS02110
SMHB000039	SMTS02277
SMHB000040	SMTS00096
SMHB000040	SMTS00102
SMHB000040	SMTS00558
SMHB000040	SMTS00562
SMHB000040	SMTS00563
SMHB000040	SMTS00564
SMHB000040	SMTS00577
SMHB000040	SMTS00578
SMHB000040	SMTS00579
SMHB000040	SMTS00602
SMHB000040	SMTS00926
SMHB000040	SMTS01087
SMHB000040	SMTS01189
SMHB000040	SMTS01470
SMHB000040	SMTS01472
SMHB000040	SMTS01478
SMHB000040	SMTS01479
SMHB000040	SMTS01493
SMHB000040	SMTS01698
SMHB000041	SMTS00057
SMHB000041	SMTS00096
SMHB000041	SMTS00102
SMHB000041	SMTS00183
SMHB000041	SMTS00201
SMHB000041	SMTS00211
SMHB000041	SMTS00212
SMHB000041	SMTS00213
SMHB000041	SMTS00238
SMHB000041	SMTS00240
SMHB000041	SMTS00380
SMHB000041	SMTS00403
SMHB000041	SMTS00447
SMHB000041	SMTS00506
SMHB000041	SMTS00529
SMHB000041	SMTS00530
SMHB000041	SMTS00531
SMHB000041	SMTS00532
SMHB000041	SMTS00562
SMHB000041	SMTS00563
SMHB000041	SMTS00564
SMHB000041	SMTS00577
SMHB000041	SMTS00578
SMHB000041	SMTS00579
SMHB000041	SMTS00600
SMHB000041	SMTS00605
SMHB000041	SMTS00610
SMHB000041	SMTS00652
SMHB000041	SMTS00653
SMHB000041	SMTS00657
SMHB000041	SMTS00666
SMHB000041	SMTS00667
SMHB000041	SMTS00674
SMHB000041	SMTS00680
SMHB000041	SMTS00682
SMHB000041	SMTS00732
SMHB000041	SMTS00733
SMHB000041	SMTS00808
SMHB000041	SMTS00879
SMHB000041	SMTS00894
SMHB000041	SMTS00911
SMHB000041	SMTS00917
SMHB000041	SMTS00924
SMHB000041	SMTS00926
SMHB000041	SMTS00948
SMHB000041	SMTS00970
SMHB000041	SMTS01028
SMHB000041	SMTS01140
SMHB000041	SMTS01189
SMHB000041	SMTS01260
SMHB000041	SMTS01279
SMHB000041	SMTS01331
SMHB000041	SMTS01333
SMHB000041	SMTS01334
SMHB000041	SMTS01335
SMHB000041	SMTS01349
SMHB000041	SMTS01364
SMHB000041	SMTS01388
SMHB000041	SMTS01548
SMHB000041	SMTS01551
SMHB000041	SMTS01553
SMHB000041	SMTS01554
SMHB000041	SMTS01555
SMHB000041	SMTS01556
SMHB000041	SMTS01562
SMHB000041	SMTS01566
SMHB000041	SMTS01571
SMHB000041	SMTS01707
SMHB000042	SMTS00068
SMHB000042	SMTS00069
SMHB000042	SMTS00253
SMHB000042	SMTS00283
SMHB000042	SMTS00284
SMHB000042	SMTS00289
SMHB000042	SMTS00294
SMHB000042	SMTS00379
SMHB000042	SMTS00518
SMHB000042	SMTS00611
SMHB000042	SMTS00712
SMHB000042	SMTS00755
SMHB000042	SMTS00756
SMHB000042	SMTS00757
SMHB000042	SMTS00800
SMHB000042	SMTS00816
SMHB000042	SMTS00817
SMHB000042	SMTS00828
SMHB000042	SMTS00950
SMHB000042	SMTS00951
SMHB000042	SMTS00983
SMHB000042	SMTS01121
SMHB000042	SMTS01122
SMHB000042	SMTS01125
SMHB000042	SMTS01126
SMHB000042	SMTS01127
SMHB000042	SMTS01132
SMHB000042	SMTS01133
SMHB000042	SMTS01134
SMHB000042	SMTS01135
SMHB000042	SMTS01170
SMHB000042	SMTS01171
SMHB000042	SMTS01175
SMHB000042	SMTS01210
SMHB000042	SMTS01211
SMHB000042	SMTS01298
SMHB000042	SMTS01318
SMHB000042	SMTS01319
SMHB000042	SMTS01336
SMHB000042	SMTS01341
SMHB000042	SMTS01342
SMHB000042	SMTS01343
SMHB000042	SMTS01346
SMHB000042	SMTS01351
SMHB000042	SMTS01360
SMHB000042	SMTS01361
SMHB000042	SMTS01441
SMHB000042	SMTS01457
SMHB000042	SMTS01586
SMHB000043	SMTS00283
SMHB000043	SMTS00284
SMHB000043	SMTS00288
SMHB000043	SMTS00289
SMHB000043	SMTS00294
SMHB000043	SMTS00376
SMHB000043	SMTS00611
SMHB000043	SMTS00729
SMHB000043	SMTS00754
SMHB000043	SMTS00800
SMHB000043	SMTS00983
SMHB000043	SMTS01170
SMHB000043	SMTS01171
SMHB000043	SMTS01175
SMHB000043	SMTS01198
SMHB000043	SMTS01275
SMHB000043	SMTS01298
SMHB000043	SMTS01586
SMHB000044	SMTS00042
SMHB000044	SMTS00044
SMHB000044	SMTS00146
SMHB000044	SMTS00152
SMHB000044	SMTS00153
SMHB000044	SMTS00154
SMHB000044	SMTS00155
SMHB000044	SMTS00171
SMHB000044	SMTS00393
SMHB000044	SMTS00414
SMHB000044	SMTS00435
SMHB000044	SMTS00642
SMHB000044	SMTS01480
SMHB000044	SMTS01593
SMHB000044	SMTS01597
SMHB000044	SMTS01686
SMHB000045	SMTS00172
SMHB000045	SMTS00174
SMHB000045	SMTS00283
SMHB000045	SMTS00284
SMHB000045	SMTS00288
SMHB000045	SMTS00289
SMHB000045	SMTS00776
SMHB000045	SMTS00777
SMHB000045	SMTS00782
SMHB000045	SMTS00800
SMHB000045	SMTS00839
SMHB000045	SMTS00873
SMHB000045	SMTS00978
SMHB000045	SMTS00983
SMHB000045	SMTS01049
SMHB000045	SMTS01270
SMHB000045	SMTS01272
SMHB000045	SMTS01273
SMHB000045	SMTS01280
SMHB000045	SMTS01283
SMHB000045	SMTS01284
SMHB000045	SMTS01298
SMHB000045	SMTS01577
SMHB000045	SMTS01586
SMHB000045	SMTS01985
SMHB000046	SMTS00174
SMHB000046	SMTS00235
SMHB000046	SMTS00236
SMHB000046	SMTS00379
SMHB000046	SMTS00935
SMHB000046	SMTS01013
SMHB000046	SMTS01289
SMHB000046	SMTS01319
SMHB000046	SMTS01812
SMHB000046	SMTS02280
SMHB000046	SMTS02286
SMHB000047	SMTS00001
SMHB000047	SMTS00045
SMHB000047	SMTS00103
SMHB000047	SMTS00149
SMHB000047	SMTS00157
SMHB000047	SMTS00163
SMHB000047	SMTS00180
SMHB000047	SMTS00283
SMHB000047	SMTS00284
SMHB000047	SMTS00288
SMHB000047	SMTS00289
SMHB000047	SMTS00292
SMHB000047	SMTS00293
SMHB000047	SMTS00431
SMHB000047	SMTS00437
SMHB000047	SMTS00452
SMHB000047	SMTS00547
SMHB000047	SMTS00614
SMHB000047	SMTS00800
SMHB000047	SMTS00983
SMHB000047	SMTS01027
SMHB000047	SMTS01050
SMHB000047	SMTS01088
SMHB000047	SMTS01157
SMHB000047	SMTS01175
SMHB000047	SMTS01178
SMHB000047	SMTS01219
SMHB000047	SMTS01227
SMHB000047	SMTS01258
SMHB000047	SMTS01298
SMHB000047	SMTS01321
SMHB000047	SMTS01586
SMHB000047	SMTS01641
SMHB000047	SMTS01642
SMHB000047	SMTS01834
SMHB000047	SMTS02007
SMHB000047	SMTS02134
SMHB000047	SMTS02261
SMHB000048	SMTS00006
SMHB000048	SMTS00024
SMHB000048	SMTS00205
SMHB000048	SMTS00351
SMHB000048	SMTS00359
SMHB000048	SMTS00404
SMHB000048	SMTS00420
SMHB000048	SMTS00421
SMHB000048	SMTS00426
SMHB000048	SMTS00501
SMHB000048	SMTS00517
SMHB000048	SMTS00519
SMHB000048	SMTS00574
SMHB000048	SMTS00591
SMHB000048	SMTS00617
SMHB000048	SMTS00619
SMHB000048	SMTS00652
SMHB000048	SMTS00654
SMHB000048	SMTS00821
SMHB000048	SMTS00874
SMHB000048	SMTS00898
SMHB000048	SMTS00906
SMHB000048	SMTS00910
SMHB000048	SMTS00955
SMHB000048	SMTS01012
SMHB000048	SMTS01025
SMHB000048	SMTS01043
SMHB000048	SMTS01160
SMHB000048	SMTS01327
SMHB000048	SMTS01351
SMHB000048	SMTS01416
SMHB000048	SMTS01490
SMHB000048	SMTS01506
SMHB000048	SMTS01687
SMHB000048	SMTS01698
SMHB000049	SMTS00234
SMHB000049	SMTS00235
SMHB000049	SMTS00236
SMHB000049	SMTS00306
SMHB000049	SMTS00405
SMHB000049	SMTS00431
SMHB000049	SMTS00768
SMHB000049	SMTS00931
SMHB000049	SMTS00935
SMHB000049	SMTS00977
SMHB000049	SMTS00999
SMHB000049	SMTS01013
SMHB000049	SMTS01288
SMHB000049	SMTS01289
SMHB000050	SMTS00036
SMHB000050	SMTS00274
SMHB000050	SMTS00277
SMHB000050	SMTS00340
SMHB000050	SMTS00419
SMHB000050	SMTS00425
SMHB000050	SMTS00470
SMHB000050	SMTS00870
SMHB000050	SMTS00871
SMHB000050	SMTS01110
SMHB000050	SMTS01130
SMHB000050	SMTS01787
SMHB000050	SMTS02161
SMHB000050	SMTS02289
SMHB000050	SMTS02335
SMHB000051	SMTS00026
SMHB000051	SMTS00027
SMHB000051	SMTS00030
SMHB000051	SMTS00032
SMHB000051	SMTS00033
SMHB000051	SMTS00263
SMHB000051	SMTS00277
SMHB000051	SMTS00466
SMHB000051	SMTS00518
SMHB000051	SMTS00631
SMHB000051	SMTS00632
SMHB000051	SMTS00633
SMHB000051	SMTS00636
SMHB000051	SMTS00637
SMHB000051	SMTS00638
SMHB000051	SMTS00639
SMHB000051	SMTS00641
SMHB000051	SMTS00712
SMHB000051	SMTS00816
SMHB000051	SMTS00817
SMHB000051	SMTS00831
SMHB000051	SMTS00869
SMHB000051	SMTS00870
SMHB000051	SMTS00871
SMHB000051	SMTS00950
SMHB000051	SMTS00951
SMHB000051	SMTS00973
SMHB000051	SMTS01010
SMHB000051	SMTS01016
SMHB000051	SMTS01017
SMHB000051	SMTS01031
SMHB000051	SMTS01035
SMHB000051	SMTS01039
SMHB000051	SMTS01106
SMHB000051	SMTS01121
SMHB000051	SMTS01122
SMHB000051	SMTS01125
SMHB000051	SMTS01126
SMHB000051	SMTS01127
SMHB000051	SMTS01130
SMHB000051	SMTS01132
SMHB000051	SMTS01133
SMHB000051	SMTS01134
SMHB000051	SMTS01135
SMHB000051	SMTS01296
SMHB000051	SMTS01422
SMHB000051	SMTS01424
SMHB000051	SMTS01441
SMHB000051	SMTS01564
SMHB000051	SMTS01699
SMHB000051	SMTS01700
SMHB000051	SMTS01711
SMHB000051	SMTS01968
SMHB000051	SMTS02335
SMHB000051	SMTS02364
SMHB000052	SMTS00015
SMHB000052	SMTS00019
SMHB000052	SMTS00038
SMHB000052	SMTS00092
SMHB000052	SMTS00095
SMHB000052	SMTS00142
SMHB000052	SMTS00266
SMHB000052	SMTS00274
SMHB000052	SMTS00283
SMHB000052	SMTS00285
SMHB000052	SMTS00286
SMHB000052	SMTS00292
SMHB000052	SMTS00293
SMHB000052	SMTS00295
SMHB000052	SMTS00306
SMHB000052	SMTS00369
SMHB000052	SMTS00379
SMHB000052	SMTS00414
SMHB000052	SMTS00419
SMHB000052	SMTS00425
SMHB000052	SMTS00452
SMHB000052	SMTS00696
SMHB000052	SMTS00765
SMHB000052	SMTS00793
SMHB000052	SMTS00892
SMHB000052	SMTS00984
SMHB000052	SMTS01027
SMHB000052	SMTS01043
SMHB000052	SMTS01178
SMHB000052	SMTS01182
SMHB000052	SMTS01195
SMHB000052	SMTS01288
SMHB000052	SMTS01299
SMHB000052	SMTS01305
SMHB000052	SMTS01308
SMHB000052	SMTS01318
SMHB000052	SMTS01319
SMHB000052	SMTS01511
SMHB000052	SMTS01550
SMHB000052	SMTS01566
SMHB000052	SMTS01641
SMHB000052	SMTS01817
SMHB000052	SMTS02063
SMHB000053	SMTS00021
SMHB000053	SMTS00064
SMHB000053	SMTS00174
SMHB000053	SMTS00340
SMHB000053	SMTS00341
SMHB000053	SMTS00407
SMHB000053	SMTS00611
SMHB000053	SMTS00726
SMHB000053	SMTS00761
SMHB000053	SMTS01276
SMHB000053	SMTS01520
SMHB000053	SMTS01521
SMHB000053	SMTS01524
SMHB000053	SMTS01525
SMHB000053	SMTS01526
SMHB000053	SMTS01530
SMHB000053	SMTS01838
SMHB000053	SMTS01851
SMHB000053	SMTS02155
SMHB000053	SMTS02191
SMHB000054	SMTS00015
SMHB000054	SMTS00068
SMHB000054	SMTS00069
SMHB000054	SMTS00234
SMHB000054	SMTS00235
SMHB000054	SMTS00236
SMHB000054	SMTS00253
SMHB000054	SMTS00283
SMHB000054	SMTS00284
SMHB000054	SMTS00285
SMHB000054	SMTS00289
SMHB000054	SMTS00292
SMHB000054	SMTS00437
SMHB000054	SMTS00755
SMHB000054	SMTS00756
SMHB000054	SMTS00757
SMHB000054	SMTS00794
SMHB000054	SMTS00800
SMHB000054	SMTS00892
SMHB000054	SMTS00935
SMHB000054	SMTS00983
SMHB000054	SMTS00984
SMHB000054	SMTS01013
SMHB000054	SMTS01175
SMHB000054	SMTS01180
SMHB000054	SMTS01182
SMHB000054	SMTS01195
SMHB000054	SMTS01210
SMHB000054	SMTS01211
SMHB000054	SMTS01229
SMHB000054	SMTS01241
SMHB000054	SMTS01289
SMHB000054	SMTS01298
SMHB000054	SMTS01305
SMHB000054	SMTS01306
SMHB000054	SMTS01586
SMHB000054	SMTS01642
SMHB000054	SMTS01841
SMHB000054	SMTS02007
SMHB000054	SMTS02064
SMHB000055	SMTS00283
SMHB000055	SMTS00284
SMHB000055	SMTS00288
SMHB000055	SMTS00289
SMHB000055	SMTS00356
SMHB000055	SMTS00357
SMHB000055	SMTS00360
SMHB000055	SMTS00361
SMHB000055	SMTS00363
SMHB000055	SMTS00365
SMHB000055	SMTS00368
SMHB000055	SMTS00369
SMHB000055	SMTS00373
SMHB000055	SMTS00376
SMHB000055	SMTS00416
SMHB000055	SMTS00418
SMHB000055	SMTS00611
SMHB000055	SMTS00800
SMHB000055	SMTS00983
SMHB000055	SMTS01095
SMHB000055	SMTS01298
SMHB000055	SMTS01330
SMHB000055	SMTS01336
SMHB000055	SMTS01341
SMHB000055	SMTS01342
SMHB000055	SMTS01343
SMHB000055	SMTS01586
SMHB000055	SMTS01968
SMHB000055	SMTS02354
SMHB000056	SMTS00234
SMHB000056	SMTS00235
SMHB000056	SMTS00236
SMHB000056	SMTS00283
SMHB000056	SMTS00284
SMHB000056	SMTS00288
SMHB000056	SMTS00289
SMHB000056	SMTS00379
SMHB000056	SMTS00518
SMHB000056	SMTS00712
SMHB000056	SMTS00800
SMHB000056	SMTS00816
SMHB000056	SMTS00817
SMHB000056	SMTS00828
SMHB000056	SMTS00833
SMHB000056	SMTS00935
SMHB000056	SMTS00950
SMHB000056	SMTS00951
SMHB000056	SMTS00983
SMHB000056	SMTS01013
SMHB000056	SMTS01121
SMHB000056	SMTS01122
SMHB000056	SMTS01125
SMHB000056	SMTS01126
SMHB000056	SMTS01127
SMHB000056	SMTS01132
SMHB000056	SMTS01133
SMHB000056	SMTS01134
SMHB000056	SMTS01135
SMHB000056	SMTS01289
SMHB000056	SMTS01298
SMHB000056	SMTS01318
SMHB000056	SMTS01319
SMHB000056	SMTS01441
SMHB000056	SMTS01457
SMHB000056	SMTS01586
SMHB000057	SMTS00005
SMHB000057	SMTS00023
SMHB000057	SMTS00048
SMHB000057	SMTS00050
SMHB000057	SMTS00257
SMHB000057	SMTS00330
SMHB000057	SMTS00338
SMHB000057	SMTS00340
SMHB000057	SMTS00388
SMHB000057	SMTS00549
SMHB000057	SMTS00550
SMHB000057	SMTS00551
SMHB000057	SMTS00555
SMHB000057	SMTS00558
SMHB000057	SMTS00660
SMHB000057	SMTS00661
SMHB000057	SMTS00717
SMHB000057	SMTS00752
SMHB000057	SMTS01123
SMHB000057	SMTS01152
SMHB000057	SMTS01158
SMHB000057	SMTS01161
SMHB000057	SMTS01246
SMHB000057	SMTS01425
SMHB000057	SMTS01440
SMHB000057	SMTS01446
SMHB000057	SMTS01675
SMHB000057	SMTS01867
SMHB000057	SMTS01869
SMHB000057	SMTS01972
SMHB000058	SMTS00030
SMHB000058	SMTS00149
SMHB000058	SMTS00163
SMHB000058	SMTS00219
SMHB000058	SMTS00234
SMHB000058	SMTS00235
SMHB000058	SMTS00236
SMHB000058	SMTS00306
SMHB000058	SMTS00314
SMHB000058	SMTS00374
SMHB000058	SMTS00375
SMHB000058	SMTS00389
SMHB000058	SMTS00437
SMHB000058	SMTS00471
SMHB000058	SMTS00474
SMHB000058	SMTS00483
SMHB000058	SMTS00487
SMHB000058	SMTS00491
SMHB000058	SMTS00549
SMHB000058	SMTS00562
SMHB000058	SMTS00571
SMHB000058	SMTS00573
SMHB000058	SMTS00580
SMHB000058	SMTS00582
SMHB000058	SMTS00620
SMHB000058	SMTS00621
SMHB000058	SMTS00668
SMHB000058	SMTS00755
SMHB000058	SMTS00763
SMHB000058	SMTS00795
SMHB000058	SMTS00906
SMHB000058	SMTS00917
SMHB000058	SMTS00924
SMHB000058	SMTS00935
SMHB000058	SMTS00976
SMHB000058	SMTS00983
SMHB000058	SMTS00995
SMHB000058	SMTS00997
SMHB000058	SMTS01013
SMHB000058	SMTS01050
SMHB000058	SMTS01117
SMHB000058	SMTS01133
SMHB000058	SMTS01159
SMHB000058	SMTS01182
SMHB000058	SMTS01219
SMHB000058	SMTS01227
SMHB000058	SMTS01230
SMHB000058	SMTS01241
SMHB000058	SMTS01288
SMHB000058	SMTS01289
SMHB000058	SMTS01311
SMHB000058	SMTS01312
SMHB000058	SMTS01314
SMHB000058	SMTS01315
SMHB000058	SMTS01324
SMHB000058	SMTS01328
SMHB000058	SMTS01365
SMHB000058	SMTS01392
SMHB000058	SMTS01399
SMHB000058	SMTS01402
SMHB000058	SMTS01405
SMHB000058	SMTS01406
SMHB000058	SMTS01407
SMHB000058	SMTS01410
SMHB000058	SMTS01411
SMHB000058	SMTS01413
SMHB000058	SMTS01470
SMHB000058	SMTS01483
SMHB000058	SMTS01491
SMHB000058	SMTS01501
SMHB000058	SMTS01586
SMHB000058	SMTS01606
SMHB000058	SMTS01616
SMHB000058	SMTS01618
SMHB000058	SMTS01620
SMHB000058	SMTS01621
SMHB000058	SMTS01622
SMHB000058	SMTS01623
SMHB000058	SMTS01642
SMHB000058	SMTS01704
SMHB000059	SMTS00016
SMHB000059	SMTS00105
SMHB000059	SMTS00265
SMHB000059	SMTS00277
SMHB000059	SMTS00306
SMHB000059	SMTS00494
SMHB000059	SMTS00495
SMHB000059	SMTS00650
SMHB000059	SMTS00652
SMHB000059	SMTS00654
SMHB000059	SMTS00688
SMHB000059	SMTS00691
SMHB000059	SMTS00785
SMHB000059	SMTS00787
SMHB000059	SMTS00869
SMHB000059	SMTS00870
SMHB000059	SMTS00871
SMHB000059	SMTS00882
SMHB000059	SMTS00965
SMHB000059	SMTS00966
SMHB000059	SMTS00967
SMHB000059	SMTS00968
SMHB000059	SMTS01009
SMHB000059	SMTS01050
SMHB000059	SMTS01130
SMHB000059	SMTS01161
SMHB000059	SMTS01288
SMHB000059	SMTS01357
SMHB000059	SMTS01489
SMHB000059	SMTS01494
SMHB000059	SMTS01502
SMHB000059	SMTS01579
SMHB000059	SMTS01705
SMHB000059	SMTS01708
SMHB000059	SMTS02108
SMHB000059	SMTS02137
SMHB000059	SMTS02335
SMHB000060	SMTS00758
SMHB000060	SMTS01088
SMHB000060	SMTS01148
SMHB000060	SMTS01149
SMHB000060	SMTS01362
SMHB000060	SMTS01380
SMHB000060	SMTS01386
SMHB000060	SMTS01389
SMHB000060	SMTS01414
SMHB000060	SMTS01602
SMHB000060	SMTS02007
SMHB000061	SMTS00118
SMHB000061	SMTS00379
SMHB000061	SMTS00549
SMHB000061	SMTS00550
SMHB000061	SMTS00551
SMHB000061	SMTS00554
SMHB000061	SMTS00555
SMHB000061	SMTS00557
SMHB000061	SMTS00559
SMHB000061	SMTS00739
SMHB000061	SMTS00752
SMHB000061	SMTS00839
SMHB000061	SMTS00873
SMHB000061	SMTS01027
SMHB000061	SMTS01049
SMHB000061	SMTS01056
SMHB000061	SMTS01081
SMHB000061	SMTS01082
SMHB000061	SMTS01148
SMHB000061	SMTS01149
SMHB000061	SMTS01152
SMHB000061	SMTS01280
SMHB000061	SMTS01283
SMHB000061	SMTS01284
SMHB000061	SMTS01318
SMHB000061	SMTS01319
SMHB000061	SMTS01446
SMHB000061	SMTS01599
SMHB000061	SMTS01985
SMHB000061	SMTS02056
SMHB000062	SMTS00016
SMHB000062	SMTS00379
SMHB000062	SMTS00382
SMHB000062	SMTS00506
SMHB000062	SMTS00541
SMHB000062	SMTS00549
SMHB000062	SMTS00550
SMHB000062	SMTS00551
SMHB000062	SMTS00554
SMHB000062	SMTS00555
SMHB000062	SMTS00557
SMHB000062	SMTS00559
SMHB000062	SMTS00688
SMHB000062	SMTS00692
SMHB000062	SMTS00779
SMHB000062	SMTS00823
SMHB000062	SMTS00839
SMHB000062	SMTS00873
SMHB000062	SMTS00906
SMHB000062	SMTS01014
SMHB000062	SMTS01027
SMHB000062	SMTS01049
SMHB000062	SMTS01056
SMHB000062	SMTS01081
SMHB000062	SMTS01082
SMHB000062	SMTS01148
SMHB000062	SMTS01149
SMHB000062	SMTS01231
SMHB000062	SMTS01280
SMHB000062	SMTS01283
SMHB000062	SMTS01284
SMHB000062	SMTS01318
SMHB000062	SMTS01319
SMHB000062	SMTS01453
SMHB000062	SMTS01502
SMHB000062	SMTS01513
SMHB000062	SMTS01526
SMHB000062	SMTS01641
SMHB000062	SMTS01687
SMHB000062	SMTS01689
SMHB000062	SMTS01690
SMHB000062	SMTS01717
SMHB000062	SMTS01943
SMHB000062	SMTS01985
SMHB000062	SMTS02056
SMHB000062	SMTS02100
SMHB000062	SMTS02102
SMHB000063	SMTS00001
SMHB000063	SMTS00015
SMHB000063	SMTS00062
SMHB000063	SMTS00068
SMHB000063	SMTS00069
SMHB000063	SMTS00113
SMHB000063	SMTS00216
SMHB000063	SMTS00253
SMHB000063	SMTS00283
SMHB000063	SMTS00284
SMHB000063	SMTS00285
SMHB000063	SMTS00288
SMHB000063	SMTS00289
SMHB000063	SMTS00292
SMHB000063	SMTS00299
SMHB000063	SMTS00309
SMHB000063	SMTS00404
SMHB000063	SMTS00490
SMHB000063	SMTS00501
SMHB000063	SMTS00591
SMHB000063	SMTS00718
SMHB000063	SMTS00755
SMHB000063	SMTS00756
SMHB000063	SMTS00757
SMHB000063	SMTS00794
SMHB000063	SMTS00800
SMHB000063	SMTS00803
SMHB000063	SMTS00805
SMHB000063	SMTS00808
SMHB000063	SMTS00811
SMHB000063	SMTS00867
SMHB000063	SMTS00892
SMHB000063	SMTS00944
SMHB000063	SMTS00970
SMHB000063	SMTS00983
SMHB000063	SMTS00984
SMHB000063	SMTS01180
SMHB000063	SMTS01182
SMHB000063	SMTS01195
SMHB000063	SMTS01198
SMHB000063	SMTS01210
SMHB000063	SMTS01211
SMHB000063	SMTS01241
SMHB000063	SMTS01298
SMHB000063	SMTS01300
SMHB000063	SMTS01305
SMHB000063	SMTS01306
SMHB000063	SMTS01333
SMHB000063	SMTS01336
SMHB000063	SMTS01362
SMHB000063	SMTS01365
SMHB000063	SMTS01369
SMHB000063	SMTS01370
SMHB000063	SMTS01372
SMHB000063	SMTS01373
SMHB000063	SMTS01374
SMHB000063	SMTS01375
SMHB000063	SMTS01378
SMHB000063	SMTS01384
SMHB000063	SMTS01386
SMHB000063	SMTS01387
SMHB000063	SMTS01391
SMHB000063	SMTS01392
SMHB000063	SMTS01401
SMHB000063	SMTS01413
SMHB000063	SMTS01414
SMHB000063	SMTS01416
SMHB000063	SMTS01586
SMHB000063	SMTS01642
SMHB000063	SMTS01789
SMHB000063	SMTS02204
SMHB000064	SMTS00015
SMHB000064	SMTS00065
SMHB000064	SMTS00095
SMHB000064	SMTS00255
SMHB000064	SMTS00283
SMHB000064	SMTS00285
SMHB000064	SMTS00286
SMHB000064	SMTS00292
SMHB000064	SMTS00293
SMHB000064	SMTS00295
SMHB000064	SMTS00314
SMHB000064	SMTS00381
SMHB000064	SMTS00437
SMHB000064	SMTS00471
SMHB000064	SMTS00483
SMHB000064	SMTS00487
SMHB000064	SMTS00492
SMHB000064	SMTS00547
SMHB000064	SMTS00549
SMHB000064	SMTS00550
SMHB000064	SMTS00551
SMHB000064	SMTS00552
SMHB000064	SMTS00553
SMHB000064	SMTS00555
SMHB000064	SMTS00569
SMHB000064	SMTS00674
SMHB000064	SMTS00706
SMHB000064	SMTS00709
SMHB000064	SMTS00754
SMHB000064	SMTS00793
SMHB000064	SMTS00892
SMHB000064	SMTS00896
SMHB000064	SMTS00984
SMHB000064	SMTS00990
SMHB000064	SMTS00996
SMHB000064	SMTS01063
SMHB000064	SMTS01065
SMHB000064	SMTS01066
SMHB000064	SMTS01067
SMHB000064	SMTS01068
SMHB000064	SMTS01085
SMHB000064	SMTS01109
SMHB000064	SMTS01150
SMHB000064	SMTS01178
SMHB000064	SMTS01182
SMHB000064	SMTS01195
SMHB000064	SMTS01219
SMHB000064	SMTS01227
SMHB000064	SMTS01299
SMHB000064	SMTS01305
SMHB000064	SMTS01308
SMHB000064	SMTS01502
SMHB000064	SMTS01514
SMHB000064	SMTS01584
SMHB000064	SMTS01641
SMHB000065	SMTS00016
SMHB000065	SMTS00024
SMHB000065	SMTS00035
SMHB000065	SMTS00121
SMHB000065	SMTS00128
SMHB000065	SMTS00149
SMHB000065	SMTS00163
SMHB000065	SMTS00205
SMHB000065	SMTS00230
SMHB000065	SMTS00280
SMHB000065	SMTS00281
SMHB000065	SMTS00283
SMHB000065	SMTS00284
SMHB000065	SMTS00288
SMHB000065	SMTS00289
SMHB000065	SMTS00382
SMHB000065	SMTS00414
SMHB000065	SMTS00437
SMHB000065	SMTS00470
SMHB000065	SMTS00471
SMHB000065	SMTS00473
SMHB000065	SMTS00483
SMHB000065	SMTS00487
SMHB000065	SMTS00493
SMHB000065	SMTS00501
SMHB000065	SMTS00541
SMHB000065	SMTS00570
SMHB000065	SMTS00600
SMHB000065	SMTS00620
SMHB000065	SMTS00621
SMHB000065	SMTS00628
SMHB000065	SMTS00651
SMHB000065	SMTS00652
SMHB000065	SMTS00654
SMHB000065	SMTS00657
SMHB000065	SMTS00680
SMHB000065	SMTS00688
SMHB000065	SMTS00692
SMHB000065	SMTS00752
SMHB000065	SMTS00779
SMHB000065	SMTS00785
SMHB000065	SMTS00786
SMHB000065	SMTS00787
SMHB000065	SMTS00800
SMHB000065	SMTS00866
SMHB000065	SMTS00876
SMHB000065	SMTS00893
SMHB000065	SMTS00903
SMHB000065	SMTS00906
SMHB000065	SMTS00916
SMHB000065	SMTS00923
SMHB000065	SMTS00925
SMHB000065	SMTS00929
SMHB000065	SMTS00983
SMHB000065	SMTS01050
SMHB000065	SMTS01110
SMHB000065	SMTS01116
SMHB000065	SMTS01117
SMHB000065	SMTS01119
SMHB000065	SMTS01152
SMHB000065	SMTS01162
SMHB000065	SMTS01231
SMHB000065	SMTS01298
SMHB000065	SMTS01311
SMHB000065	SMTS01312
SMHB000065	SMTS01314
SMHB000065	SMTS01315
SMHB000065	SMTS01316
SMHB000065	SMTS01349
SMHB000065	SMTS01364
SMHB000065	SMTS01388
SMHB000065	SMTS01416
SMHB000065	SMTS01417
SMHB000065	SMTS01453
SMHB000065	SMTS01502
SMHB000065	SMTS01513
SMHB000065	SMTS01526
SMHB000065	SMTS01571
SMHB000065	SMTS01586
SMHB000065	SMTS01599
SMHB000065	SMTS01600
SMHB000065	SMTS01645
SMHB000065	SMTS01646
SMHB000065	SMTS01647
SMHB000065	SMTS01649
SMHB000065	SMTS01687
SMHB000065	SMTS01689
SMHB000065	SMTS02100
SMHB000065	SMTS02102
SMHB000065	SMTS02284
SMHB000066	SMTS00118
SMHB000066	SMTS00278
SMHB000066	SMTS00283
SMHB000066	SMTS00284
SMHB000066	SMTS00288
SMHB000066	SMTS00289
SMHB000066	SMTS00405
SMHB000066	SMTS00452
SMHB000066	SMTS00453
SMHB000066	SMTS00721
SMHB000066	SMTS00727
SMHB000066	SMTS00735
SMHB000066	SMTS00743
SMHB000066	SMTS00744
SMHB000066	SMTS00768
SMHB000066	SMTS00800
SMHB000066	SMTS00931
SMHB000066	SMTS00977
SMHB000066	SMTS00983
SMHB000066	SMTS01014
SMHB000066	SMTS01027
SMHB000066	SMTS01298
SMHB000066	SMTS01586
SMHB000066	SMTS01599
SMHB000066	SMTS01641
SMHB000066	SMTS01662
SMHB000066	SMTS01690
SMHB000066	SMTS01717
SMHB000066	SMTS01943
SMHB000066	SMTS02156
SMHB000066	SMTS02324
SMHB000067	SMTS00016
SMHB000067	SMTS00086
SMHB000067	SMTS00280
SMHB000067	SMTS00470
SMHB000067	SMTS00473
SMHB000067	SMTS00474
SMHB000067	SMTS00688
SMHB000067	SMTS00691
SMHB000067	SMTS01110
SMHB000067	SMTS01116
SMHB000067	SMTS01124
SMHB000067	SMTS01138
SMHB000067	SMTS01140
SMHB000067	SMTS01142
SMHB000067	SMTS01143
SMHB000067	SMTS01144
SMHB000067	SMTS01241
SMHB000067	SMTS01616
SMHB000067	SMTS01618
SMHB000067	SMTS01620
SMHB000067	SMTS01621
SMHB000067	SMTS01622
SMHB000067	SMTS01623
SMHB000067	SMTS01642
SMHB000067	SMTS02137
SMHB000068	SMTS00067
SMHB000068	SMTS00274
SMHB000068	SMTS00419
SMHB000068	SMTS00425
SMHB000068	SMTS00436
SMHB000068	SMTS00518
SMHB000068	SMTS00712
SMHB000068	SMTS00776
SMHB000068	SMTS00816
SMHB000068	SMTS00817
SMHB000068	SMTS00950
SMHB000068	SMTS00951
SMHB000068	SMTS01121
SMHB000068	SMTS01122
SMHB000068	SMTS01125
SMHB000068	SMTS01126
SMHB000068	SMTS01127
SMHB000068	SMTS01132
SMHB000068	SMTS01134
SMHB000068	SMTS01135
SMHB000068	SMTS01441
SMHB000068	SMTS01595
SMHB000068	SMTS01692
SMHB000068	SMTS01967
SMHB000068	SMTS02007
SMHB000068	SMTS02035
SMHB000068	SMTS02348
SMHB000069	SMTS00520
SMHB000069	SMTS00606
SMHB000069	SMTS00696
SMHB000069	SMTS00699
SMHB000069	SMTS00700
SMHB000069	SMTS01014
SMHB000069	SMTS01027
SMHB000069	SMTS01124
SMHB000069	SMTS01138
SMHB000069	SMTS01140
SMHB000069	SMTS01142
SMHB000069	SMTS01153
SMHB000069	SMTS01155
SMHB000069	SMTS01431
SMHB000069	SMTS01533
SMHB000069	SMTS01540
SMHB000069	SMTS01542
SMHB000069	SMTS01627
SMHB000069	SMTS01641
SMHB000069	SMTS01690
SMHB000069	SMTS01717
SMHB000069	SMTS01943
SMHB000069	SMTS02231
SMHB000069	SMTS02244
SMHB000069	SMTS02342
SMHB000070	SMTS00024
SMHB000070	SMTS00205
SMHB000070	SMTS00255
SMHB000070	SMTS00258
SMHB000070	SMTS00309
SMHB000070	SMTS00558
SMHB000070	SMTS00591
SMHB000070	SMTS00602
SMHB000070	SMTS00642
SMHB000070	SMTS00857
SMHB000070	SMTS00858
SMHB000070	SMTS00897
SMHB000070	SMTS01083
SMHB000070	SMTS01087
SMHB000070	SMTS01092
SMHB000070	SMTS01424
SMHB000070	SMTS01431
SMHB000070	SMTS01627
SMHB000070	SMTS01633
SMHB000070	SMTS01636
SMHB000070	SMTS02306
SMHB000071	SMTS00174
SMHB000071	SMTS00977
SMHB000071	SMTS01949
SMHB000071	SMTS01962
SMHB000071	SMTS02043
SMHB000071	SMTS02095
SMHB000071	SMTS02159
SMHB000071	SMTS02160
SMHB000071	SMTS02280
SMHB000071	SMTS02304
SMHB000071	SMTS02308
SMHB000072	SMTS00015
SMHB000072	SMTS00096
SMHB000072	SMTS00102
SMHB000072	SMTS00283
SMHB000072	SMTS00284
SMHB000072	SMTS00285
SMHB000072	SMTS00288
SMHB000072	SMTS00289
SMHB000072	SMTS00292
SMHB000072	SMTS00491
SMHB000072	SMTS00620
SMHB000072	SMTS00621
SMHB000072	SMTS00800
SMHB000072	SMTS00878
SMHB000072	SMTS00892
SMHB000072	SMTS00926
SMHB000072	SMTS00983
SMHB000072	SMTS00984
SMHB000072	SMTS01175
SMHB000072	SMTS01180
SMHB000072	SMTS01182
SMHB000072	SMTS01195
SMHB000072	SMTS01241
SMHB000072	SMTS01298
SMHB000072	SMTS01305
SMHB000072	SMTS01306
SMHB000072	SMTS01311
SMHB000072	SMTS01312
SMHB000072	SMTS01314
SMHB000072	SMTS01315
SMHB000072	SMTS01365
SMHB000072	SMTS01392
SMHB000072	SMTS01405
SMHB000072	SMTS01406
SMHB000072	SMTS01407
SMHB000072	SMTS01410
SMHB000072	SMTS01411
SMHB000072	SMTS01413
SMHB000072	SMTS01586
SMHB000072	SMTS01606
SMHB000072	SMTS01642
SMHB000072	SMTS01698
SMHB000072	SMTS02003
SMHB000073	SMTS00038
SMHB000073	SMTS00470
SMHB000073	SMTS00565
SMHB000073	SMTS00568
SMHB000073	SMTS00581
SMHB000073	SMTS00583
SMHB000073	SMTS00584
SMHB000073	SMTS00585
SMHB000073	SMTS00587
SMHB000073	SMTS00590
SMHB000073	SMTS00624
SMHB000073	SMTS00626
SMHB000073	SMTS00721
SMHB000073	SMTS00727
SMHB000073	SMTS00735
SMHB000073	SMTS00743
SMHB000073	SMTS00744
SMHB000073	SMTS00840
SMHB000073	SMTS00855
SMHB000073	SMTS00915
SMHB000073	SMTS00977
SMHB000073	SMTS01027
SMHB000073	SMTS01110
SMHB000073	SMTS01324
SMHB000073	SMTS01326
SMHB000074	SMTS00014
SMHB000074	SMTS00035
SMHB000074	SMTS00038
SMHB000074	SMTS00266
SMHB000074	SMTS00274
SMHB000074	SMTS00281
SMHB000074	SMTS00382
SMHB000074	SMTS00419
SMHB000074	SMTS00425
SMHB000074	SMTS00466
SMHB000074	SMTS00470
SMHB000074	SMTS00742
SMHB000074	SMTS00866
SMHB000074	SMTS00906
SMHB000074	SMTS01029
SMHB000074	SMTS01110
SMHB000074	SMTS01115
SMHB000074	SMTS01119
SMHB000074	SMTS01357
SMHB000074	SMTS01443
SMHB000074	SMTS01645
SMHB000074	SMTS01646
SMHB000074	SMTS01649
SMHB000074	SMTS01714
SMHB000074	SMTS02113
SMHB000074	SMTS02282
SMHB000074	SMTS02284
SMHB000075	SMTS00394
SMHB000075	SMTS00395
SMHB000075	SMTS00397
SMHB000075	SMTS00400
SMHB000075	SMTS00435
SMHB000075	SMTS00541
SMHB000075	SMTS00548
SMHB000075	SMTS00549
SMHB000075	SMTS00550
SMHB000075	SMTS00551
SMHB000075	SMTS00555
SMHB000075	SMTS00718
SMHB000075	SMTS00779
SMHB000075	SMTS00803
SMHB000075	SMTS00804
SMHB000075	SMTS00805
SMHB000075	SMTS00811
SMHB000075	SMTS01082
SMHB000075	SMTS01086
SMHB000075	SMTS01231
SMHB000075	SMTS01453
SMHB000075	SMTS01465
SMHB000075	SMTS01466
SMHB000075	SMTS01467
SMHB000075	SMTS01468
SMHB000075	SMTS01469
SMHB000075	SMTS01476
SMHB000075	SMTS01477
SMHB000075	SMTS01481
SMHB000075	SMTS01484
SMHB000075	SMTS01485
SMHB000075	SMTS01486
SMHB000075	SMTS01492
SMHB000075	SMTS01687
SMHB000075	SMTS01689
SMHB000076	SMTS00142
SMHB000076	SMTS00283
SMHB000076	SMTS00284
SMHB000076	SMTS00289
SMHB000076	SMTS00356
SMHB000076	SMTS00357
SMHB000076	SMTS00360
SMHB000076	SMTS00361
SMHB000076	SMTS00363
SMHB000076	SMTS00365
SMHB000076	SMTS00368
SMHB000076	SMTS00369
SMHB000076	SMTS00373
SMHB000076	SMTS00376
SMHB000076	SMTS00611
SMHB000076	SMTS00800
SMHB000076	SMTS00983
SMHB000076	SMTS01095
SMHB000076	SMTS01298
SMHB000076	SMTS01330
SMHB000076	SMTS01336
SMHB000076	SMTS01341
SMHB000076	SMTS01342
SMHB000076	SMTS01343
SMHB000076	SMTS01586
SMHB000076	SMTS01968
SMHB000077	SMTS00010
SMHB000077	SMTS00030
SMHB000077	SMTS00038
SMHB000077	SMTS00081
SMHB000077	SMTS00086
SMHB000077	SMTS00139
SMHB000077	SMTS00141
SMHB000077	SMTS00196
SMHB000077	SMTS00213
SMHB000077	SMTS00219
SMHB000077	SMTS00232
SMHB000077	SMTS00234
SMHB000077	SMTS00266
SMHB000077	SMTS00274
SMHB000077	SMTS00280
SMHB000077	SMTS00281
SMHB000077	SMTS00283
SMHB000077	SMTS00284
SMHB000077	SMTS00288
SMHB000077	SMTS00289
SMHB000077	SMTS00359
SMHB000077	SMTS00414
SMHB000077	SMTS00419
SMHB000077	SMTS00425
SMHB000077	SMTS00437
SMHB000077	SMTS00470
SMHB000077	SMTS00473
SMHB000077	SMTS00474
SMHB000077	SMTS00475
SMHB000077	SMTS00488
SMHB000077	SMTS00492
SMHB000077	SMTS00501
SMHB000077	SMTS00506
SMHB000077	SMTS00516
SMHB000077	SMTS00517
SMHB000077	SMTS00518
SMHB000077	SMTS00541
SMHB000077	SMTS00574
SMHB000077	SMTS00591
SMHB000077	SMTS00599
SMHB000077	SMTS00620
SMHB000077	SMTS00621
SMHB000077	SMTS00645
SMHB000077	SMTS00647
SMHB000077	SMTS00662
SMHB000077	SMTS00663
SMHB000077	SMTS00680
SMHB000077	SMTS00712
SMHB000077	SMTS00779
SMHB000077	SMTS00796
SMHB000077	SMTS00800
SMHB000077	SMTS00816
SMHB000077	SMTS00817
SMHB000077	SMTS00823
SMHB000077	SMTS00867
SMHB000077	SMTS00898
SMHB000077	SMTS00922
SMHB000077	SMTS00950
SMHB000077	SMTS00951
SMHB000077	SMTS00955
SMHB000077	SMTS00962
SMHB000077	SMTS00983
SMHB000077	SMTS01110
SMHB000077	SMTS01113
SMHB000077	SMTS01115
SMHB000077	SMTS01116
SMHB000077	SMTS01119
SMHB000077	SMTS01121
SMHB000077	SMTS01122
SMHB000077	SMTS01125
SMHB000077	SMTS01126
SMHB000077	SMTS01127
SMHB000077	SMTS01132
SMHB000077	SMTS01133
SMHB000077	SMTS01134
SMHB000077	SMTS01135
SMHB000077	SMTS01143
SMHB000077	SMTS01231
SMHB000077	SMTS01240
SMHB000077	SMTS01298
SMHB000077	SMTS01311
SMHB000077	SMTS01312
SMHB000077	SMTS01314
SMHB000077	SMTS01315
SMHB000077	SMTS01336
SMHB000077	SMTS01341
SMHB000077	SMTS01342
SMHB000077	SMTS01343
SMHB000077	SMTS01346
SMHB000077	SMTS01360
SMHB000077	SMTS01361
SMHB000077	SMTS01365
SMHB000077	SMTS01392
SMHB000077	SMTS01397
SMHB000077	SMTS01400
SMHB000077	SMTS01405
SMHB000077	SMTS01406
SMHB000077	SMTS01411
SMHB000077	SMTS01416
SMHB000077	SMTS01423
SMHB000077	SMTS01439
SMHB000077	SMTS01441
SMHB000077	SMTS01453
SMHB000077	SMTS01586
SMHB000077	SMTS01607
SMHB000077	SMTS01610
SMHB000077	SMTS01616
SMHB000077	SMTS01618
SMHB000077	SMTS01620
SMHB000077	SMTS01621
SMHB000077	SMTS01622
SMHB000077	SMTS01623
SMHB000077	SMTS01630
SMHB000077	SMTS01645
SMHB000077	SMTS01646
SMHB000077	SMTS01647
SMHB000077	SMTS01649
SMHB000077	SMTS01659
SMHB000077	SMTS01687
SMHB000077	SMTS01689
SMHB000078	SMTS00035
SMHB000078	SMTS00037
SMHB000078	SMTS00071
SMHB000078	SMTS00344
SMHB000078	SMTS00352
SMHB000078	SMTS00371
SMHB000078	SMTS00373
SMHB000078	SMTS00548
SMHB000078	SMTS00549
SMHB000078	SMTS00550
SMHB000078	SMTS00551
SMHB000078	SMTS00555
SMHB000078	SMTS00647
SMHB000078	SMTS00718
SMHB000078	SMTS00803
SMHB000078	SMTS00804
SMHB000078	SMTS00805
SMHB000078	SMTS00811
SMHB000078	SMTS00866
SMHB000078	SMTS00877
SMHB000078	SMTS01014
SMHB000078	SMTS01690
SMHB000078	SMTS01717
SMHB000078	SMTS01767
SMHB000078	SMTS01969
SMHB000078	SMTS02027
SMHB000078	SMTS02284
SMHB000078	SMTS02297
SMHB000078	SMTS02326
SMHB000078	SMTS02338
SMHB000079	SMTS00104
SMHB000079	SMTS00128
SMHB000079	SMTS00184
SMHB000079	SMTS00203
SMHB000079	SMTS00207
SMHB000079	SMTS00234
SMHB000079	SMTS00235
SMHB000079	SMTS00236
SMHB000079	SMTS00306
SMHB000079	SMTS00379
SMHB000079	SMTS00394
SMHB000079	SMTS00395
SMHB000079	SMTS00397
SMHB000079	SMTS00400
SMHB000079	SMTS00435
SMHB000079	SMTS00541
SMHB000079	SMTS00565
SMHB000079	SMTS00568
SMHB000079	SMTS00581
SMHB000079	SMTS00583
SMHB000079	SMTS00584
SMHB000079	SMTS00585
SMHB000079	SMTS00587
SMHB000079	SMTS00590
SMHB000079	SMTS00602
SMHB000079	SMTS00615
SMHB000079	SMTS00779
SMHB000079	SMTS00839
SMHB000079	SMTS00873
SMHB000079	SMTS00915
SMHB000079	SMTS00930
SMHB000079	SMTS00935
SMHB000079	SMTS01013
SMHB000079	SMTS01049
SMHB000079	SMTS01231
SMHB000079	SMTS01280
SMHB000079	SMTS01283
SMHB000079	SMTS01284
SMHB000079	SMTS01288
SMHB000079	SMTS01289
SMHB000079	SMTS01318
SMHB000079	SMTS01319
SMHB000079	SMTS01321
SMHB000079	SMTS01453
SMHB000079	SMTS01465
SMHB000079	SMTS01466
SMHB000079	SMTS01467
SMHB000079	SMTS01468
SMHB000079	SMTS01469
SMHB000079	SMTS01476
SMHB000079	SMTS01477
SMHB000079	SMTS01481
SMHB000079	SMTS01484
SMHB000079	SMTS01485
SMHB000079	SMTS01486
SMHB000079	SMTS01492
SMHB000079	SMTS01523
SMHB000079	SMTS01599
SMHB000079	SMTS01600
SMHB000079	SMTS01687
SMHB000079	SMTS01689
SMHB000079	SMTS01985
SMHB000080	SMTS00128
SMHB000080	SMTS00405
SMHB000080	SMTS00762
SMHB000080	SMTS00768
SMHB000080	SMTS00931
SMHB000080	SMTS00977
SMHB000080	SMTS01265
SMHB000080	SMTS01266
SMHB000080	SMTS01267
SMHB000080	SMTS01269
SMHB000080	SMTS01599
SMHB000080	SMTS01600
SMHB000081	SMTS00002
SMHB000081	SMTS00023
SMHB000081	SMTS00048
SMHB000081	SMTS00050
SMHB000081	SMTS00174
SMHB000081	SMTS00340
SMHB000081	SMTS00388
SMHB000081	SMTS00526
SMHB000081	SMTS00527
SMHB000081	SMTS00531
SMHB000081	SMTS00533
SMHB000081	SMTS00717
SMHB000081	SMTS00977
SMHB000081	SMTS01321
SMHB000081	SMTS01440
SMHB000081	SMTS01867
SMHB000081	SMTS01870
SMHB000081	SMTS01871
SMHB000081	SMTS01972
SMHB000081	SMTS02280
SMHB000082	SMTS00283
SMHB000082	SMTS00284
SMHB000082	SMTS00289
SMHB000082	SMTS00800
SMHB000082	SMTS00983
SMHB000082	SMTS01139
SMHB000082	SMTS01288
SMHB000082	SMTS01298
SMHB000082	SMTS01586
SMHB000082	SMTS01686
SMHB000082	SMTS01740
SMHB000082	SMTS01903
SMHB000082	SMTS02022
SMHB000082	SMTS02023
SMHB000082	SMTS02252
SMHB000082	SMTS02305
SMHB000083	SMTS01161
SMHB000083	SMTS01933
SMHB000083	SMTS02049
SMHB000083	SMTS02291
SMHB000083	SMTS02355
SMHB000084	SMTS00015
SMHB000084	SMTS00095
SMHB000084	SMTS00144
SMHB000084	SMTS00145
SMHB000084	SMTS00146
SMHB000084	SMTS00158
SMHB000084	SMTS00159
SMHB000084	SMTS00278
SMHB000084	SMTS00283
SMHB000084	SMTS00285
SMHB000084	SMTS00292
SMHB000084	SMTS00381
SMHB000084	SMTS00452
SMHB000084	SMTS00453
SMHB000084	SMTS00720
SMHB000084	SMTS00762
SMHB000084	SMTS00793
SMHB000084	SMTS00892
SMHB000084	SMTS00984
SMHB000084	SMTS01014
SMHB000084	SMTS01027
SMHB000084	SMTS01179
SMHB000084	SMTS01181
SMHB000084	SMTS01182
SMHB000084	SMTS01195
SMHB000084	SMTS01265
SMHB000084	SMTS01266
SMHB000084	SMTS01267
SMHB000084	SMTS01269
SMHB000084	SMTS01305
SMHB000084	SMTS01320
SMHB000084	SMTS01641
SMHB000084	SMTS01662
SMHB000084	SMTS01690
SMHB000084	SMTS01717
SMHB000084	SMTS01943
SMHB000085	SMTS00016
SMHB000085	SMTS00035
SMHB000085	SMTS00036
SMHB000085	SMTS00045
SMHB000085	SMTS00093
SMHB000085	SMTS00107
SMHB000085	SMTS00128
SMHB000085	SMTS00149
SMHB000085	SMTS00163
SMHB000085	SMTS00171
SMHB000085	SMTS00180
SMHB000085	SMTS00191
SMHB000085	SMTS00205
SMHB000085	SMTS00283
SMHB000085	SMTS00284
SMHB000085	SMTS00288
SMHB000085	SMTS00289
SMHB000085	SMTS00359
SMHB000085	SMTS00404
SMHB000085	SMTS00414
SMHB000085	SMTS00431
SMHB000085	SMTS00470
SMHB000085	SMTS00517
SMHB000085	SMTS00547
SMHB000085	SMTS00562
SMHB000085	SMTS00571
SMHB000085	SMTS00577
SMHB000085	SMTS00595
SMHB000085	SMTS00615
SMHB000085	SMTS00617
SMHB000085	SMTS00619
SMHB000085	SMTS00624
SMHB000085	SMTS00626
SMHB000085	SMTS00668
SMHB000085	SMTS00670
SMHB000085	SMTS00688
SMHB000085	SMTS00701
SMHB000085	SMTS00721
SMHB000085	SMTS00727
SMHB000085	SMTS00735
SMHB000085	SMTS00743
SMHB000085	SMTS00744
SMHB000085	SMTS00752
SMHB000085	SMTS00783
SMHB000085	SMTS00800
SMHB000085	SMTS00822
SMHB000085	SMTS00824
SMHB000085	SMTS00838
SMHB000085	SMTS00840
SMHB000085	SMTS00866
SMHB000085	SMTS00885
SMHB000085	SMTS00893
SMHB000085	SMTS00904
SMHB000085	SMTS00912
SMHB000085	SMTS00957
SMHB000085	SMTS00966
SMHB000085	SMTS00967
SMHB000085	SMTS00977
SMHB000085	SMTS00983
SMHB000085	SMTS01025
SMHB000085	SMTS01027
SMHB000085	SMTS01043
SMHB000085	SMTS01050
SMHB000085	SMTS01110
SMHB000085	SMTS01112
SMHB000085	SMTS01115
SMHB000085	SMTS01119
SMHB000085	SMTS01120
SMHB000085	SMTS01133
SMHB000085	SMTS01147
SMHB000085	SMTS01152
SMHB000085	SMTS01160
SMHB000085	SMTS01193
SMHB000085	SMTS01291
SMHB000085	SMTS01298
SMHB000085	SMTS01324
SMHB000085	SMTS01390
SMHB000085	SMTS01446
SMHB000085	SMTS01447
SMHB000085	SMTS01468
SMHB000085	SMTS01494
SMHB000085	SMTS01502
SMHB000085	SMTS01566
SMHB000085	SMTS01586
SMHB000085	SMTS01590
SMHB000085	SMTS01599
SMHB000085	SMTS01600
SMHB000085	SMTS01608
SMHB000085	SMTS01610
SMHB000085	SMTS01646
SMHB000085	SMTS01687
SMHB000085	SMTS01750
SMHB000085	SMTS01800
SMHB000085	SMTS01837
SMHB000085	SMTS01974
SMHB000085	SMTS01979
SMHB000085	SMTS01980
SMHB000085	SMTS01981
SMHB000085	SMTS01996
SMHB000085	SMTS02156
SMHB000085	SMTS02360
SMHB000086	SMTS00023
SMHB000086	SMTS00048
SMHB000086	SMTS00050
SMHB000086	SMTS00107
SMHB000086	SMTS00118
SMHB000086	SMTS00137
SMHB000086	SMTS00340
SMHB000086	SMTS00388
SMHB000086	SMTS00717
SMHB000086	SMTS00742
SMHB000086	SMTS00752
SMHB000086	SMTS01152
SMHB000086	SMTS01200
SMHB000086	SMTS01440
SMHB000086	SMTS01570
SMHB000086	SMTS01599
SMHB000086	SMTS01650
SMHB000086	SMTS01651
SMHB000086	SMTS01703
SMHB000086	SMTS01813
SMHB000086	SMTS01867
SMHB000086	SMTS01972
SMHB000087	SMTS00121
SMHB000087	SMTS00178
SMHB000087	SMTS00228
SMHB000087	SMTS00230
SMHB000087	SMTS00234
SMHB000087	SMTS00239
SMHB000087	SMTS00317
SMHB000087	SMTS00318
SMHB000087	SMTS00320
SMHB000087	SMTS00323
SMHB000087	SMTS00324
SMHB000087	SMTS00389
SMHB000087	SMTS00392
SMHB000087	SMTS00393
SMHB000087	SMTS00405
SMHB000087	SMTS00435
SMHB000087	SMTS00582
SMHB000087	SMTS00617
SMHB000087	SMTS00618
SMHB000087	SMTS00619
SMHB000087	SMTS00785
SMHB000087	SMTS00787
SMHB000087	SMTS00868
SMHB000087	SMTS00944
SMHB000087	SMTS00956
SMHB000087	SMTS00959
SMHB000087	SMTS00960
SMHB000087	SMTS00961
SMHB000087	SMTS00976
SMHB000087	SMTS01133
SMHB000087	SMTS01164
SMHB000087	SMTS01316
SMHB000087	SMTS01480
SMHB000087	SMTS01501
SMHB000087	SMTS01599
SMHB000087	SMTS01638
SMHB000087	SMTS01687
SMHB000087	SMTS01960
SMHB000088	SMTS00128
SMHB000088	SMTS00207
SMHB000088	SMTS00254
SMHB000088	SMTS00379
SMHB000088	SMTS00457
SMHB000088	SMTS00615
SMHB000088	SMTS00801
SMHB000088	SMTS01318
SMHB000088	SMTS01319
SMHB000088	SMTS01599
SMHB000088	SMTS01600
SMHB000088	SMTS02018
SMHB000089	SMTS00038
SMHB000089	SMTS00128
SMHB000089	SMTS00266
SMHB000089	SMTS00274
SMHB000089	SMTS00280
SMHB000089	SMTS00283
SMHB000089	SMTS00284
SMHB000089	SMTS00288
SMHB000089	SMTS00289
SMHB000089	SMTS00419
SMHB000089	SMTS00425
SMHB000089	SMTS00470
SMHB000089	SMTS00473
SMHB000089	SMTS00541
SMHB000089	SMTS00779
SMHB000089	SMTS00800
SMHB000089	SMTS00983
SMHB000089	SMTS01110
SMHB000089	SMTS01116
SMHB000089	SMTS01231
SMHB000089	SMTS01298
SMHB000089	SMTS01453
SMHB000089	SMTS01586
SMHB000089	SMTS01687
SMHB000089	SMTS01689
SMHB000089	SMTS02156
SMHB000089	SMTS02283
SMHB000090	SMTS00028
SMHB000090	SMTS00046
SMHB000090	SMTS00047
SMHB000090	SMTS00065
SMHB000090	SMTS00161
SMHB000090	SMTS00164
SMHB000090	SMTS00165
SMHB000090	SMTS00167
SMHB000090	SMTS00168
SMHB000090	SMTS00169
SMHB000090	SMTS00238
SMHB000090	SMTS00240
SMHB000090	SMTS00314
SMHB000090	SMTS00600
SMHB000090	SMTS00652
SMHB000090	SMTS00653
SMHB000090	SMTS00657
SMHB000090	SMTS00706
SMHB000090	SMTS00709
SMHB000090	SMTS00760
SMHB000090	SMTS00789
SMHB000090	SMTS00790
SMHB000090	SMTS00829
SMHB000090	SMTS00896
SMHB000090	SMTS00903
SMHB000090	SMTS00911
SMHB000090	SMTS00962
SMHB000090	SMTS00990
SMHB000090	SMTS00992
SMHB000090	SMTS00996
SMHB000090	SMTS01097
SMHB000090	SMTS01349
SMHB000090	SMTS01514
SMHB000090	SMTS01584
SMHB000090	SMTS01603
SMHB000090	SMTS01661
SMHB000090	SMTS01693
SMHB000090	SMTS01829
SMHB000091	SMTS00042
SMHB000091	SMTS00044
SMHB000091	SMTS00114
SMHB000091	SMTS00146
SMHB000091	SMTS00152
SMHB000091	SMTS00153
SMHB000091	SMTS00154
SMHB000091	SMTS00155
SMHB000091	SMTS00171
SMHB000091	SMTS00189
SMHB000091	SMTS00331
SMHB000091	SMTS00393
SMHB000091	SMTS00409
SMHB000091	SMTS00435
SMHB000091	SMTS00546
SMHB000091	SMTS00554
SMHB000091	SMTS00556
SMHB000091	SMTS00557
SMHB000091	SMTS00559
SMHB000091	SMTS00560
SMHB000091	SMTS00576
SMHB000091	SMTS01056
SMHB000091	SMTS01118
SMHB000091	SMTS01148
SMHB000091	SMTS01149
SMHB000091	SMTS01480
SMHB000091	SMTS01599
SMHB000091	SMTS01683
SMHB000091	SMTS01684
SMHB000091	SMTS01765
SMHB000091	SMTS01928
SMHB000092	SMTS00015
SMHB000092	SMTS00060
SMHB000092	SMTS00061
SMHB000092	SMTS00065
SMHB000092	SMTS00068
SMHB000092	SMTS00069
SMHB000092	SMTS00253
SMHB000092	SMTS00283
SMHB000092	SMTS00284
SMHB000092	SMTS00285
SMHB000092	SMTS00289
SMHB000092	SMTS00706
SMHB000092	SMTS00709
SMHB000092	SMTS00756
SMHB000092	SMTS00757
SMHB000092	SMTS00800
SMHB000092	SMTS00892
SMHB000092	SMTS00983
SMHB000092	SMTS00984
SMHB000092	SMTS00996
SMHB000092	SMTS01175
SMHB000092	SMTS01182
SMHB000092	SMTS01195
SMHB000092	SMTS01210
SMHB000092	SMTS01211
SMHB000092	SMTS01241
SMHB000092	SMTS01298
SMHB000092	SMTS01305
SMHB000092	SMTS01306
SMHB000092	SMTS01514
SMHB000092	SMTS01586
SMHB000092	SMTS01894
SMHB000092	SMTS02200
SMHB000093	SMTS00057
SMHB000093	SMTS00096
SMHB000093	SMTS00102
SMHB000093	SMTS00128
SMHB000093	SMTS00132
SMHB000093	SMTS00139
SMHB000093	SMTS00213
SMHB000093	SMTS00280
SMHB000093	SMTS00281
SMHB000093	SMTS00283
SMHB000093	SMTS00284
SMHB000093	SMTS00288
SMHB000093	SMTS00289
SMHB000093	SMTS00430
SMHB000093	SMTS00470
SMHB000093	SMTS00473
SMHB000093	SMTS00474
SMHB000093	SMTS00483
SMHB000093	SMTS00487
SMHB000093	SMTS00501
SMHB000093	SMTS00517
SMHB000093	SMTS00541
SMHB000093	SMTS00569
SMHB000093	SMTS00591
SMHB000093	SMTS00600
SMHB000093	SMTS00605
SMHB000093	SMTS00620
SMHB000093	SMTS00621
SMHB000093	SMTS00657
SMHB000093	SMTS00667
SMHB000093	SMTS00693
SMHB000093	SMTS00779
SMHB000093	SMTS00800
SMHB000093	SMTS00808
SMHB000093	SMTS00831
SMHB000093	SMTS00832
SMHB000093	SMTS00893
SMHB000093	SMTS00894
SMHB000093	SMTS00898
SMHB000093	SMTS00899
SMHB000093	SMTS00916
SMHB000093	SMTS00917
SMHB000093	SMTS00923
SMHB000093	SMTS00924
SMHB000093	SMTS00925
SMHB000093	SMTS00926
SMHB000093	SMTS00928
SMHB000093	SMTS00934
SMHB000093	SMTS00955
SMHB000093	SMTS00962
SMHB000093	SMTS00965
SMHB000093	SMTS00966
SMHB000093	SMTS00967
SMHB000093	SMTS00983
SMHB000093	SMTS01028
SMHB000093	SMTS01110
SMHB000093	SMTS01115
SMHB000093	SMTS01116
SMHB000093	SMTS01119
SMHB000093	SMTS01175
SMHB000093	SMTS01176
SMHB000093	SMTS01186
SMHB000093	SMTS01231
SMHB000093	SMTS01240
SMHB000093	SMTS01298
SMHB000093	SMTS01311
SMHB000093	SMTS01312
SMHB000093	SMTS01314
SMHB000093	SMTS01315
SMHB000093	SMTS01316
SMHB000093	SMTS01324
SMHB000093	SMTS01325
SMHB000093	SMTS01326
SMHB000093	SMTS01333
SMHB000093	SMTS01336
SMHB000093	SMTS01341
SMHB000093	SMTS01342
SMHB000093	SMTS01343
SMHB000093	SMTS01346
SMHB000093	SMTS01349
SMHB000093	SMTS01360
SMHB000093	SMTS01361
SMHB000093	SMTS01365
SMHB000093	SMTS01384
SMHB000093	SMTS01388
SMHB000093	SMTS01405
SMHB000093	SMTS01406
SMHB000093	SMTS01411
SMHB000093	SMTS01416
SMHB000093	SMTS01417
SMHB000093	SMTS01450
SMHB000093	SMTS01453
SMHB000093	SMTS01503
SMHB000093	SMTS01529
SMHB000093	SMTS01551
SMHB000093	SMTS01553
SMHB000093	SMTS01554
SMHB000093	SMTS01566
SMHB000093	SMTS01586
SMHB000093	SMTS01592
SMHB000093	SMTS01616
SMHB000093	SMTS01618
SMHB000093	SMTS01620
SMHB000093	SMTS01621
SMHB000093	SMTS01622
SMHB000093	SMTS01623
SMHB000093	SMTS01645
SMHB000093	SMTS01646
SMHB000093	SMTS01647
SMHB000093	SMTS01649
SMHB000093	SMTS01687
SMHB000093	SMTS01689
SMHB000093	SMTS01721
SMHB000093	SMTS01988
SMHB000093	SMTS02110
SMHB000093	SMTS02209
SMHB000094	SMTS00057
SMHB000094	SMTS00149
SMHB000094	SMTS00163
SMHB000094	SMTS00244
SMHB000094	SMTS00245
SMHB000094	SMTS00246
SMHB000094	SMTS00247
SMHB000094	SMTS00248
SMHB000094	SMTS00249
SMHB000094	SMTS00306
SMHB000094	SMTS00374
SMHB000094	SMTS00490
SMHB000094	SMTS00518
SMHB000094	SMTS00667
SMHB000094	SMTS00712
SMHB000094	SMTS00800
SMHB000094	SMTS00816
SMHB000094	SMTS00817
SMHB000094	SMTS00894
SMHB000094	SMTS00950
SMHB000094	SMTS00951
SMHB000094	SMTS01028
SMHB000094	SMTS01050
SMHB000094	SMTS01121
SMHB000094	SMTS01122
SMHB000094	SMTS01125
SMHB000094	SMTS01126
SMHB000094	SMTS01127
SMHB000094	SMTS01132
SMHB000094	SMTS01133
SMHB000094	SMTS01134
SMHB000094	SMTS01135
SMHB000094	SMTS01288
SMHB000094	SMTS01362
SMHB000094	SMTS01384
SMHB000094	SMTS01386
SMHB000094	SMTS01414
SMHB000094	SMTS01424
SMHB000094	SMTS01428
SMHB000094	SMTS01441
SMHB000094	SMTS01551
SMHB000094	SMTS01553
SMHB000094	SMTS01554
SMHB000094	SMTS01568
SMHB000094	SMTS01721
SMHB000094	SMTS01841
SMHB000095	SMTS00035
SMHB000095	SMTS00037
SMHB000095	SMTS00038
SMHB000095	SMTS00045
SMHB000095	SMTS00081
SMHB000095	SMTS00086
SMHB000095	SMTS00090
SMHB000095	SMTS00096
SMHB000095	SMTS00102
SMHB000095	SMTS00128
SMHB000095	SMTS00138
SMHB000095	SMTS00141
SMHB000095	SMTS00157
SMHB000095	SMTS00176
SMHB000095	SMTS00177
SMHB000095	SMTS00224
SMHB000095	SMTS00226
SMHB000095	SMTS00240
SMHB000095	SMTS00266
SMHB000095	SMTS00274
SMHB000095	SMTS00280
SMHB000095	SMTS00283
SMHB000095	SMTS00284
SMHB000095	SMTS00288
SMHB000095	SMTS00289
SMHB000095	SMTS00292
SMHB000095	SMTS00314
SMHB000095	SMTS00358
SMHB000095	SMTS00359
SMHB000095	SMTS00392
SMHB000095	SMTS00414
SMHB000095	SMTS00416
SMHB000095	SMTS00418
SMHB000095	SMTS00419
SMHB000095	SMTS00425
SMHB000095	SMTS00437
SMHB000095	SMTS00470
SMHB000095	SMTS00471
SMHB000095	SMTS00473
SMHB000095	SMTS00474
SMHB000095	SMTS00475
SMHB000095	SMTS00482
SMHB000095	SMTS00483
SMHB000095	SMTS00484
SMHB000095	SMTS00485
SMHB000095	SMTS00487
SMHB000095	SMTS00488
SMHB000095	SMTS00492
SMHB000095	SMTS00493
SMHB000095	SMTS00506
SMHB000095	SMTS00517
SMHB000095	SMTS00571
SMHB000095	SMTS00574
SMHB000095	SMTS00600
SMHB000095	SMTS00605
SMHB000095	SMTS00645
SMHB000095	SMTS00662
SMHB000095	SMTS00663
SMHB000095	SMTS00674
SMHB000095	SMTS00681
SMHB000095	SMTS00682
SMHB000095	SMTS00693
SMHB000095	SMTS00694
SMHB000095	SMTS00701
SMHB000095	SMTS00765
SMHB000095	SMTS00783
SMHB000095	SMTS00785
SMHB000095	SMTS00787
SMHB000095	SMTS00793
SMHB000095	SMTS00799
SMHB000095	SMTS00800
SMHB000095	SMTS00851
SMHB000095	SMTS00866
SMHB000095	SMTS00893
SMHB000095	SMTS00898
SMHB000095	SMTS00903
SMHB000095	SMTS00926
SMHB000095	SMTS00934
SMHB000095	SMTS00962
SMHB000095	SMTS00983
SMHB000095	SMTS01096
SMHB000095	SMTS01110
SMHB000095	SMTS01113
SMHB000095	SMTS01115
SMHB000095	SMTS01116
SMHB000095	SMTS01117
SMHB000095	SMTS01119
SMHB000095	SMTS01140
SMHB000095	SMTS01141
SMHB000095	SMTS01161
SMHB000095	SMTS01180
SMHB000095	SMTS01240
SMHB000095	SMTS01298
SMHB000095	SMTS01313
SMHB000095	SMTS01324
SMHB000095	SMTS01326
SMHB000095	SMTS01331
SMHB000095	SMTS01333
SMHB000095	SMTS01334
SMHB000095	SMTS01335
SMHB000095	SMTS01349
SMHB000095	SMTS01351
SMHB000095	SMTS01356
SMHB000095	SMTS01357
SMHB000095	SMTS01439
SMHB000095	SMTS01450
SMHB000095	SMTS01502
SMHB000095	SMTS01523
SMHB000095	SMTS01564
SMHB000095	SMTS01571
SMHB000095	SMTS01586
SMHB000095	SMTS01593
SMHB000095	SMTS01616
SMHB000095	SMTS01618
SMHB000095	SMTS01620
SMHB000095	SMTS01621
SMHB000095	SMTS01622
SMHB000095	SMTS01623
SMHB000095	SMTS01624
SMHB000095	SMTS01625
SMHB000095	SMTS01626
SMHB000095	SMTS01630
SMHB000095	SMTS01642
SMHB000095	SMTS01661
SMHB000095	SMTS01710
SMHB000095	SMTS02249
SMHB000095	SMTS02284
SMHB000096	SMTS00065
SMHB000096	SMTS00090
SMHB000096	SMTS00109
SMHB000096	SMTS00138
SMHB000096	SMTS00206
SMHB000096	SMTS00213
SMHB000096	SMTS00238
SMHB000096	SMTS00314
SMHB000096	SMTS00492
SMHB000096	SMTS00542
SMHB000096	SMTS00549
SMHB000096	SMTS00550
SMHB000096	SMTS00551
SMHB000096	SMTS00555
SMHB000096	SMTS00562
SMHB000096	SMTS00563
SMHB000096	SMTS00564
SMHB000096	SMTS00571
SMHB000096	SMTS00577
SMHB000096	SMTS00578
SMHB000096	SMTS00579
SMHB000096	SMTS00652
SMHB000096	SMTS00653
SMHB000096	SMTS00657
SMHB000096	SMTS00671
SMHB000096	SMTS00672
SMHB000096	SMTS00674
SMHB000096	SMTS00681
SMHB000096	SMTS00695
SMHB000096	SMTS00706
SMHB000096	SMTS00709
SMHB000096	SMTS00793
SMHB000096	SMTS00808
SMHB000096	SMTS00809
SMHB000096	SMTS00823
SMHB000096	SMTS00895
SMHB000096	SMTS00896
SMHB000096	SMTS00903
SMHB000096	SMTS00911
SMHB000096	SMTS00917
SMHB000096	SMTS00924
SMHB000096	SMTS00932
SMHB000096	SMTS00962
SMHB000096	SMTS00990
SMHB000096	SMTS00996
SMHB000096	SMTS01107
SMHB000096	SMTS01109
SMHB000096	SMTS01113
SMHB000096	SMTS01189
SMHB000096	SMTS01219
SMHB000096	SMTS01227
SMHB000096	SMTS01260
SMHB000096	SMTS01331
SMHB000096	SMTS01333
SMHB000096	SMTS01334
SMHB000096	SMTS01335
SMHB000096	SMTS01351
SMHB000096	SMTS01514
SMHB000096	SMTS01523
SMHB000096	SMTS01584
SMHB000096	SMTS01630
SMHB000097	SMTS00068
SMHB000097	SMTS00069
SMHB000097	SMTS00216
SMHB000097	SMTS00253
SMHB000097	SMTS00755
SMHB000097	SMTS00756
SMHB000097	SMTS00757
SMHB000097	SMTS01210
SMHB000097	SMTS01211
SMHB000098	SMTS00035
SMHB000098	SMTS00174
SMHB000098	SMTS00267
SMHB000098	SMTS00280
SMHB000098	SMTS00473
SMHB000098	SMTS00474
SMHB000098	SMTS00866
SMHB000098	SMTS00977
SMHB000098	SMTS01110
SMHB000098	SMTS01120
SMHB000098	SMTS01618
SMHB000098	SMTS01620
SMHB000098	SMTS01621
SMHB000098	SMTS01622
SMHB000098	SMTS01623
SMHB000098	SMTS01815
SMHB000098	SMTS01957
SMHB000098	SMTS01958
SMHB000098	SMTS01961
SMHB000098	SMTS01996
SMHB000098	SMTS01997
SMHB000098	SMTS02007
SMHB000098	SMTS02127
SMHB000099	SMTS00057
SMHB000099	SMTS00565
SMHB000099	SMTS00568
SMHB000099	SMTS00581
SMHB000099	SMTS00583
SMHB000099	SMTS00584
SMHB000099	SMTS00585
SMHB000099	SMTS00587
SMHB000099	SMTS00590
SMHB000099	SMTS00667
SMHB000099	SMTS00737
SMHB000099	SMTS00738
SMHB000099	SMTS00739
SMHB000099	SMTS00740
SMHB000099	SMTS00873
SMHB000099	SMTS00894
SMHB000099	SMTS00915
SMHB000099	SMTS00970
SMHB000099	SMTS01028
SMHB000099	SMTS01049
SMHB000099	SMTS01271
SMHB000099	SMTS01272
SMHB000099	SMTS01274
SMHB000099	SMTS01283
SMHB000099	SMTS01284
SMHB000099	SMTS01324
SMHB000099	SMTS01325
SMHB000099	SMTS01326
SMHB000099	SMTS01551
SMHB000099	SMTS01553
SMHB000099	SMTS01554
SMHB000099	SMTS01863
SMHB000100	SMTS00035
SMHB000100	SMTS00142
SMHB000100	SMTS00202
SMHB000100	SMTS00866
SMHB000100	SMTS01686
SMHB000100	SMTS01873
SMHB000100	SMTS01908
SMHB000100	SMTS01923
SMHB000100	SMTS02030
SMHB000100	SMTS02031
SMHB000100	SMTS02106
SMHB000100	SMTS02143
SMHB000100	SMTS02298
SMHB000101	SMTS00038
SMHB000101	SMTS00266
SMHB000101	SMTS00274
SMHB000101	SMTS00407
SMHB000101	SMTS00419
SMHB000101	SMTS00425
SMHB000101	SMTS01520
SMHB000101	SMTS01521
SMHB000101	SMTS01524
SMHB000101	SMTS01525
SMHB000101	SMTS01526
SMHB000101	SMTS01530
SMHB000101	SMTS01532
SMHB000101	SMTS01773
SMHB000102	SMTS00172
SMHB000102	SMTS00174
SMHB000102	SMTS00774
SMHB000102	SMTS00776
SMHB000102	SMTS00869
SMHB000102	SMTS00870
SMHB000102	SMTS00871
SMHB000102	SMTS00873
SMHB000102	SMTS00978
SMHB000102	SMTS01049
SMHB000102	SMTS01130
SMHB000102	SMTS01283
SMHB000102	SMTS01284
SMHB000102	SMTS01577
SMHB000102	SMTS02335
SMHB000103	SMTS00093
SMHB000103	SMTS00183
SMHB000103	SMTS00257
SMHB000103	SMTS00330
SMHB000103	SMTS00338
SMHB000103	SMTS00390
SMHB000103	SMTS00549
SMHB000103	SMTS00550
SMHB000103	SMTS00551
SMHB000103	SMTS00555
SMHB000103	SMTS00558
SMHB000103	SMTS00674
SMHB000103	SMTS00752
SMHB000103	SMTS01236
SMHB000103	SMTS01260
SMHB000103	SMTS01566
SMHB000103	SMTS02342
SMHB000104	SMTS00023
SMHB000104	SMTS00048
SMHB000104	SMTS00050
SMHB000104	SMTS00119
SMHB000104	SMTS00330
SMHB000104	SMTS00338
SMHB000104	SMTS00340
SMHB000104	SMTS00379
SMHB000104	SMTS00388
SMHB000104	SMTS00405
SMHB000104	SMTS00558
SMHB000104	SMTS00615
SMHB000104	SMTS00717
SMHB000104	SMTS00742
SMHB000104	SMTS00768
SMHB000104	SMTS00931
SMHB000104	SMTS00977
SMHB000104	SMTS01318
SMHB000104	SMTS01319
SMHB000104	SMTS01440
SMHB000104	SMTS01599
SMHB000104	SMTS01867
SMHB000104	SMTS01972
SMHB000104	SMTS02016
SMHB000105	SMTS00023
SMHB000105	SMTS00048
SMHB000105	SMTS00050
SMHB000105	SMTS00118
SMHB000105	SMTS00312
SMHB000105	SMTS00340
SMHB000105	SMTS00388
SMHB000105	SMTS00404
SMHB000105	SMTS00717
SMHB000105	SMTS00822
SMHB000105	SMTS00824
SMHB000105	SMTS00903
SMHB000105	SMTS01160
SMHB000105	SMTS01351
SMHB000105	SMTS01440
SMHB000105	SMTS01599
SMHB000105	SMTS01680
SMHB000105	SMTS01867
SMHB000105	SMTS01941
SMHB000105	SMTS01972
SMHB000105	SMTS02277
SMHB000106	SMTS00012
SMHB000106	SMTS00038
SMHB000106	SMTS00067
SMHB000106	SMTS00196
SMHB000106	SMTS00266
SMHB000106	SMTS00274
SMHB000106	SMTS00419
SMHB000106	SMTS00425
SMHB000106	SMTS00436
SMHB000106	SMTS00541
SMHB000106	SMTS00779
SMHB000106	SMTS01231
SMHB000106	SMTS01453
SMHB000106	SMTS01687
SMHB000106	SMTS01689
SMHB000106	SMTS01692
SMHB000107	SMTS00065
SMHB000107	SMTS00068
SMHB000107	SMTS00069
SMHB000107	SMTS00142
SMHB000107	SMTS00216
SMHB000107	SMTS00253
SMHB000107	SMTS00283
SMHB000107	SMTS00284
SMHB000107	SMTS00289
SMHB000107	SMTS00359
SMHB000107	SMTS00511
SMHB000107	SMTS00517
SMHB000107	SMTS00611
SMHB000107	SMTS00706
SMHB000107	SMTS00709
SMHB000107	SMTS00755
SMHB000107	SMTS00756
SMHB000107	SMTS00757
SMHB000107	SMTS00800
SMHB000107	SMTS00896
SMHB000107	SMTS00983
SMHB000107	SMTS00990
SMHB000107	SMTS00996
SMHB000107	SMTS01043
SMHB000107	SMTS01150
SMHB000107	SMTS01198
SMHB000107	SMTS01210
SMHB000107	SMTS01211
SMHB000107	SMTS01298
SMHB000107	SMTS01330
SMHB000107	SMTS01336
SMHB000107	SMTS01341
SMHB000107	SMTS01342
SMHB000107	SMTS01343
SMHB000107	SMTS01355
SMHB000107	SMTS01514
SMHB000107	SMTS01515
SMHB000107	SMTS01584
SMHB000107	SMTS01586
SMHB000108	SMTS00330
SMHB000108	SMTS00338
SMHB000108	SMTS00407
SMHB000108	SMTS00524
SMHB000108	SMTS00525
SMHB000108	SMTS00558
SMHB000108	SMTS00602
SMHB000108	SMTS00603
SMHB000108	SMTS01239
SMHB000108	SMTS01281
SMHB000108	SMTS01515
SMHB000108	SMTS01520
SMHB000108	SMTS01521
SMHB000108	SMTS01524
SMHB000108	SMTS01525
SMHB000108	SMTS01526
SMHB000108	SMTS01530
SMHB000108	SMTS01531
SMHB000108	SMTS01532
SMHB000108	SMTS01534
SMHB000108	SMTS01543
SMHB000108	SMTS01557
SMHB000108	SMTS01561
SMHB000108	SMTS02242
SMHB000108	SMTS02243
SMHB000109	SMTS00095
SMHB000109	SMTS00562
SMHB000109	SMTS00563
SMHB000109	SMTS00564
SMHB000109	SMTS00577
SMHB000109	SMTS00578
SMHB000109	SMTS00579
SMHB000109	SMTS00762
SMHB000109	SMTS00793
SMHB000109	SMTS01014
SMHB000109	SMTS01027
SMHB000109	SMTS01189
SMHB000109	SMTS01265
SMHB000109	SMTS01266
SMHB000109	SMTS01267
SMHB000109	SMTS01269
SMHB000109	SMTS01270
SMHB000109	SMTS01272
SMHB000109	SMTS01273
SMHB000109	SMTS01641
SMHB000109	SMTS01690
SMHB000109	SMTS01717
SMHB000109	SMTS01943
SMHB000110	SMTS00174
SMHB000110	SMTS00546
SMHB000110	SMTS00550
SMHB000110	SMTS00551
SMHB000110	SMTS00554
SMHB000110	SMTS00555
SMHB000110	SMTS00557
SMHB000110	SMTS00559
SMHB000110	SMTS00626
SMHB000110	SMTS01056
SMHB000110	SMTS01081
SMHB000110	SMTS01082
SMHB000110	SMTS01148
SMHB000110	SMTS01149
SMHB000110	SMTS02056
SMHB000110	SMTS02156
SMHB000111	SMTS00562
SMHB000111	SMTS00563
SMHB000111	SMTS00564
SMHB000111	SMTS00577
SMHB000111	SMTS00578
SMHB000111	SMTS00579
SMHB000111	SMTS01027
SMHB000111	SMTS01189
SMHB000111	SMTS01865
SMHB000111	SMTS01866
SMHB000112	SMTS00001
SMHB000112	SMTS00015
SMHB000112	SMTS00056
SMHB000112	SMTS00060
SMHB000112	SMTS00061
SMHB000112	SMTS00062
SMHB000112	SMTS00065
SMHB000112	SMTS00068
SMHB000112	SMTS00069
SMHB000112	SMTS00216
SMHB000112	SMTS00253
SMHB000112	SMTS00283
SMHB000112	SMTS00284
SMHB000112	SMTS00285
SMHB000112	SMTS00289
SMHB000112	SMTS00292
SMHB000112	SMTS00293
SMHB000112	SMTS00299
SMHB000112	SMTS00490
SMHB000112	SMTS00706
SMHB000112	SMTS00709
SMHB000112	SMTS00754
SMHB000112	SMTS00755
SMHB000112	SMTS00756
SMHB000112	SMTS00757
SMHB000112	SMTS00800
SMHB000112	SMTS00892
SMHB000112	SMTS00983
SMHB000112	SMTS00984
SMHB000112	SMTS00988
SMHB000112	SMTS00989
SMHB000112	SMTS00990
SMHB000112	SMTS00996
SMHB000112	SMTS01178
SMHB000112	SMTS01182
SMHB000112	SMTS01195
SMHB000112	SMTS01210
SMHB000112	SMTS01211
SMHB000112	SMTS01241
SMHB000112	SMTS01298
SMHB000112	SMTS01305
SMHB000112	SMTS01306
SMHB000112	SMTS01318
SMHB000112	SMTS01357
SMHB000112	SMTS01362
SMHB000112	SMTS01365
SMHB000112	SMTS01375
SMHB000112	SMTS01384
SMHB000112	SMTS01386
SMHB000112	SMTS01392
SMHB000112	SMTS01413
SMHB000112	SMTS01414
SMHB000112	SMTS01514
SMHB000112	SMTS01586
SMHB000112	SMTS01641
SMHB000112	SMTS01642
SMHB000112	SMTS01839
SMHB000113	SMTS00037
SMHB000113	SMTS00142
SMHB000113	SMTS00263
SMHB000113	SMTS00274
SMHB000113	SMTS00407
SMHB000113	SMTS00450
SMHB000113	SMTS00488
SMHB000113	SMTS00518
SMHB000113	SMTS00611
SMHB000113	SMTS00712
SMHB000113	SMTS00816
SMHB000113	SMTS00817
SMHB000113	SMTS00827
SMHB000113	SMTS00950
SMHB000113	SMTS00951
SMHB000113	SMTS01115
SMHB000113	SMTS01119
SMHB000113	SMTS01121
SMHB000113	SMTS01122
SMHB000113	SMTS01125
SMHB000113	SMTS01126
SMHB000113	SMTS01127
SMHB000113	SMTS01132
SMHB000113	SMTS01133
SMHB000113	SMTS01134
SMHB000113	SMTS01135
SMHB000113	SMTS01441
SMHB000113	SMTS01520
SMHB000113	SMTS01521
SMHB000113	SMTS01524
SMHB000113	SMTS01525
SMHB000113	SMTS01526
SMHB000113	SMTS01530
SMHB000113	SMTS01539
SMHB000113	SMTS01545
SMHB000113	SMTS01862
SMHB000113	SMTS01968
SMHB000113	SMTS02317
SMHB000114	SMTS00142
SMHB000114	SMTS00407
SMHB000114	SMTS00463
SMHB000114	SMTS00511
SMHB000114	SMTS00682
SMHB000114	SMTS00701
SMHB000114	SMTS00801
SMHB000114	SMTS00844
SMHB000114	SMTS00847
SMHB000114	SMTS00867
SMHB000114	SMTS01029
SMHB000114	SMTS01032
SMHB000114	SMTS01051
SMHB000114	SMTS01113
SMHB000114	SMTS01124
SMHB000114	SMTS01138
SMHB000114	SMTS01140
SMHB000114	SMTS01141
SMHB000114	SMTS01142
SMHB000114	SMTS01239
SMHB000114	SMTS01349
SMHB000114	SMTS01357
SMHB000114	SMTS01520
SMHB000114	SMTS01521
SMHB000114	SMTS01524
SMHB000114	SMTS01525
SMHB000114	SMTS01526
SMHB000114	SMTS01530
SMHB000114	SMTS01531
SMHB000114	SMTS01532
SMHB000114	SMTS01534
SMHB000114	SMTS01543
SMHB000114	SMTS01546
SMHB000114	SMTS02242
SMHB000114	SMTS02243
SMHB000115	SMTS00407
SMHB000115	SMTS00462
SMHB000115	SMTS00701
SMHB000115	SMTS01124
SMHB000115	SMTS01138
SMHB000115	SMTS01140
SMHB000115	SMTS01141
SMHB000115	SMTS01142
SMHB000115	SMTS01239
SMHB000115	SMTS01520
SMHB000115	SMTS01521
SMHB000115	SMTS01524
SMHB000115	SMTS01525
SMHB000115	SMTS01526
SMHB000115	SMTS01530
SMHB000115	SMTS01531
SMHB000115	SMTS01532
SMHB000115	SMTS01534
SMHB000115	SMTS01543
SMHB000115	SMTS02242
SMHB000115	SMTS02243
SMHB000116	SMTS00023
SMHB000116	SMTS00029
SMHB000116	SMTS00050
SMHB000116	SMTS00073
SMHB000116	SMTS00107
SMHB000116	SMTS00108
SMHB000116	SMTS00135
SMHB000116	SMTS00137
SMHB000116	SMTS00338
SMHB000116	SMTS00340
SMHB000116	SMTS00629
SMHB000116	SMTS00742
SMHB000116	SMTS00752
SMHB000116	SMTS01152
SMHB000116	SMTS01200
SMHB000116	SMTS01449
SMHB000116	SMTS01458
SMHB000116	SMTS01570
SMHB000116	SMTS01617
SMHB000116	SMTS01650
SMHB000116	SMTS01651
SMHB000116	SMTS01702
SMHB000116	SMTS01703
SMHB000116	SMTS01867
SMHB000116	SMTS01972
SMHB000117	SMTS00281
SMHB000117	SMTS00470
SMHB000117	SMTS00764
SMHB000117	SMTS00867
SMHB000117	SMTS00965
SMHB000117	SMTS00966
SMHB000117	SMTS00967
SMHB000117	SMTS01110
SMHB000117	SMTS01241
SMHB000117	SMTS01317
SMHB000117	SMTS01336
SMHB000117	SMTS01341
SMHB000117	SMTS01342
SMHB000117	SMTS01343
SMHB000117	SMTS01346
SMHB000117	SMTS01360
SMHB000117	SMTS01361
SMHB000117	SMTS01413
SMHB000117	SMTS01608
SMHB000117	SMTS01610
SMHB000117	SMTS01642
SMHB000117	SMTS01645
SMHB000117	SMTS01646
SMHB000117	SMTS01648
SMHB000117	SMTS01649
SMHB000117	SMTS02046
SMHB000118	SMTS00026
SMHB000118	SMTS00027
SMHB000118	SMTS00030
SMHB000118	SMTS00033
SMHB000118	SMTS00059
SMHB000118	SMTS00142
SMHB000118	SMTS00263
SMHB000118	SMTS00518
SMHB000118	SMTS00549
SMHB000118	SMTS00550
SMHB000118	SMTS00551
SMHB000118	SMTS00552
SMHB000118	SMTS00553
SMHB000118	SMTS00555
SMHB000118	SMTS00631
SMHB000118	SMTS00632
SMHB000118	SMTS00633
SMHB000118	SMTS00636
SMHB000118	SMTS00637
SMHB000118	SMTS00638
SMHB000118	SMTS00639
SMHB000118	SMTS00641
SMHB000118	SMTS00712
SMHB000118	SMTS00816
SMHB000118	SMTS00817
SMHB000118	SMTS00950
SMHB000118	SMTS00951
SMHB000118	SMTS01063
SMHB000118	SMTS01065
SMHB000118	SMTS01066
SMHB000118	SMTS01067
SMHB000118	SMTS01068
SMHB000118	SMTS01085
SMHB000118	SMTS01106
SMHB000118	SMTS01121
SMHB000118	SMTS01122
SMHB000118	SMTS01125
SMHB000118	SMTS01126
SMHB000118	SMTS01127
SMHB000118	SMTS01132
SMHB000118	SMTS01133
SMHB000118	SMTS01134
SMHB000118	SMTS01135
SMHB000118	SMTS01441
SMHB000118	SMTS01699
SMHB000118	SMTS01700
SMHB000118	SMTS02363
SMHB000119	SMTS00090
SMHB000119	SMTS00094
SMHB000119	SMTS00107
SMHB000119	SMTS00128
SMHB000119	SMTS00129
SMHB000119	SMTS00131
SMHB000119	SMTS00137
SMHB000119	SMTS00192
SMHB000119	SMTS00194
SMHB000119	SMTS00257
SMHB000119	SMTS00414
SMHB000119	SMTS00549
SMHB000119	SMTS00550
SMHB000119	SMTS00551
SMHB000119	SMTS00555
SMHB000119	SMTS00752
SMHB000119	SMTS00776
SMHB000119	SMTS00903
SMHB000119	SMTS00966
SMHB000119	SMTS00967
SMHB000119	SMTS00974
SMHB000119	SMTS00978
SMHB000119	SMTS01152
SMHB000119	SMTS01200
SMHB000119	SMTS01351
SMHB000119	SMTS01446
SMHB000119	SMTS01494
SMHB000119	SMTS01570
SMHB000119	SMTS01650
SMHB000119	SMTS01651
SMHB000119	SMTS01703
SMHB000119	SMTS01813
SMHB000120	SMTS00045
SMHB000120	SMTS00283
SMHB000120	SMTS00284
SMHB000120	SMTS00288
SMHB000120	SMTS00289
SMHB000120	SMTS00431
SMHB000120	SMTS00800
SMHB000120	SMTS00983
SMHB000120	SMTS01014
SMHB000120	SMTS01027
SMHB000120	SMTS01298
SMHB000120	SMTS01586
SMHB000120	SMTS01641
SMHB000120	SMTS01690
SMHB000120	SMTS01717
SMHB000120	SMTS01943
SMHB000121	SMTS00023
SMHB000121	SMTS00048
SMHB000121	SMTS00050
SMHB000121	SMTS00118
SMHB000121	SMTS00340
SMHB000121	SMTS00388
SMHB000121	SMTS00717
SMHB000121	SMTS00752
SMHB000121	SMTS00977
SMHB000121	SMTS01147
SMHB000121	SMTS01152
SMHB000121	SMTS01321
SMHB000121	SMTS01440
SMHB000121	SMTS01446
SMHB000121	SMTS01447
SMHB000121	SMTS01599
SMHB000121	SMTS01867
SMHB000121	SMTS01972
SMHB000122	SMTS00038
SMHB000122	SMTS00045
SMHB000122	SMTS00090
SMHB000122	SMTS00157
SMHB000122	SMTS00219
SMHB000122	SMTS00221
SMHB000122	SMTS00266
SMHB000122	SMTS00274
SMHB000122	SMTS00277
SMHB000122	SMTS00306
SMHB000122	SMTS00381
SMHB000122	SMTS00419
SMHB000122	SMTS00425
SMHB000122	SMTS00450
SMHB000122	SMTS00488
SMHB000122	SMTS00518
SMHB000122	SMTS00642
SMHB000122	SMTS00668
SMHB000122	SMTS00670
SMHB000122	SMTS00712
SMHB000122	SMTS00765
SMHB000122	SMTS00785
SMHB000122	SMTS00787
SMHB000122	SMTS00793
SMHB000122	SMTS00816
SMHB000122	SMTS00817
SMHB000122	SMTS00867
SMHB000122	SMTS00869
SMHB000122	SMTS00870
SMHB000122	SMTS00871
SMHB000122	SMTS00882
SMHB000122	SMTS00950
SMHB000122	SMTS00951
SMHB000122	SMTS00974
SMHB000122	SMTS01050
SMHB000122	SMTS01119
SMHB000122	SMTS01121
SMHB000122	SMTS01122
SMHB000122	SMTS01125
SMHB000122	SMTS01126
SMHB000122	SMTS01127
SMHB000122	SMTS01130
SMHB000122	SMTS01132
SMHB000122	SMTS01133
SMHB000122	SMTS01134
SMHB000122	SMTS01135
SMHB000122	SMTS01161
SMHB000122	SMTS01270
SMHB000122	SMTS01288
SMHB000122	SMTS01441
SMHB000122	SMTS01470
SMHB000122	SMTS01564
SMHB000122	SMTS01565
SMHB000122	SMTS01696
SMHB000122	SMTS02108
SMHB000122	SMTS02335
SMHB000123	SMTS00038
SMHB000123	SMTS00118
SMHB000123	SMTS00266
SMHB000123	SMTS00274
SMHB000123	SMTS00351
SMHB000123	SMTS00419
SMHB000123	SMTS00425
SMHB000123	SMTS00452
SMHB000123	SMTS00762
SMHB000123	SMTS00776
SMHB000123	SMTS00978
SMHB000123	SMTS01027
SMHB000123	SMTS01119
SMHB000123	SMTS01265
SMHB000123	SMTS01266
SMHB000123	SMTS01267
SMHB000123	SMTS01269
SMHB000124	SMTS00004
SMHB000124	SMTS00008
SMHB000124	SMTS00175
SMHB000124	SMTS00266
SMHB000124	SMTS00274
SMHB000124	SMTS00355
SMHB000124	SMTS00364
SMHB000124	SMTS00407
SMHB000124	SMTS00419
SMHB000124	SMTS00425
SMHB000124	SMTS00729
SMHB000124	SMTS00827
SMHB000124	SMTS01275
SMHB000124	SMTS01520
SMHB000124	SMTS01521
SMHB000124	SMTS01524
SMHB000124	SMTS01525
SMHB000124	SMTS01526
SMHB000124	SMTS01530
SMHB000124	SMTS01545
SMHB000124	SMTS02085
SMHB000124	SMTS02237
SMHB000125	SMTS00048
SMHB000125	SMTS00104
SMHB000125	SMTS00137
SMHB000125	SMTS00174
SMHB000125	SMTS00318
SMHB000125	SMTS00323
SMHB000125	SMTS00324
SMHB000125	SMTS00379
SMHB000125	SMTS00388
SMHB000125	SMTS00435
SMHB000125	SMTS00717
SMHB000125	SMTS00736
SMHB000125	SMTS00768
SMHB000125	SMTS00931
SMHB000125	SMTS01009
SMHB000125	SMTS01200
SMHB000125	SMTS01277
SMHB000125	SMTS01294
SMHB000125	SMTS01319
SMHB000125	SMTS01440
SMHB000125	SMTS01446
SMHB000125	SMTS01480
SMHB000125	SMTS01570
SMHB000125	SMTS01650
SMHB000125	SMTS01651
SMHB000125	SMTS01686
SMHB000125	SMTS01703
SMHB000125	SMTS01705
SMHB000125	SMTS01708
SMHB000125	SMTS01735
SMHB000125	SMTS01737
SMHB000125	SMTS01801
SMHB000125	SMTS01813
SMHB000125	SMTS01952
SMHB000125	SMTS01996
SMHB000125	SMTS01998
SMHB000125	SMTS02224
SMHB000125	SMTS02345
SMHB000126	SMTS00036
SMHB000126	SMTS00104
SMHB000126	SMTS00192
SMHB000126	SMTS00274
SMHB000126	SMTS00280
SMHB000126	SMTS00356
SMHB000126	SMTS00419
SMHB000126	SMTS00425
SMHB000126	SMTS00473
SMHB000126	SMTS00481
SMHB000126	SMTS00541
SMHB000126	SMTS00779
SMHB000126	SMTS01110
SMHB000126	SMTS01161
SMHB000126	SMTS01231
SMHB000126	SMTS01453
SMHB000126	SMTS01689
SMHB000126	SMTS02351
SMHB000127	SMTS00048
SMHB000127	SMTS00173
SMHB000127	SMTS00174
SMHB000127	SMTS00340
SMHB000127	SMTS00388
SMHB000127	SMTS00717
SMHB000127	SMTS00729
SMHB000127	SMTS01275
SMHB000127	SMTS01440
SMHB000128	SMTS00065
SMHB000128	SMTS00068
SMHB000128	SMTS00069
SMHB000128	SMTS00180
SMHB000128	SMTS00253
SMHB000128	SMTS00549
SMHB000128	SMTS00550
SMHB000128	SMTS00551
SMHB000128	SMTS00552
SMHB000128	SMTS00553
SMHB000128	SMTS00555
SMHB000128	SMTS00620
SMHB000128	SMTS00621
SMHB000128	SMTS00706
SMHB000128	SMTS00709
SMHB000128	SMTS00755
SMHB000128	SMTS00756
SMHB000128	SMTS00757
SMHB000128	SMTS00794
SMHB000128	SMTS00896
SMHB000128	SMTS00983
SMHB000128	SMTS00990
SMHB000128	SMTS00996
SMHB000128	SMTS01063
SMHB000128	SMTS01065
SMHB000128	SMTS01066
SMHB000128	SMTS01067
SMHB000128	SMTS01068
SMHB000128	SMTS01085
SMHB000128	SMTS01183
SMHB000128	SMTS01210
SMHB000128	SMTS01211
SMHB000128	SMTS01216
SMHB000128	SMTS01217
SMHB000128	SMTS01218
SMHB000128	SMTS01241
SMHB000128	SMTS01311
SMHB000128	SMTS01312
SMHB000128	SMTS01314
SMHB000128	SMTS01315
SMHB000128	SMTS01365
SMHB000128	SMTS01392
SMHB000128	SMTS01405
SMHB000128	SMTS01406
SMHB000128	SMTS01407
SMHB000128	SMTS01410
SMHB000128	SMTS01411
SMHB000128	SMTS01413
SMHB000128	SMTS01514
SMHB000128	SMTS01584
SMHB000128	SMTS01586
SMHB000128	SMTS01606
SMHB000128	SMTS01642
SMHB000129	SMTS00046
SMHB000129	SMTS00057
SMHB000129	SMTS00065
SMHB000129	SMTS00074
SMHB000129	SMTS00092
SMHB000129	SMTS00095
SMHB000129	SMTS00161
SMHB000129	SMTS00164
SMHB000129	SMTS00167
SMHB000129	SMTS00168
SMHB000129	SMTS00169
SMHB000129	SMTS00213
SMHB000129	SMTS00238
SMHB000129	SMTS00255
SMHB000129	SMTS00288
SMHB000129	SMTS00292
SMHB000129	SMTS00379
SMHB000129	SMTS00381
SMHB000129	SMTS00382
SMHB000129	SMTS00385
SMHB000129	SMTS00413
SMHB000129	SMTS00470
SMHB000129	SMTS00483
SMHB000129	SMTS00487
SMHB000129	SMTS00492
SMHB000129	SMTS00496
SMHB000129	SMTS00501
SMHB000129	SMTS00506
SMHB000129	SMTS00591
SMHB000129	SMTS00651
SMHB000129	SMTS00652
SMHB000129	SMTS00653
SMHB000129	SMTS00667
SMHB000129	SMTS00682
SMHB000129	SMTS00706
SMHB000129	SMTS00709
SMHB000129	SMTS00739
SMHB000129	SMTS00793
SMHB000129	SMTS00818
SMHB000129	SMTS00831
SMHB000129	SMTS00849
SMHB000129	SMTS00852
SMHB000129	SMTS00879
SMHB000129	SMTS00894
SMHB000129	SMTS00896
SMHB000129	SMTS00903
SMHB000129	SMTS00906
SMHB000129	SMTS00911
SMHB000129	SMTS00917
SMHB000129	SMTS00924
SMHB000129	SMTS00970
SMHB000129	SMTS00990
SMHB000129	SMTS00996
SMHB000129	SMTS01027
SMHB000129	SMTS01028
SMHB000129	SMTS01088
SMHB000129	SMTS01107
SMHB000129	SMTS01109
SMHB000129	SMTS01113
SMHB000129	SMTS01116
SMHB000129	SMTS01119
SMHB000129	SMTS01266
SMHB000129	SMTS01305
SMHB000129	SMTS01306
SMHB000129	SMTS01318
SMHB000129	SMTS01319
SMHB000129	SMTS01344
SMHB000129	SMTS01345
SMHB000129	SMTS01357
SMHB000129	SMTS01407
SMHB000129	SMTS01409
SMHB000129	SMTS01416
SMHB000129	SMTS01514
SMHB000129	SMTS01551
SMHB000129	SMTS01553
SMHB000129	SMTS01554
SMHB000129	SMTS01566
SMHB000129	SMTS01571
SMHB000129	SMTS01584
SMHB000129	SMTS01610
SMHB000129	SMTS01642
SMHB000129	SMTS01649
SMHB000129	SMTS01666
SMHB000129	SMTS01762
SMHB000129	SMTS02104
SMHB000130	SMTS00277
SMHB000130	SMTS00650
SMHB000130	SMTS00739
SMHB000130	SMTS00869
SMHB000130	SMTS00870
SMHB000130	SMTS00871
SMHB000130	SMTS01027
SMHB000130	SMTS01050
SMHB000130	SMTS01130
SMHB000130	SMTS02335
SMHB000131	SMTS00038
SMHB000131	SMTS00283
SMHB000131	SMTS00284
SMHB000131	SMTS00289
SMHB000131	SMTS00294
SMHB000131	SMTS00341
SMHB000131	SMTS00377
SMHB000131	SMTS00501
SMHB000131	SMTS00591
SMHB000131	SMTS00611
SMHB000131	SMTS00755
SMHB000131	SMTS00800
SMHB000131	SMTS00983
SMHB000131	SMTS01016
SMHB000131	SMTS01023
SMHB000131	SMTS01027
SMHB000131	SMTS01150
SMHB000131	SMTS01170
SMHB000131	SMTS01171
SMHB000131	SMTS01175
SMHB000131	SMTS01298
SMHB000131	SMTS01318
SMHB000131	SMTS01336
SMHB000131	SMTS01341
SMHB000131	SMTS01342
SMHB000131	SMTS01343
SMHB000131	SMTS01346
SMHB000131	SMTS01360
SMHB000131	SMTS01361
SMHB000131	SMTS01416
SMHB000131	SMTS01448
SMHB000131	SMTS01515
SMHB000131	SMTS01518
SMHB000131	SMTS01586
SMHB000131	SMTS01655
SMHB000131	SMTS02206
SMHB000132	SMTS00212
SMHB000132	SMTS00403
SMHB000132	SMTS00506
SMHB000132	SMTS00686
SMHB000132	SMTS00694
SMHB000132	SMTS00696
SMHB000132	SMTS00697
SMHB000132	SMTS00716
SMHB000132	SMTS00732
SMHB000132	SMTS00733
SMHB000132	SMTS01001
SMHB000132	SMTS01003
SMHB000132	SMTS01004
SMHB000132	SMTS01005
SMHB000132	SMTS01007
SMHB000132	SMTS01279
SMHB000132	SMTS01515
SMHB000132	SMTS01548
SMHB000132	SMTS01555
SMHB000132	SMTS01556
SMHB000132	SMTS01561
SMHB000132	SMTS01562
SMHB000132	SMTS01631
SMHB000132	SMTS01927
SMHB000132	SMTS02097
SMHB000133	SMTS00019
SMHB000133	SMTS00024
SMHB000133	SMTS00025
SMHB000133	SMTS00090
SMHB000133	SMTS00118
SMHB000133	SMTS00121
SMHB000133	SMTS00149
SMHB000133	SMTS00163
SMHB000133	SMTS00180
SMHB000133	SMTS00205
SMHB000133	SMTS00206
SMHB000133	SMTS00238
SMHB000133	SMTS00240
SMHB000133	SMTS00255
SMHB000133	SMTS00283
SMHB000133	SMTS00284
SMHB000133	SMTS00289
SMHB000133	SMTS00314
SMHB000133	SMTS00334
SMHB000133	SMTS00437
SMHB000133	SMTS00461
SMHB000133	SMTS00466
SMHB000133	SMTS00492
SMHB000133	SMTS00506
SMHB000133	SMTS00511
SMHB000133	SMTS00542
SMHB000133	SMTS00543
SMHB000133	SMTS00549
SMHB000133	SMTS00550
SMHB000133	SMTS00551
SMHB000133	SMTS00552
SMHB000133	SMTS00553
SMHB000133	SMTS00555
SMHB000133	SMTS00571
SMHB000133	SMTS00605
SMHB000133	SMTS00645
SMHB000133	SMTS00651
SMHB000133	SMTS00652
SMHB000133	SMTS00653
SMHB000133	SMTS00655
SMHB000133	SMTS00657
SMHB000133	SMTS00668
SMHB000133	SMTS00670
SMHB000133	SMTS00693
SMHB000133	SMTS00760
SMHB000133	SMTS00783
SMHB000133	SMTS00789
SMHB000133	SMTS00790
SMHB000133	SMTS00793
SMHB000133	SMTS00800
SMHB000133	SMTS00808
SMHB000133	SMTS00809
SMHB000133	SMTS00823
SMHB000133	SMTS00829
SMHB000133	SMTS00831
SMHB000133	SMTS00879
SMHB000133	SMTS00887
SMHB000133	SMTS00890
SMHB000133	SMTS00893
SMHB000133	SMTS00895
SMHB000133	SMTS00903
SMHB000133	SMTS00906
SMHB000133	SMTS00911
SMHB000133	SMTS00912
SMHB000133	SMTS00932
SMHB000133	SMTS00934
SMHB000133	SMTS00962
SMHB000133	SMTS00966
SMHB000133	SMTS00967
SMHB000133	SMTS00969
SMHB000133	SMTS00983
SMHB000133	SMTS01016
SMHB000133	SMTS01017
SMHB000133	SMTS01025
SMHB000133	SMTS01031
SMHB000133	SMTS01034
SMHB000133	SMTS01038
SMHB000133	SMTS01039
SMHB000133	SMTS01040
SMHB000133	SMTS01043
SMHB000133	SMTS01047
SMHB000133	SMTS01050
SMHB000133	SMTS01063
SMHB000133	SMTS01065
SMHB000133	SMTS01066
SMHB000133	SMTS01067
SMHB000133	SMTS01068
SMHB000133	SMTS01085
SMHB000133	SMTS01097
SMHB000133	SMTS01113
SMHB000133	SMTS01117
SMHB000133	SMTS01119
SMHB000133	SMTS01169
SMHB000133	SMTS01175
SMHB000133	SMTS01177
SMHB000133	SMTS01240
SMHB000133	SMTS01298
SMHB000133	SMTS01300
SMHB000133	SMTS01331
SMHB000133	SMTS01333
SMHB000133	SMTS01334
SMHB000133	SMTS01335
SMHB000133	SMTS01349
SMHB000133	SMTS01351
SMHB000133	SMTS01357
SMHB000133	SMTS01490
SMHB000133	SMTS01494
SMHB000133	SMTS01502
SMHB000133	SMTS01566
SMHB000133	SMTS01586
SMHB000133	SMTS01599
SMHB000133	SMTS01655
SMHB000133	SMTS01661
SMHB000133	SMTS01693
SMHB000133	SMTS01698
SMHB000133	SMTS01808
SMHB000133	SMTS02212
SMHB000134	SMTS00015
SMHB000134	SMTS00060
SMHB000134	SMTS00065
SMHB000134	SMTS00068
SMHB000134	SMTS00069
SMHB000134	SMTS00253
SMHB000134	SMTS00283
SMHB000134	SMTS00285
SMHB000134	SMTS00286
SMHB000134	SMTS00292
SMHB000134	SMTS00293
SMHB000134	SMTS00295
SMHB000134	SMTS00424
SMHB000134	SMTS00452
SMHB000134	SMTS00706
SMHB000134	SMTS00709
SMHB000134	SMTS00755
SMHB000134	SMTS00756
SMHB000134	SMTS00757
SMHB000134	SMTS00828
SMHB000134	SMTS00892
SMHB000134	SMTS00984
SMHB000134	SMTS00995
SMHB000134	SMTS00996
SMHB000134	SMTS01178
SMHB000134	SMTS01182
SMHB000134	SMTS01195
SMHB000134	SMTS01210
SMHB000134	SMTS01211
SMHB000134	SMTS01299
SMHB000134	SMTS01305
SMHB000134	SMTS01308
SMHB000134	SMTS01457
SMHB000134	SMTS01514
SMHB000134	SMTS01641
SMHB000134	SMTS01686
SMHB000134	SMTS02217
SMHB000135	SMTS00109
SMHB000135	SMTS00118
SMHB000135	SMTS00187
SMHB000135	SMTS00229
SMHB000135	SMTS00296
SMHB000135	SMTS00430
SMHB000135	SMTS00545
SMHB000135	SMTS00546
SMHB000135	SMTS00548
SMHB000135	SMTS00549
SMHB000135	SMTS00550
SMHB000135	SMTS00551
SMHB000135	SMTS00555
SMHB000135	SMTS00718
SMHB000135	SMTS00803
SMHB000135	SMTS00804
SMHB000135	SMTS00805
SMHB000135	SMTS00811
SMHB000135	SMTS00812
SMHB000135	SMTS01014
SMHB000135	SMTS01027
SMHB000135	SMTS01058
SMHB000135	SMTS01088
SMHB000135	SMTS01118
SMHB000135	SMTS01367
SMHB000135	SMTS01599
SMHB000135	SMTS01641
SMHB000135	SMTS01690
SMHB000135	SMTS01717
SMHB000135	SMTS01739
SMHB000135	SMTS01943
SMHB000135	SMTS02203
SMHB000135	SMTS02235
SMHB000136	SMTS00019
SMHB000136	SMTS00068
SMHB000136	SMTS00069
SMHB000136	SMTS00114
SMHB000136	SMTS00253
SMHB000136	SMTS00283
SMHB000136	SMTS00284
SMHB000136	SMTS00289
SMHB000136	SMTS00294
SMHB000136	SMTS00351
SMHB000136	SMTS00359
SMHB000136	SMTS00379
SMHB000136	SMTS00517
SMHB000136	SMTS00519
SMHB000136	SMTS00546
SMHB000136	SMTS00611
SMHB000136	SMTS00755
SMHB000136	SMTS00756
SMHB000136	SMTS00757
SMHB000136	SMTS00800
SMHB000136	SMTS00892
SMHB000136	SMTS00962
SMHB000136	SMTS00983
SMHB000136	SMTS01038
SMHB000136	SMTS01118
SMHB000136	SMTS01170
SMHB000136	SMTS01171
SMHB000136	SMTS01175
SMHB000136	SMTS01193
SMHB000136	SMTS01210
SMHB000136	SMTS01211
SMHB000136	SMTS01298
SMHB000136	SMTS01318
SMHB000136	SMTS01319
SMHB000136	SMTS01586
SMHB000136	SMTS01655
SMHB000136	SMTS02206
SMHB000137	SMTS00001
SMHB000137	SMTS00068
SMHB000137	SMTS00069
SMHB000137	SMTS00253
SMHB000137	SMTS00283
SMHB000137	SMTS00284
SMHB000137	SMTS00289
SMHB000137	SMTS00294
SMHB000137	SMTS00611
SMHB000137	SMTS00755
SMHB000137	SMTS00756
SMHB000137	SMTS00757
SMHB000137	SMTS00759
SMHB000137	SMTS00800
SMHB000137	SMTS00983
SMHB000137	SMTS01157
SMHB000137	SMTS01170
SMHB000137	SMTS01171
SMHB000137	SMTS01175
SMHB000137	SMTS01195
SMHB000137	SMTS01198
SMHB000137	SMTS01210
SMHB000137	SMTS01211
SMHB000137	SMTS01240
SMHB000137	SMTS01298
SMHB000137	SMTS01351
SMHB000137	SMTS01586
SMHB000138	SMTS00038
SMHB000138	SMTS00185
SMHB000138	SMTS00266
SMHB000138	SMTS00274
SMHB000138	SMTS00306
SMHB000138	SMTS00419
SMHB000138	SMTS00425
SMHB000138	SMTS00492
SMHB000138	SMTS00831
SMHB000138	SMTS00898
SMHB000138	SMTS00899
SMHB000138	SMTS01119
SMHB000138	SMTS01288
SMHB000139	SMTS00015
SMHB000139	SMTS00089
SMHB000139	SMTS00250
SMHB000139	SMTS00283
SMHB000139	SMTS00285
SMHB000139	SMTS00286
SMHB000139	SMTS00293
SMHB000139	SMTS00295
SMHB000139	SMTS00518
SMHB000139	SMTS00562
SMHB000139	SMTS00563
SMHB000139	SMTS00564
SMHB000139	SMTS00578
SMHB000139	SMTS00579
SMHB000139	SMTS00712
SMHB000139	SMTS00816
SMHB000139	SMTS00817
SMHB000139	SMTS00892
SMHB000139	SMTS00950
SMHB000139	SMTS00951
SMHB000139	SMTS00984
SMHB000139	SMTS01121
SMHB000139	SMTS01122
SMHB000139	SMTS01124
SMHB000139	SMTS01125
SMHB000139	SMTS01126
SMHB000139	SMTS01127
SMHB000139	SMTS01132
SMHB000139	SMTS01133
SMHB000139	SMTS01134
SMHB000139	SMTS01135
SMHB000139	SMTS01138
SMHB000139	SMTS01142
SMHB000139	SMTS01182
SMHB000139	SMTS01189
SMHB000139	SMTS01195
SMHB000139	SMTS01235
SMHB000139	SMTS01241
SMHB000139	SMTS01246
SMHB000139	SMTS01299
SMHB000139	SMTS01305
SMHB000139	SMTS01308
SMHB000139	SMTS01348
SMHB000139	SMTS01390
SMHB000139	SMTS01441
SMHB000139	SMTS01446
SMHB000139	SMTS01754
SMHB000139	SMTS01756
SMHB000139	SMTS01788
SMHB000139	SMTS01792
SMHB000139	SMTS01823
SMHB000139	SMTS01978
SMHB000139	SMTS02159
SMHB000140	SMTS00016
SMHB000140	SMTS00119
SMHB000140	SMTS00405
SMHB000140	SMTS00541
SMHB000140	SMTS00688
SMHB000140	SMTS00692
SMHB000140	SMTS00721
SMHB000140	SMTS00727
SMHB000140	SMTS00735
SMHB000140	SMTS00743
SMHB000140	SMTS00744
SMHB000140	SMTS00768
SMHB000140	SMTS00779
SMHB000140	SMTS00815
SMHB000140	SMTS00828
SMHB000140	SMTS00931
SMHB000140	SMTS00977
SMHB000140	SMTS01199
SMHB000140	SMTS01206
SMHB000140	SMTS01207
SMHB000140	SMTS01231
SMHB000140	SMTS01321
SMHB000140	SMTS01453
SMHB000140	SMTS01457
SMHB000140	SMTS01513
SMHB000140	SMTS01523
SMHB000140	SMTS01586
SMHB000140	SMTS01599
SMHB000140	SMTS01687
SMHB000140	SMTS01689
SMHB000140	SMTS02016
SMHB000140	SMTS02100
SMHB000140	SMTS02102
SMHB000140	SMTS02194
SMHB000141	SMTS00024
SMHB000141	SMTS00092
SMHB000141	SMTS00105
SMHB000141	SMTS00226
SMHB000141	SMTS00306
SMHB000141	SMTS00307
SMHB000141	SMTS00317
SMHB000141	SMTS00318
SMHB000141	SMTS00319
SMHB000141	SMTS00323
SMHB000141	SMTS00324
SMHB000141	SMTS00488
SMHB000141	SMTS00494
SMHB000141	SMTS00495
SMHB000141	SMTS00500
SMHB000141	SMTS00502
SMHB000141	SMTS00503
SMHB000141	SMTS00518
SMHB000141	SMTS00712
SMHB000141	SMTS00816
SMHB000141	SMTS00817
SMHB000141	SMTS00950
SMHB000141	SMTS00951
SMHB000141	SMTS00970
SMHB000141	SMTS01009
SMHB000141	SMTS01029
SMHB000141	SMTS01121
SMHB000141	SMTS01122
SMHB000141	SMTS01125
SMHB000141	SMTS01126
SMHB000141	SMTS01127
SMHB000141	SMTS01132
SMHB000141	SMTS01133
SMHB000141	SMTS01134
SMHB000141	SMTS01135
SMHB000141	SMTS01288
SMHB000141	SMTS01439
SMHB000141	SMTS01441
SMHB000141	SMTS01504
SMHB000141	SMTS01624
SMHB000141	SMTS01625
SMHB000141	SMTS01626
SMHB000141	SMTS01705
SMHB000141	SMTS01708
SMHB000141	SMTS01833
SMHB000141	SMTS01854
SMHB000142	SMTS00093
SMHB000142	SMTS00330
SMHB000142	SMTS00338
SMHB000142	SMTS00390
SMHB000142	SMTS00558
SMHB000142	SMTS00701
SMHB000142	SMTS01119
SMHB000142	SMTS01124
SMHB000142	SMTS01138
SMHB000142	SMTS01140
SMHB000142	SMTS01141
SMHB000142	SMTS01142
SMHB000142	SMTS01236
SMHB000142	SMTS02171
SMHB000142	SMTS02342
SMHB000142	SMTS02343
SMHB000143	SMTS00086
SMHB000143	SMTS00138
SMHB000143	SMTS00213
SMHB000143	SMTS00226
SMHB000143	SMTS00351
SMHB000143	SMTS00391
SMHB000143	SMTS00407
SMHB000143	SMTS00506
SMHB000143	SMTS00511
SMHB000143	SMTS00605
SMHB000143	SMTS00681
SMHB000143	SMTS00682
SMHB000143	SMTS00696
SMHB000143	SMTS00697
SMHB000143	SMTS00799
SMHB000143	SMTS00823
SMHB000143	SMTS00962
SMHB000143	SMTS01109
SMHB000143	SMTS01113
SMHB000143	SMTS01239
SMHB000143	SMTS01260
SMHB000143	SMTS01356
SMHB000143	SMTS01431
SMHB000143	SMTS01439
SMHB000143	SMTS01520
SMHB000143	SMTS01521
SMHB000143	SMTS01524
SMHB000143	SMTS01525
SMHB000143	SMTS01526
SMHB000143	SMTS01530
SMHB000143	SMTS01531
SMHB000143	SMTS01532
SMHB000143	SMTS01534
SMHB000143	SMTS01543
SMHB000143	SMTS01561
SMHB000143	SMTS01571
SMHB000143	SMTS01624
SMHB000143	SMTS01625
SMHB000143	SMTS01626
SMHB000143	SMTS01627
SMHB000143	SMTS02242
SMHB000143	SMTS02243
SMHB000143	SMTS02249
SMHB000143	SMTS02303
SMHB000144	SMTS00016
SMHB000144	SMTS00518
SMHB000144	SMTS00541
SMHB000144	SMTS00634
SMHB000144	SMTS00688
SMHB000144	SMTS00703
SMHB000144	SMTS00712
SMHB000144	SMTS00779
SMHB000144	SMTS00816
SMHB000144	SMTS00817
SMHB000144	SMTS00950
SMHB000144	SMTS00951
SMHB000144	SMTS01121
SMHB000144	SMTS01122
SMHB000144	SMTS01125
SMHB000144	SMTS01126
SMHB000144	SMTS01127
SMHB000144	SMTS01132
SMHB000144	SMTS01133
SMHB000144	SMTS01134
SMHB000144	SMTS01135
SMHB000144	SMTS01190
SMHB000144	SMTS01231
SMHB000144	SMTS01418
SMHB000144	SMTS01419
SMHB000144	SMTS01420
SMHB000144	SMTS01421
SMHB000144	SMTS01441
SMHB000144	SMTS01453
SMHB000144	SMTS01512
SMHB000144	SMTS01513
SMHB000144	SMTS01687
SMHB000144	SMTS01688
SMHB000144	SMTS01689
SMHB000144	SMTS02100
SMHB000144	SMTS02101
SMHB000144	SMTS02102
SMHB000145	SMTS00009
SMHB000145	SMTS00224
SMHB000145	SMTS00226
SMHB000145	SMTS00347
SMHB000145	SMTS00348
SMHB000145	SMTS00351
SMHB000145	SMTS00407
SMHB000145	SMTS00413
SMHB000145	SMTS00450
SMHB000145	SMTS00467
SMHB000145	SMTS00501
SMHB000145	SMTS00922
SMHB000145	SMTS01416
SMHB000145	SMTS01454
SMHB000145	SMTS01520
SMHB000145	SMTS01521
SMHB000145	SMTS01524
SMHB000145	SMTS01525
SMHB000145	SMTS01526
SMHB000145	SMTS01529
SMHB000145	SMTS01530
SMHB000145	SMTS01532
SMHB000145	SMTS02089
SMHB000145	SMTS02114
SMHB000145	SMTS02118
SMHB000145	SMTS02285
SMHB000146	SMTS00060
SMHB000146	SMTS00339
SMHB000146	SMTS00998
SMHB000146	SMTS01063
SMHB000146	SMTS01892
SMHB000146	SMTS01906
SMHB000146	SMTS02079
SMHB000146	SMTS02146
SMHB000146	SMTS02339
SMHB000147	SMTS00042
SMHB000147	SMTS00044
SMHB000147	SMTS00045
SMHB000147	SMTS00152
SMHB000147	SMTS00153
SMHB000147	SMTS00154
SMHB000147	SMTS00155
SMHB000147	SMTS00157
SMHB000147	SMTS00255
SMHB000147	SMTS00257
SMHB000147	SMTS00258
SMHB000147	SMTS00406
SMHB000147	SMTS00549
SMHB000147	SMTS00794
SMHB000147	SMTS00857
SMHB000147	SMTS00858
SMHB000147	SMTS00917
SMHB000147	SMTS00924
SMHB000147	SMTS01059
SMHB000147	SMTS01060
SMHB000147	SMTS01061
SMHB000147	SMTS01070
SMHB000147	SMTS01071
SMHB000147	SMTS01072
SMHB000147	SMTS01073
SMHB000147	SMTS01078
SMHB000147	SMTS01093
SMHB000147	SMTS01336
SMHB000147	SMTS01341
SMHB000147	SMTS01342
SMHB000147	SMTS01343
SMHB000147	SMTS01346
SMHB000147	SMTS01360
SMHB000147	SMTS01361
SMHB000147	SMTS01362
SMHB000147	SMTS01382
SMHB000147	SMTS01383
SMHB000147	SMTS01384
SMHB000147	SMTS01386
SMHB000147	SMTS01389
SMHB000147	SMTS01414
SMHB000147	SMTS01929
SMHB000147	SMTS02132
SMHB000147	SMTS02156
SMHB000148	SMTS00095
SMHB000148	SMTS00128
SMHB000148	SMTS00172
SMHB000148	SMTS00174
SMHB000148	SMTS00183
SMHB000148	SMTS00350
SMHB000148	SMTS00405
SMHB000148	SMTS00452
SMHB000148	SMTS00721
SMHB000148	SMTS00727
SMHB000148	SMTS00735
SMHB000148	SMTS00743
SMHB000148	SMTS00744
SMHB000148	SMTS00765
SMHB000148	SMTS00768
SMHB000148	SMTS00776
SMHB000148	SMTS00793
SMHB000148	SMTS00823
SMHB000148	SMTS00839
SMHB000148	SMTS00873
SMHB000148	SMTS00931
SMHB000148	SMTS00974
SMHB000148	SMTS00977
SMHB000148	SMTS00978
SMHB000148	SMTS01049
SMHB000148	SMTS01280
SMHB000148	SMTS01283
SMHB000148	SMTS01284
SMHB000148	SMTS01321
SMHB000148	SMTS01561
SMHB000148	SMTS01577
SMHB000148	SMTS01686
SMHB000148	SMTS01774
SMHB000148	SMTS01872
SMHB000148	SMTS01985
SMHB000148	SMTS02020
SMHB000148	SMTS02063
SMHB000148	SMTS02342
SMHB000149	SMTS00363
SMHB000149	SMTS00372
SMHB000149	SMTS00373
SMHB000149	SMTS00490
SMHB000149	SMTS00541
SMHB000149	SMTS00779
SMHB000149	SMTS00825
SMHB000149	SMTS00826
SMHB000149	SMTS00855
SMHB000149	SMTS00857
SMHB000149	SMTS00858
SMHB000149	SMTS01231
SMHB000149	SMTS01362
SMHB000149	SMTS01386
SMHB000149	SMTS01414
SMHB000149	SMTS01453
SMHB000149	SMTS01563
SMHB000149	SMTS01687
SMHB000149	SMTS01689
SMHB000149	SMTS01885
SMHB000150	SMTS00128
SMHB000150	SMTS00283
SMHB000150	SMTS00284
SMHB000150	SMTS00288
SMHB000150	SMTS00289
SMHB000150	SMTS00800
SMHB000150	SMTS00912
SMHB000150	SMTS00983
SMHB000150	SMTS01298
SMHB000150	SMTS01586
SMHB000151	SMTS00027
SMHB000151	SMTS00033
SMHB000151	SMTS00068
SMHB000151	SMTS00069
SMHB000151	SMTS00092
SMHB000151	SMTS00234
SMHB000151	SMTS00235
SMHB000151	SMTS00236
SMHB000151	SMTS00253
SMHB000151	SMTS00283
SMHB000151	SMTS00284
SMHB000151	SMTS00288
SMHB000151	SMTS00289
SMHB000151	SMTS00381
SMHB000151	SMTS00490
SMHB000151	SMTS00518
SMHB000151	SMTS00542
SMHB000151	SMTS00638
SMHB000151	SMTS00712
SMHB000151	SMTS00755
SMHB000151	SMTS00756
SMHB000151	SMTS00757
SMHB000151	SMTS00800
SMHB000151	SMTS00816
SMHB000151	SMTS00817
SMHB000151	SMTS00903
SMHB000151	SMTS00912
SMHB000151	SMTS00932
SMHB000151	SMTS00935
SMHB000151	SMTS00950
SMHB000151	SMTS00951
SMHB000151	SMTS00983
SMHB000151	SMTS01013
SMHB000151	SMTS01121
SMHB000151	SMTS01122
SMHB000151	SMTS01125
SMHB000151	SMTS01126
SMHB000151	SMTS01127
SMHB000151	SMTS01132
SMHB000151	SMTS01133
SMHB000151	SMTS01134
SMHB000151	SMTS01135
SMHB000151	SMTS01150
SMHB000151	SMTS01151
SMHB000151	SMTS01175
SMHB000151	SMTS01183
SMHB000151	SMTS01185
SMHB000151	SMTS01210
SMHB000151	SMTS01211
SMHB000151	SMTS01217
SMHB000151	SMTS01289
SMHB000151	SMTS01298
SMHB000151	SMTS01362
SMHB000151	SMTS01384
SMHB000151	SMTS01386
SMHB000151	SMTS01387
SMHB000151	SMTS01414
SMHB000151	SMTS01441
SMHB000151	SMTS01586
SMHB000152	SMTS00206
SMHB000152	SMTS00805
SMHB000152	SMTS00808
SMHB000152	SMTS00809
SMHB000152	SMTS00895
SMHB000152	SMTS01331
SMHB000152	SMTS01333
SMHB000152	SMTS01334
SMHB000152	SMTS01335
SMHB000152	SMTS01344
SMHB000152	SMTS01345
SMHB000152	SMTS01360
SMHB000152	SMTS01361
SMHB000152	SMTS01365
SMHB000152	SMTS01392
SMHB000152	SMTS01608
SMHB000152	SMTS01610
SMHB000153	SMTS00036
SMHB000153	SMTS00094
SMHB000153	SMTS00192
SMHB000153	SMTS00202
SMHB000153	SMTS00280
SMHB000153	SMTS00281
SMHB000153	SMTS00283
SMHB000153	SMTS00284
SMHB000153	SMTS00289
SMHB000153	SMTS00473
SMHB000153	SMTS00800
SMHB000153	SMTS00824
SMHB000153	SMTS00861
SMHB000153	SMTS00983
SMHB000153	SMTS01110
SMHB000153	SMTS01288
SMHB000153	SMTS01298
SMHB000153	SMTS01336
SMHB000153	SMTS01341
SMHB000153	SMTS01342
SMHB000153	SMTS01343
SMHB000153	SMTS01586
SMHB000153	SMTS01605
SMHB000153	SMTS01645
SMHB000153	SMTS01647
SMHB000153	SMTS01649
SMHB000153	SMTS01744
SMHB000153	SMTS01746
SMHB000153	SMTS01747
SMHB000153	SMTS01775
SMHB000153	SMTS01867
SMHB000153	SMTS01868
SMHB000153	SMTS01874
SMHB000153	SMTS01887
SMHB000153	SMTS01895
SMHB000153	SMTS01972
SMHB000153	SMTS01981
SMHB000153	SMTS02077
SMHB000153	SMTS02128
SMHB000153	SMTS02252
SMHB000153	SMTS02325
SMHB000154	SMTS00035
SMHB000154	SMTS00104
SMHB000154	SMTS00274
SMHB000154	SMTS00379
SMHB000154	SMTS00394
SMHB000154	SMTS00395
SMHB000154	SMTS00397
SMHB000154	SMTS00400
SMHB000154	SMTS00419
SMHB000154	SMTS00425
SMHB000154	SMTS00435
SMHB000154	SMTS00541
SMHB000154	SMTS00768
SMHB000154	SMTS00779
SMHB000154	SMTS00824
SMHB000154	SMTS00866
SMHB000154	SMTS00931
SMHB000154	SMTS01231
SMHB000154	SMTS01319
SMHB000154	SMTS01453
SMHB000154	SMTS01465
SMHB000154	SMTS01466
SMHB000154	SMTS01467
SMHB000154	SMTS01468
SMHB000154	SMTS01469
SMHB000154	SMTS01475
SMHB000154	SMTS01476
SMHB000154	SMTS01477
SMHB000154	SMTS01481
SMHB000154	SMTS01484
SMHB000154	SMTS01486
SMHB000154	SMTS01492
SMHB000154	SMTS01686
SMHB000154	SMTS01689
SMHB000154	SMTS01703
SMHB000154	SMTS01981
SMHB000154	SMTS01996
SMHB000154	SMTS01998
SMHB000154	SMTS02156
SMHB000154	SMTS02294
SMHB000155	SMTS00028
SMHB000155	SMTS00038
SMHB000155	SMTS00095
SMHB000155	SMTS00142
SMHB000155	SMTS00283
SMHB000155	SMTS00284
SMHB000155	SMTS00288
SMHB000155	SMTS00289
SMHB000155	SMTS00292
SMHB000155	SMTS00294
SMHB000155	SMTS00306
SMHB000155	SMTS00354
SMHB000155	SMTS00363
SMHB000155	SMTS00450
SMHB000155	SMTS00470
SMHB000155	SMTS00569
SMHB000155	SMTS00600
SMHB000155	SMTS00611
SMHB000155	SMTS00657
SMHB000155	SMTS00680
SMHB000155	SMTS00793
SMHB000155	SMTS00800
SMHB000155	SMTS00867
SMHB000155	SMTS00903
SMHB000155	SMTS00917
SMHB000155	SMTS00924
SMHB000155	SMTS00955
SMHB000155	SMTS00983
SMHB000155	SMTS01027
SMHB000155	SMTS01050
SMHB000155	SMTS01088
SMHB000155	SMTS01110
SMHB000155	SMTS01116
SMHB000155	SMTS01170
SMHB000155	SMTS01171
SMHB000155	SMTS01240
SMHB000155	SMTS01288
SMHB000155	SMTS01298
SMHB000155	SMTS01305
SMHB000155	SMTS01306
SMHB000155	SMTS01331
SMHB000155	SMTS01333
SMHB000155	SMTS01334
SMHB000155	SMTS01335
SMHB000155	SMTS01357
SMHB000155	SMTS01564
SMHB000155	SMTS01586
SMHB000155	SMTS01603
SMHB000155	SMTS01642
SMHB000155	SMTS01828
SMHB000155	SMTS02309
SMHB000156	SMTS00346
SMHB000156	SMTS00364
SMHB000156	SMTS00465
SMHB000156	SMTS00466
SMHB000156	SMTS00827
SMHB000156	SMTS01010
SMHB000156	SMTS01296
SMHB000156	SMTS01653
SMHB000156	SMTS01711
SMHB000156	SMTS01968
SMHB000157	SMTS00722
SMHB000157	SMTS00731
SMHB000157	SMTS00736
SMHB000157	SMTS00737
SMHB000157	SMTS00738
SMHB000157	SMTS00740
SMHB000157	SMTS00741
SMHB000157	SMTS00873
SMHB000157	SMTS00981
SMHB000157	SMTS01280
SMHB000157	SMTS01443
SMHB000157	SMTS01985
SMHB000157	SMTS02237
SMHB000158	SMTS00035
SMHB000158	SMTS00274
SMHB000158	SMTS00419
SMHB000158	SMTS00425
SMHB000158	SMTS00776
SMHB000158	SMTS00866
SMHB000158	SMTS02165
SMHB000159	SMTS00326
SMHB000159	SMTS00327
SMHB000159	SMTS00328
SMHB000159	SMTS00541
SMHB000159	SMTS00642
SMHB000159	SMTS00779
SMHB000159	SMTS00783
SMHB000159	SMTS01027
SMHB000159	SMTS01088
SMHB000159	SMTS01231
SMHB000159	SMTS01453
SMHB000159	SMTS01591
SMHB000159	SMTS01687
SMHB000159	SMTS01689
SMHB000159	SMTS02068
SMHB000159	SMTS02107
SMHB000160	SMTS00048
SMHB000160	SMTS00050
SMHB000160	SMTS00114
SMHB000160	SMTS00303
SMHB000160	SMTS00388
SMHB000160	SMTS00404
SMHB000160	SMTS00526
SMHB000160	SMTS00527
SMHB000160	SMTS00529
SMHB000160	SMTS00530
SMHB000160	SMTS00531
SMHB000160	SMTS00533
SMHB000160	SMTS00534
SMHB000160	SMTS00546
SMHB000160	SMTS00617
SMHB000160	SMTS00619
SMHB000160	SMTS00717
SMHB000160	SMTS00966
SMHB000160	SMTS00967
SMHB000160	SMTS00968
SMHB000160	SMTS01118
SMHB000160	SMTS01159
SMHB000160	SMTS01321
SMHB000160	SMTS01440
SMHB000160	SMTS01489
SMHB000160	SMTS01490
SMHB000160	SMTS01494
SMHB000160	SMTS01579
SMHB000161	SMTS00023
SMHB000161	SMTS00048
SMHB000161	SMTS00050
SMHB000161	SMTS00084
SMHB000161	SMTS00107
SMHB000161	SMTS00108
SMHB000161	SMTS00137
SMHB000161	SMTS00242
SMHB000161	SMTS00338
SMHB000161	SMTS00340
SMHB000161	SMTS00379
SMHB000161	SMTS00388
SMHB000161	SMTS00717
SMHB000161	SMTS00742
SMHB000161	SMTS00752
SMHB000161	SMTS01147
SMHB000161	SMTS01152
SMHB000161	SMTS01200
SMHB000161	SMTS01318
SMHB000161	SMTS01319
SMHB000161	SMTS01440
SMHB000161	SMTS01446
SMHB000161	SMTS01447
SMHB000161	SMTS01452
SMHB000161	SMTS01570
SMHB000161	SMTS01650
SMHB000161	SMTS01651
SMHB000161	SMTS01703
SMHB000161	SMTS01867
SMHB000161	SMTS01972
SMHB000162	SMTS00045
SMHB000162	SMTS00116
SMHB000162	SMTS00520
SMHB000162	SMTS00606
SMHB000162	SMTS00801
SMHB000162	SMTS01153
SMHB000162	SMTS01155
SMHB000162	SMTS01533
SMHB000162	SMTS01540
SMHB000162	SMTS01542
SMHB000162	SMTS01561
SMHB000162	SMTS02231
SMHB000162	SMTS02244
SMHB000162	SMTS02300
SMHB000163	SMTS00103
SMHB000163	SMTS00283
SMHB000163	SMTS00284
SMHB000163	SMTS00288
SMHB000163	SMTS00289
SMHB000163	SMTS00304
SMHB000163	SMTS00305
SMHB000163	SMTS00800
SMHB000163	SMTS00983
SMHB000163	SMTS01298
SMHB000163	SMTS01586
SMHB000163	SMTS01859
SMHB000163	SMTS02134
SMHB000163	SMTS02261
SMHB000163	SMTS02263
SMHB000164	SMTS00038
SMHB000164	SMTS00053
SMHB000164	SMTS00055
SMHB000164	SMTS00208
SMHB000164	SMTS00242
SMHB000164	SMTS00339
SMHB000164	SMTS00351
SMHB000164	SMTS00407
SMHB000164	SMTS00466
SMHB000164	SMTS00647
SMHB000164	SMTS00696
SMHB000164	SMTS00739
SMHB000164	SMTS01008
SMHB000164	SMTS01010
SMHB000164	SMTS01011
SMHB000164	SMTS01018
SMHB000164	SMTS01027
SMHB000164	SMTS01041
SMHB000164	SMTS01042
SMHB000164	SMTS01101
SMHB000164	SMTS01102
SMHB000164	SMTS01104
SMHB000164	SMTS01105
SMHB000164	SMTS01124
SMHB000164	SMTS01138
SMHB000164	SMTS01140
SMHB000164	SMTS01142
SMHB000164	SMTS01286
SMHB000164	SMTS01296
SMHB000164	SMTS01520
SMHB000164	SMTS01521
SMHB000164	SMTS01524
SMHB000164	SMTS01525
SMHB000164	SMTS01526
SMHB000164	SMTS01530
SMHB000164	SMTS01532
SMHB000164	SMTS01547
SMHB000164	SMTS01711
SMHB000164	SMTS01713
SMHB000164	SMTS01910
SMHB000164	SMTS01912
SMHB000164	SMTS02247
SMHB000164	SMTS02339
SMHB000165	SMTS00035
SMHB000165	SMTS00082
SMHB000165	SMTS00085
SMHB000165	SMTS00142
SMHB000165	SMTS00274
SMHB000165	SMTS00280
SMHB000165	SMTS00283
SMHB000165	SMTS00284
SMHB000165	SMTS00289
SMHB000165	SMTS00347
SMHB000165	SMTS00419
SMHB000165	SMTS00425
SMHB000165	SMTS00473
SMHB000165	SMTS00800
SMHB000165	SMTS00815
SMHB000165	SMTS00866
SMHB000165	SMTS00983
SMHB000165	SMTS01199
SMHB000165	SMTS01206
SMHB000165	SMTS01207
SMHB000165	SMTS01298
SMHB000165	SMTS01350
SMHB000165	SMTS01586
SMHB000165	SMTS01608
SMHB000165	SMTS01610
SMHB000165	SMTS01748
SMHB000165	SMTS01749
SMHB000165	SMTS02004
SMHB000166	SMTS00005
SMHB000166	SMTS00045
SMHB000166	SMTS00054
SMHB000166	SMTS00179
SMHB000166	SMTS00224
SMHB000166	SMTS00226
SMHB000166	SMTS00660
SMHB000166	SMTS00661
SMHB000166	SMTS00799
SMHB000166	SMTS01001
SMHB000166	SMTS01003
SMHB000166	SMTS01004
SMHB000166	SMTS01005
SMHB000166	SMTS01007
SMHB000166	SMTS01123
SMHB000166	SMTS01124
SMHB000166	SMTS01138
SMHB000166	SMTS01140
SMHB000166	SMTS01142
SMHB000166	SMTS01158
SMHB000166	SMTS01425
SMHB000166	SMTS01504
SMHB000166	SMTS01675
SMHB000167	SMTS00023
SMHB000167	SMTS00053
SMHB000167	SMTS00055
SMHB000167	SMTS00086
SMHB000167	SMTS00138
SMHB000167	SMTS00213
SMHB000167	SMTS00340
SMHB000167	SMTS00413
SMHB000167	SMTS00506
SMHB000167	SMTS00511
SMHB000167	SMTS00600
SMHB000167	SMTS00652
SMHB000167	SMTS00653
SMHB000167	SMTS00674
SMHB000167	SMTS00680
SMHB000167	SMTS00682
SMHB000167	SMTS00765
SMHB000167	SMTS00903
SMHB000167	SMTS01101
SMHB000167	SMTS01104
SMHB000167	SMTS01105
SMHB000167	SMTS01240
SMHB000167	SMTS01246
SMHB000167	SMTS01357
SMHB000167	SMTS01448
SMHB000167	SMTS01566
SMHB000167	SMTS01655
SMHB000167	SMTS01867
SMHB000167	SMTS01869
SMHB000167	SMTS01972
SMHB000167	SMTS02206
SMHB000168	SMTS00035
SMHB000168	SMTS00086
SMHB000168	SMTS00128
SMHB000168	SMTS00132
SMHB000168	SMTS00139
SMHB000168	SMTS00141
SMHB000168	SMTS00280
SMHB000168	SMTS00281
SMHB000168	SMTS00283
SMHB000168	SMTS00284
SMHB000168	SMTS00288
SMHB000168	SMTS00289
SMHB000168	SMTS00303
SMHB000168	SMTS00359
SMHB000168	SMTS00404
SMHB000168	SMTS00437
SMHB000168	SMTS00450
SMHB000168	SMTS00470
SMHB000168	SMTS00473
SMHB000168	SMTS00488
SMHB000168	SMTS00517
SMHB000168	SMTS00541
SMHB000168	SMTS00569
SMHB000168	SMTS00574
SMHB000168	SMTS00599
SMHB000168	SMTS00620
SMHB000168	SMTS00621
SMHB000168	SMTS00764
SMHB000168	SMTS00779
SMHB000168	SMTS00785
SMHB000168	SMTS00787
SMHB000168	SMTS00800
SMHB000168	SMTS00834
SMHB000168	SMTS00866
SMHB000168	SMTS00898
SMHB000168	SMTS00965
SMHB000168	SMTS00966
SMHB000168	SMTS00967
SMHB000168	SMTS00983
SMHB000168	SMTS01110
SMHB000168	SMTS01115
SMHB000168	SMTS01116
SMHB000168	SMTS01117
SMHB000168	SMTS01231
SMHB000168	SMTS01240
SMHB000168	SMTS01298
SMHB000168	SMTS01311
SMHB000168	SMTS01312
SMHB000168	SMTS01314
SMHB000168	SMTS01315
SMHB000168	SMTS01317
SMHB000168	SMTS01336
SMHB000168	SMTS01341
SMHB000168	SMTS01342
SMHB000168	SMTS01343
SMHB000168	SMTS01346
SMHB000168	SMTS01360
SMHB000168	SMTS01361
SMHB000168	SMTS01365
SMHB000168	SMTS01392
SMHB000168	SMTS01397
SMHB000168	SMTS01400
SMHB000168	SMTS01405
SMHB000168	SMTS01406
SMHB000168	SMTS01411
SMHB000168	SMTS01453
SMHB000168	SMTS01586
SMHB000168	SMTS01642
SMHB000168	SMTS01645
SMHB000168	SMTS01646
SMHB000168	SMTS01647
SMHB000168	SMTS01648
SMHB000168	SMTS01649
SMHB000168	SMTS01659
SMHB000168	SMTS01687
SMHB000168	SMTS01689
SMHB000168	SMTS01897
SMHB000168	SMTS02046
SMHB000168	SMTS02284
SMHB000169	SMTS00012
SMHB000169	SMTS00023
SMHB000169	SMTS00038
SMHB000169	SMTS00046
SMHB000169	SMTS00047
SMHB000169	SMTS00048
SMHB000169	SMTS00050
SMHB000169	SMTS00051
SMHB000169	SMTS00065
SMHB000169	SMTS00067
SMHB000169	SMTS00161
SMHB000169	SMTS00164
SMHB000169	SMTS00165
SMHB000169	SMTS00167
SMHB000169	SMTS00168
SMHB000169	SMTS00169
SMHB000169	SMTS00201
SMHB000169	SMTS00213
SMHB000169	SMTS00240
SMHB000169	SMTS00340
SMHB000169	SMTS00380
SMHB000169	SMTS00388
SMHB000169	SMTS00436
SMHB000169	SMTS00531
SMHB000169	SMTS00534
SMHB000169	SMTS00600
SMHB000169	SMTS00610
SMHB000169	SMTS00647
SMHB000169	SMTS00681
SMHB000169	SMTS00706
SMHB000169	SMTS00709
SMHB000169	SMTS00717
SMHB000169	SMTS00760
SMHB000169	SMTS00789
SMHB000169	SMTS00790
SMHB000169	SMTS00799
SMHB000169	SMTS00829
SMHB000169	SMTS00879
SMHB000169	SMTS00896
SMHB000169	SMTS00990
SMHB000169	SMTS00992
SMHB000169	SMTS00996
SMHB000169	SMTS01027
SMHB000169	SMTS01097
SMHB000169	SMTS01159
SMHB000169	SMTS01192
SMHB000169	SMTS01260
SMHB000169	SMTS01353
SMHB000169	SMTS01440
SMHB000169	SMTS01514
SMHB000169	SMTS01584
SMHB000169	SMTS01593
SMHB000169	SMTS01596
SMHB000169	SMTS01661
SMHB000169	SMTS01692
SMHB000169	SMTS01693
SMHB000169	SMTS01707
SMHB000169	SMTS01730
SMHB000169	SMTS01867
SMHB000169	SMTS01972
SMHB000169	SMTS02249
SMHB000170	SMTS00116
SMHB000170	SMTS00503
SMHB000170	SMTS01082
SMHB000170	SMTS01855
SMHB000170	SMTS02054
SMHB000170	SMTS02058
SMHB000170	SMTS02066
SMHB000171	SMTS00015
SMHB000171	SMTS00018
SMHB000171	SMTS00045
SMHB000171	SMTS00068
SMHB000171	SMTS00069
SMHB000171	SMTS00092
SMHB000171	SMTS00114
SMHB000171	SMTS00149
SMHB000171	SMTS00163
SMHB000171	SMTS00253
SMHB000171	SMTS00283
SMHB000171	SMTS00285
SMHB000171	SMTS00290
SMHB000171	SMTS00292
SMHB000171	SMTS00379
SMHB000171	SMTS00437
SMHB000171	SMTS00546
SMHB000171	SMTS00645
SMHB000171	SMTS00658
SMHB000171	SMTS00755
SMHB000171	SMTS00756
SMHB000171	SMTS00757
SMHB000171	SMTS00795
SMHB000171	SMTS00892
SMHB000171	SMTS00893
SMHB000171	SMTS00984
SMHB000171	SMTS01050
SMHB000171	SMTS01088
SMHB000171	SMTS01118
SMHB000171	SMTS01150
SMHB000171	SMTS01182
SMHB000171	SMTS01183
SMHB000171	SMTS01185
SMHB000171	SMTS01195
SMHB000171	SMTS01210
SMHB000171	SMTS01211
SMHB000171	SMTS01217
SMHB000171	SMTS01294
SMHB000171	SMTS01305
SMHB000171	SMTS01641
SMHB000171	SMTS02210
SMHB000172	SMTS00093
SMHB000172	SMTS00134
SMHB000172	SMTS00390
SMHB000172	SMTS00405
SMHB000172	SMTS00541
SMHB000172	SMTS00721
SMHB000172	SMTS00727
SMHB000172	SMTS00735
SMHB000172	SMTS00743
SMHB000172	SMTS00744
SMHB000172	SMTS00768
SMHB000172	SMTS00779
SMHB000172	SMTS00931
SMHB000172	SMTS00977
SMHB000172	SMTS01231
SMHB000172	SMTS01236
SMHB000172	SMTS01321
SMHB000172	SMTS01453
SMHB000172	SMTS01677
SMHB000172	SMTS01678
SMHB000172	SMTS01679
SMHB000172	SMTS01681
SMHB000172	SMTS01687
SMHB000172	SMTS01689
SMHB000172	SMTS01858
SMHB000172	SMTS02342
SMHB000172	SMTS02343
SMHB000173	SMTS00060
SMHB000173	SMTS00065
SMHB000173	SMTS00068
SMHB000173	SMTS00069
SMHB000173	SMTS00187
SMHB000173	SMTS00188
SMHB000173	SMTS00253
SMHB000173	SMTS00283
SMHB000173	SMTS00284
SMHB000173	SMTS00288
SMHB000173	SMTS00289
SMHB000173	SMTS00359
SMHB000173	SMTS00379
SMHB000173	SMTS00517
SMHB000173	SMTS00706
SMHB000173	SMTS00709
SMHB000173	SMTS00755
SMHB000173	SMTS00756
SMHB000173	SMTS00757
SMHB000173	SMTS00800
SMHB000173	SMTS00983
SMHB000173	SMTS00995
SMHB000173	SMTS00996
SMHB000173	SMTS01063
SMHB000173	SMTS01066
SMHB000173	SMTS01067
SMHB000173	SMTS01068
SMHB000173	SMTS01085
SMHB000173	SMTS01198
SMHB000173	SMTS01210
SMHB000173	SMTS01211
SMHB000173	SMTS01298
SMHB000173	SMTS01318
SMHB000173	SMTS01319
SMHB000173	SMTS01514
SMHB000173	SMTS01586
SMHB000174	SMTS00283
SMHB000174	SMTS00284
SMHB000174	SMTS00288
SMHB000174	SMTS00289
SMHB000174	SMTS00376
SMHB000174	SMTS00386
SMHB000174	SMTS00452
SMHB000174	SMTS00478
SMHB000174	SMTS00506
SMHB000174	SMTS00611
SMHB000174	SMTS00800
SMHB000174	SMTS00983
SMHB000174	SMTS01297
SMHB000174	SMTS01298
SMHB000174	SMTS01300
SMHB000174	SMTS01301
SMHB000174	SMTS01302
SMHB000174	SMTS01304
SMHB000174	SMTS01306
SMHB000174	SMTS01307
SMHB000174	SMTS01586
SMHB000174	SMTS01630
SMHB000174	SMTS01840
SMHB000175	SMTS00023
SMHB000175	SMTS00038
SMHB000175	SMTS00266
SMHB000175	SMTS00274
SMHB000175	SMTS00340
SMHB000175	SMTS00419
SMHB000175	SMTS00425
SMHB000175	SMTS00463
SMHB000175	SMTS00520
SMHB000175	SMTS00606
SMHB000175	SMTS00645
SMHB000175	SMTS00701
SMHB000175	SMTS00844
SMHB000175	SMTS00847
SMHB000175	SMTS01032
SMHB000175	SMTS01051
SMHB000175	SMTS01124
SMHB000175	SMTS01138
SMHB000175	SMTS01140
SMHB000175	SMTS01141
SMHB000175	SMTS01142
SMHB000175	SMTS01153
SMHB000175	SMTS01155
SMHB000175	SMTS01533
SMHB000175	SMTS01540
SMHB000175	SMTS01542
SMHB000175	SMTS01617
SMHB000175	SMTS01619
SMHB000175	SMTS01867
SMHB000175	SMTS01972
SMHB000175	SMTS02125
SMHB000175	SMTS02231
SMHB000175	SMTS02244
SMHB000176	SMTS00137
SMHB000176	SMTS00225
SMHB000176	SMTS00227
SMHB000176	SMTS00541
SMHB000176	SMTS00550
SMHB000176	SMTS00551
SMHB000176	SMTS00555
SMHB000176	SMTS00779
SMHB000176	SMTS01200
SMHB000176	SMTS01231
SMHB000176	SMTS01453
SMHB000176	SMTS01570
SMHB000176	SMTS01650
SMHB000176	SMTS01651
SMHB000176	SMTS01676
SMHB000176	SMTS01677
SMHB000176	SMTS01678
SMHB000176	SMTS01681
SMHB000176	SMTS01689
SMHB000176	SMTS01703
SMHB000176	SMTS01813
SMHB000176	SMTS02043
SMHB000176	SMTS02139
SMHB000176	SMTS02140
SMHB000176	SMTS02332
SMHB000176	SMTS02335
SMHB000177	SMTS00035
SMHB000177	SMTS00038
SMHB000177	SMTS00118
SMHB000177	SMTS00172
SMHB000177	SMTS00174
SMHB000177	SMTS00191
SMHB000177	SMTS00213
SMHB000177	SMTS00257
SMHB000177	SMTS00266
SMHB000177	SMTS00274
SMHB000177	SMTS00281
SMHB000177	SMTS00404
SMHB000177	SMTS00405
SMHB000177	SMTS00419
SMHB000177	SMTS00425
SMHB000177	SMTS00470
SMHB000177	SMTS00549
SMHB000177	SMTS00550
SMHB000177	SMTS00551
SMHB000177	SMTS00555
SMHB000177	SMTS00627
SMHB000177	SMTS00693
SMHB000177	SMTS00768
SMHB000177	SMTS00822
SMHB000177	SMTS00824
SMHB000177	SMTS00866
SMHB000177	SMTS00931
SMHB000177	SMTS00934
SMHB000177	SMTS00977
SMHB000177	SMTS01110
SMHB000177	SMTS01277
SMHB000177	SMTS01599
SMHB000177	SMTS01645
SMHB000177	SMTS01646
SMHB000177	SMTS01649
SMHB000177	SMTS01941
SMHB000178	SMTS00068
SMHB000178	SMTS00069
SMHB000178	SMTS00253
SMHB000178	SMTS00283
SMHB000178	SMTS00284
SMHB000178	SMTS00288
SMHB000178	SMTS00289
SMHB000178	SMTS00294
SMHB000178	SMTS00359
SMHB000178	SMTS00379
SMHB000178	SMTS00517
SMHB000178	SMTS00611
SMHB000178	SMTS00755
SMHB000178	SMTS00756
SMHB000178	SMTS00757
SMHB000178	SMTS00776
SMHB000178	SMTS00800
SMHB000178	SMTS00978
SMHB000178	SMTS00983
SMHB000178	SMTS01161
SMHB000178	SMTS01170
SMHB000178	SMTS01171
SMHB000178	SMTS01175
SMHB000178	SMTS01177
SMHB000178	SMTS01210
SMHB000178	SMTS01211
SMHB000178	SMTS01298
SMHB000178	SMTS01318
SMHB000178	SMTS01319
SMHB000178	SMTS01577
SMHB000178	SMTS01586
SMHB000179	SMTS00073
SMHB000179	SMTS00629
SMHB000179	SMTS01197
SMHB000179	SMTS01449
SMHB000179	SMTS01702
SMHB000179	SMTS01703
SMHB000179	SMTS01777
SMHB000179	SMTS01932
SMHB000179	SMTS02073
SMHB000179	SMTS02119
SMHB000179	SMTS02135
SMHB000179	SMTS02145
SMHB000179	SMTS02153
SMHB000179	SMTS02170
SMHB000179	SMTS02265
SMHB000180	SMTS00057
SMHB000180	SMTS00109
SMHB000180	SMTS00114
SMHB000180	SMTS00117
SMHB000180	SMTS00496
SMHB000180	SMTS00546
SMHB000180	SMTS00549
SMHB000180	SMTS00667
SMHB000180	SMTS00803
SMHB000180	SMTS00804
SMHB000180	SMTS00894
SMHB000180	SMTS00970
SMHB000180	SMTS01028
SMHB000180	SMTS01118
SMHB000180	SMTS01148
SMHB000180	SMTS01149
SMHB000180	SMTS01551
SMHB000180	SMTS01553
SMHB000180	SMTS01554
SMHB000181	SMTS00092
SMHB000181	SMTS00549
SMHB000181	SMTS00550
SMHB000181	SMTS00551
SMHB000181	SMTS00552
SMHB000181	SMTS00553
SMHB000181	SMTS00555
SMHB000181	SMTS00753
SMHB000181	SMTS00795
SMHB000181	SMTS01063
SMHB000181	SMTS01065
SMHB000181	SMTS01066
SMHB000181	SMTS01067
SMHB000181	SMTS01068
SMHB000181	SMTS01085
SMHB000182	SMTS00016
SMHB000182	SMTS00023
SMHB000182	SMTS00048
SMHB000182	SMTS00050
SMHB000182	SMTS00300
SMHB000182	SMTS00312
SMHB000182	SMTS00340
SMHB000182	SMTS00388
SMHB000182	SMTS00518
SMHB000182	SMTS00688
SMHB000182	SMTS00712
SMHB000182	SMTS00717
SMHB000182	SMTS00752
SMHB000182	SMTS00816
SMHB000182	SMTS00817
SMHB000182	SMTS00950
SMHB000182	SMTS00951
SMHB000182	SMTS00955
SMHB000182	SMTS01029
SMHB000182	SMTS01121
SMHB000182	SMTS01122
SMHB000182	SMTS01125
SMHB000182	SMTS01126
SMHB000182	SMTS01127
SMHB000182	SMTS01132
SMHB000182	SMTS01133
SMHB000182	SMTS01134
SMHB000182	SMTS01135
SMHB000182	SMTS01152
SMHB000182	SMTS01439
SMHB000182	SMTS01440
SMHB000182	SMTS01441
SMHB000182	SMTS01446
SMHB000182	SMTS01624
SMHB000182	SMTS01625
SMHB000182	SMTS01626
SMHB000182	SMTS01680
SMHB000182	SMTS01867
SMHB000182	SMTS01972
SMHB000182	SMTS02277
SMHB000183	SMTS00016
SMHB000183	SMTS00045
SMHB000183	SMTS00048
SMHB000183	SMTS00050
SMHB000183	SMTS00088
SMHB000183	SMTS00107
SMHB000183	SMTS00134
SMHB000183	SMTS00137
SMHB000183	SMTS00300
SMHB000183	SMTS00313
SMHB000183	SMTS00315
SMHB000183	SMTS00388
SMHB000183	SMTS00518
SMHB000183	SMTS00688
SMHB000183	SMTS00712
SMHB000183	SMTS00717
SMHB000183	SMTS00816
SMHB000183	SMTS00817
SMHB000183	SMTS00950
SMHB000183	SMTS00951
SMHB000183	SMTS01121
SMHB000183	SMTS01122
SMHB000183	SMTS01125
SMHB000183	SMTS01126
SMHB000183	SMTS01127
SMHB000183	SMTS01132
SMHB000183	SMTS01133
SMHB000183	SMTS01134
SMHB000183	SMTS01135
SMHB000183	SMTS01194
SMHB000183	SMTS01200
SMHB000183	SMTS01439
SMHB000183	SMTS01440
SMHB000183	SMTS01441
SMHB000183	SMTS01570
SMHB000183	SMTS01624
SMHB000183	SMTS01625
SMHB000183	SMTS01626
SMHB000183	SMTS01650
SMHB000183	SMTS01651
SMHB000183	SMTS01678
SMHB000183	SMTS01679
SMHB000183	SMTS01681
SMHB000183	SMTS01687
SMHB000183	SMTS01703
SMHB000183	SMTS02045
SMHB000184	SMTS00095
SMHB000184	SMTS00121
SMHB000184	SMTS00128
SMHB000184	SMTS00172
SMHB000184	SMTS00174
SMHB000184	SMTS00183
SMHB000184	SMTS00350
SMHB000184	SMTS00382
SMHB000184	SMTS00404
SMHB000184	SMTS00405
SMHB000184	SMTS00414
SMHB000184	SMTS00452
SMHB000184	SMTS00652
SMHB000184	SMTS00655
SMHB000184	SMTS00721
SMHB000184	SMTS00727
SMHB000184	SMTS00735
SMHB000184	SMTS00743
SMHB000184	SMTS00744
SMHB000184	SMTS00765
SMHB000184	SMTS00768
SMHB000184	SMTS00776
SMHB000184	SMTS00793
SMHB000184	SMTS00823
SMHB000184	SMTS00839
SMHB000184	SMTS00873
SMHB000184	SMTS00883
SMHB000184	SMTS00893
SMHB000184	SMTS00906
SMHB000184	SMTS00923
SMHB000184	SMTS00931
SMHB000184	SMTS00974
SMHB000184	SMTS00977
SMHB000184	SMTS00978
SMHB000184	SMTS01049
SMHB000184	SMTS01113
SMHB000184	SMTS01160
SMHB000184	SMTS01280
SMHB000184	SMTS01283
SMHB000184	SMTS01284
SMHB000184	SMTS01321
SMHB000184	SMTS01526
SMHB000184	SMTS01561
SMHB000184	SMTS01571
SMHB000184	SMTS01577
SMHB000184	SMTS01686
SMHB000184	SMTS01774
SMHB000184	SMTS01872
SMHB000184	SMTS01985
SMHB000184	SMTS02020
SMHB000184	SMTS02063
SMHB000184	SMTS02342
SMHB000185	SMTS00005
SMHB000185	SMTS00065
SMHB000185	SMTS00096
SMHB000185	SMTS00102
SMHB000185	SMTS00138
SMHB000185	SMTS00240
SMHB000185	SMTS00520
SMHB000185	SMTS00558
SMHB000185	SMTS00561
SMHB000185	SMTS00573
SMHB000185	SMTS00586
SMHB000185	SMTS00595
SMHB000185	SMTS00600
SMHB000185	SMTS00602
SMHB000185	SMTS00606
SMHB000185	SMTS00652
SMHB000185	SMTS00655
SMHB000185	SMTS00657
SMHB000185	SMTS00706
SMHB000185	SMTS00709
SMHB000185	SMTS00760
SMHB000185	SMTS00789
SMHB000185	SMTS00790
SMHB000185	SMTS00823
SMHB000185	SMTS00829
SMHB000185	SMTS00893
SMHB000185	SMTS00896
SMHB000185	SMTS00904
SMHB000185	SMTS00916
SMHB000185	SMTS00925
SMHB000185	SMTS00926
SMHB000185	SMTS00938
SMHB000185	SMTS00962
SMHB000185	SMTS00990
SMHB000185	SMTS00992
SMHB000185	SMTS00996
SMHB000185	SMTS01096
SMHB000185	SMTS01097
SMHB000185	SMTS01098
SMHB000185	SMTS01099
SMHB000185	SMTS01109
SMHB000185	SMTS01123
SMHB000185	SMTS01153
SMHB000185	SMTS01155
SMHB000185	SMTS01260
SMHB000185	SMTS01417
SMHB000185	SMTS01425
SMHB000185	SMTS01514
SMHB000185	SMTS01533
SMHB000185	SMTS01540
SMHB000185	SMTS01542
SMHB000185	SMTS01566
SMHB000185	SMTS01584
SMHB000185	SMTS01654
SMHB000185	SMTS01661
SMHB000185	SMTS01693
SMHB000185	SMTS01759
SMHB000185	SMTS02231
SMHB000185	SMTS02244
SMHB000186	SMTS00016
SMHB000186	SMTS00018
SMHB000186	SMTS00030
SMHB000186	SMTS00043
SMHB000186	SMTS00045
SMHB000186	SMTS00057
SMHB000186	SMTS00063
SMHB000186	SMTS00068
SMHB000186	SMTS00069
SMHB000186	SMTS00100
SMHB000186	SMTS00121
SMHB000186	SMTS00134
SMHB000186	SMTS00157
SMHB000186	SMTS00160
SMHB000186	SMTS00205
SMHB000186	SMTS00213
SMHB000186	SMTS00223
SMHB000186	SMTS00225
SMHB000186	SMTS00226
SMHB000186	SMTS00227
SMHB000186	SMTS00234
SMHB000186	SMTS00253
SMHB000186	SMTS00265
SMHB000186	SMTS00306
SMHB000186	SMTS00316
SMHB000186	SMTS00317
SMHB000186	SMTS00318
SMHB000186	SMTS00320
SMHB000186	SMTS00323
SMHB000186	SMTS00324
SMHB000186	SMTS00400
SMHB000186	SMTS00405
SMHB000186	SMTS00437
SMHB000186	SMTS00501
SMHB000186	SMTS00549
SMHB000186	SMTS00567
SMHB000186	SMTS00587
SMHB000186	SMTS00600
SMHB000186	SMTS00614
SMHB000186	SMTS00615
SMHB000186	SMTS00634
SMHB000186	SMTS00635
SMHB000186	SMTS00641
SMHB000186	SMTS00657
SMHB000186	SMTS00667
SMHB000186	SMTS00688
SMHB000186	SMTS00692
SMHB000186	SMTS00693
SMHB000186	SMTS00701
SMHB000186	SMTS00707
SMHB000186	SMTS00721
SMHB000186	SMTS00727
SMHB000186	SMTS00728
SMHB000186	SMTS00751
SMHB000186	SMTS00752
SMHB000186	SMTS00755
SMHB000186	SMTS00756
SMHB000186	SMTS00757
SMHB000186	SMTS00759
SMHB000186	SMTS00768
SMHB000186	SMTS00776
SMHB000186	SMTS00794
SMHB000186	SMTS00828
SMHB000186	SMTS00879
SMHB000186	SMTS00893
SMHB000186	SMTS00894
SMHB000186	SMTS00906
SMHB000186	SMTS00915
SMHB000186	SMTS00916
SMHB000186	SMTS00917
SMHB000186	SMTS00924
SMHB000186	SMTS00925
SMHB000186	SMTS00931
SMHB000186	SMTS00934
SMHB000186	SMTS00944
SMHB000186	SMTS00956
SMHB000186	SMTS00959
SMHB000186	SMTS00960
SMHB000186	SMTS00961
SMHB000186	SMTS00974
SMHB000186	SMTS00977
SMHB000186	SMTS00978
SMHB000186	SMTS01005
SMHB000186	SMTS01025
SMHB000186	SMTS01028
SMHB000186	SMTS01113
SMHB000186	SMTS01120
SMHB000186	SMTS01133
SMHB000186	SMTS01140
SMHB000186	SMTS01141
SMHB000186	SMTS01147
SMHB000186	SMTS01150
SMHB000186	SMTS01152
SMHB000186	SMTS01157
SMHB000186	SMTS01192
SMHB000186	SMTS01210
SMHB000186	SMTS01211
SMHB000186	SMTS01260
SMHB000186	SMTS01270
SMHB000186	SMTS01321
SMHB000186	SMTS01324
SMHB000186	SMTS01325
SMHB000186	SMTS01326
SMHB000186	SMTS01331
SMHB000186	SMTS01333
SMHB000186	SMTS01334
SMHB000186	SMTS01335
SMHB000186	SMTS01353
SMHB000186	SMTS01364
SMHB000186	SMTS01416
SMHB000186	SMTS01417
SMHB000186	SMTS01418
SMHB000186	SMTS01420
SMHB000186	SMTS01446
SMHB000186	SMTS01447
SMHB000186	SMTS01457
SMHB000186	SMTS01461
SMHB000186	SMTS01462
SMHB000186	SMTS01476
SMHB000186	SMTS01484
SMHB000186	SMTS01485
SMHB000186	SMTS01489
SMHB000186	SMTS01502
SMHB000186	SMTS01526
SMHB000186	SMTS01551
SMHB000186	SMTS01553
SMHB000186	SMTS01554
SMHB000186	SMTS01566
SMHB000186	SMTS01599
SMHB000186	SMTS01687
SMHB000186	SMTS01697
SMHB000186	SMTS01699
SMHB000186	SMTS01996
SMHB000187	SMTS00012
SMHB000187	SMTS00023
SMHB000187	SMTS00046
SMHB000187	SMTS00048
SMHB000187	SMTS00050
SMHB000187	SMTS00051
SMHB000187	SMTS00065
SMHB000187	SMTS00067
SMHB000187	SMTS00090
SMHB000187	SMTS00096
SMHB000187	SMTS00102
SMHB000187	SMTS00122
SMHB000187	SMTS00138
SMHB000187	SMTS00161
SMHB000187	SMTS00164
SMHB000187	SMTS00167
SMHB000187	SMTS00168
SMHB000187	SMTS00169
SMHB000187	SMTS00201
SMHB000187	SMTS00213
SMHB000187	SMTS00238
SMHB000187	SMTS00240
SMHB000187	SMTS00278
SMHB000187	SMTS00314
SMHB000187	SMTS00340
SMHB000187	SMTS00380
SMHB000187	SMTS00388
SMHB000187	SMTS00436
SMHB000187	SMTS00437
SMHB000187	SMTS00501
SMHB000187	SMTS00506
SMHB000187	SMTS00531
SMHB000187	SMTS00534
SMHB000187	SMTS00569
SMHB000187	SMTS00570
SMHB000187	SMTS00571
SMHB000187	SMTS00600
SMHB000187	SMTS00610
SMHB000187	SMTS00645
SMHB000187	SMTS00647
SMHB000187	SMTS00652
SMHB000187	SMTS00653
SMHB000187	SMTS00657
SMHB000187	SMTS00674
SMHB000187	SMTS00680
SMHB000187	SMTS00681
SMHB000187	SMTS00706
SMHB000187	SMTS00709
SMHB000187	SMTS00717
SMHB000187	SMTS00760
SMHB000187	SMTS00789
SMHB000187	SMTS00790
SMHB000187	SMTS00793
SMHB000187	SMTS00799
SMHB000187	SMTS00808
SMHB000187	SMTS00823
SMHB000187	SMTS00829
SMHB000187	SMTS00879
SMHB000187	SMTS00893
SMHB000187	SMTS00896
SMHB000187	SMTS00903
SMHB000187	SMTS00911
SMHB000187	SMTS00916
SMHB000187	SMTS00917
SMHB000187	SMTS00922
SMHB000187	SMTS00924
SMHB000187	SMTS00925
SMHB000187	SMTS00926
SMHB000187	SMTS00929
SMHB000187	SMTS00955
SMHB000187	SMTS00962
SMHB000187	SMTS00990
SMHB000187	SMTS00992
SMHB000187	SMTS00996
SMHB000187	SMTS01027
SMHB000187	SMTS01097
SMHB000187	SMTS01101
SMHB000187	SMTS01109
SMHB000187	SMTS01115
SMHB000187	SMTS01119
SMHB000187	SMTS01159
SMHB000187	SMTS01191
SMHB000187	SMTS01204
SMHB000187	SMTS01205
SMHB000187	SMTS01260
SMHB000187	SMTS01333
SMHB000187	SMTS01351
SMHB000187	SMTS01414
SMHB000187	SMTS01416
SMHB000187	SMTS01417
SMHB000187	SMTS01440
SMHB000187	SMTS01503
SMHB000187	SMTS01514
SMHB000187	SMTS01529
SMHB000187	SMTS01564
SMHB000187	SMTS01565
SMHB000187	SMTS01566
SMHB000187	SMTS01584
SMHB000187	SMTS01593
SMHB000187	SMTS01596
SMHB000187	SMTS01630
SMHB000187	SMTS01655
SMHB000187	SMTS01661
SMHB000187	SMTS01692
SMHB000187	SMTS01693
SMHB000187	SMTS01704
SMHB000187	SMTS01707
SMHB000187	SMTS01730
SMHB000187	SMTS01762
SMHB000187	SMTS01867
SMHB000187	SMTS01972
SMHB000187	SMTS02061
SMHB000187	SMTS02249
SMHB000188	SMTS00086
SMHB000188	SMTS00118
SMHB000188	SMTS00121
SMHB000188	SMTS00149
SMHB000188	SMTS00163
SMHB000188	SMTS00213
SMHB000188	SMTS00242
SMHB000188	SMTS00255
SMHB000188	SMTS00257
SMHB000188	SMTS00317
SMHB000188	SMTS00318
SMHB000188	SMTS00323
SMHB000188	SMTS00324
SMHB000188	SMTS00389
SMHB000188	SMTS00399
SMHB000188	SMTS00404
SMHB000188	SMTS00405
SMHB000188	SMTS00414
SMHB000188	SMTS00437
SMHB000188	SMTS00490
SMHB000188	SMTS00492
SMHB000188	SMTS00501
SMHB000188	SMTS00549
SMHB000188	SMTS00550
SMHB000188	SMTS00551
SMHB000188	SMTS00555
SMHB000188	SMTS00582
SMHB000188	SMTS00600
SMHB000188	SMTS00617
SMHB000188	SMTS00619
SMHB000188	SMTS00645
SMHB000188	SMTS00668
SMHB000188	SMTS00670
SMHB000188	SMTS00693
SMHB000188	SMTS00752
SMHB000188	SMTS00753
SMHB000188	SMTS00768
SMHB000188	SMTS00831
SMHB000188	SMTS00879
SMHB000188	SMTS00893
SMHB000188	SMTS00906
SMHB000188	SMTS00931
SMHB000188	SMTS00934
SMHB000188	SMTS00962
SMHB000188	SMTS00976
SMHB000188	SMTS00977
SMHB000188	SMTS01029
SMHB000188	SMTS01050
SMHB000188	SMTS01051
SMHB000188	SMTS01147
SMHB000188	SMTS01152
SMHB000188	SMTS01160
SMHB000188	SMTS01192
SMHB000188	SMTS01321
SMHB000188	SMTS01353
SMHB000188	SMTS01362
SMHB000188	SMTS01384
SMHB000188	SMTS01386
SMHB000188	SMTS01414
SMHB000188	SMTS01416
SMHB000188	SMTS01424
SMHB000188	SMTS01446
SMHB000188	SMTS01447
SMHB000188	SMTS01450
SMHB000188	SMTS01501
SMHB000188	SMTS01502
SMHB000188	SMTS01564
SMHB000188	SMTS01599
SMHB000188	SMTS01630
SMHB000188	SMTS01964
SMHB000188	SMTS02015
SMHB000189	SMTS00202
SMHB000189	SMTS00330
SMHB000189	SMTS00435
SMHB000189	SMTS00546
SMHB000189	SMTS00558
SMHB000189	SMTS01056
SMHB000189	SMTS01118
SMHB000189	SMTS01139
SMHB000189	SMTS01446
SMHB000189	SMTS01480
SMHB000189	SMTS01591
SMHB000189	SMTS02039
SMHB000189	SMTS02068
SMHB000189	SMTS02091
SMHB000189	SMTS02173
SMHB000189	SMTS02192
SMHB000190	SMTS00045
SMHB000190	SMTS00312
SMHB000190	SMTS00799
SMHB000190	SMTS00893
SMHB000191	SMTS00015
SMHB000191	SMTS00405
SMHB000191	SMTS00541
SMHB000191	SMTS00768
SMHB000191	SMTS00779
SMHB000191	SMTS00815
SMHB000191	SMTS00857
SMHB000191	SMTS00858
SMHB000191	SMTS00863
SMHB000191	SMTS00891
SMHB000191	SMTS00931
SMHB000191	SMTS00977
SMHB000191	SMTS00985
SMHB000191	SMTS01199
SMHB000191	SMTS01206
SMHB000191	SMTS01207
SMHB000191	SMTS01209
SMHB000191	SMTS01223
SMHB000191	SMTS01225
SMHB000191	SMTS01231
SMHB000191	SMTS01241
SMHB000191	SMTS01310
SMHB000191	SMTS01453
SMHB000191	SMTS01586
SMHB000191	SMTS01599
SMHB000191	SMTS01642
SMHB000191	SMTS01687
SMHB000191	SMTS01689
SMHB000191	SMTS01733
SMHB000192	SMTS00002
SMHB000192	SMTS00023
SMHB000192	SMTS00048
SMHB000192	SMTS00050
SMHB000192	SMTS00172
SMHB000192	SMTS00174
SMHB000192	SMTS00340
SMHB000192	SMTS00388
SMHB000192	SMTS00526
SMHB000192	SMTS00527
SMHB000192	SMTS00717
SMHB000192	SMTS01152
SMHB000192	SMTS01440
SMHB000192	SMTS01680
SMHB000192	SMTS01867
SMHB000192	SMTS01870
SMHB000192	SMTS01871
SMHB000192	SMTS01972
SMHB000192	SMTS02280
SMHB000193	SMTS00035
SMHB000193	SMTS00274
SMHB000193	SMTS00305
SMHB000193	SMTS00419
SMHB000193	SMTS00425
SMHB000193	SMTS00768
SMHB000193	SMTS00776
SMHB000193	SMTS00824
SMHB000193	SMTS00866
SMHB000193	SMTS00931
SMHB000193	SMTS01859
SMHB000193	SMTS01981
SMHB000193	SMTS02092
SMHB000193	SMTS02152
SMHB000193	SMTS02156
SMHB000193	SMTS02258
SMHB000194	SMTS00038
SMHB000194	SMTS00138
SMHB000194	SMTS00142
SMHB000194	SMTS00266
SMHB000194	SMTS00274
SMHB000194	SMTS00280
SMHB000194	SMTS00413
SMHB000194	SMTS00419
SMHB000194	SMTS00425
SMHB000194	SMTS00470
SMHB000194	SMTS00473
SMHB000194	SMTS00474
SMHB000194	SMTS00488
SMHB000194	SMTS00647
SMHB000194	SMTS00649
SMHB000194	SMTS00657
SMHB000194	SMTS00681
SMHB000194	SMTS00799
SMHB000194	SMTS01055
SMHB000194	SMTS01110
SMHB000194	SMTS01116
SMHB000194	SMTS01523
SMHB000194	SMTS01592
SMHB000194	SMTS01604
SMHB000194	SMTS01616
SMHB000194	SMTS01618
SMHB000194	SMTS01620
SMHB000194	SMTS01621
SMHB000194	SMTS01622
SMHB000194	SMTS01623
SMHB000194	SMTS02249
SMHB000195	SMTS00018
SMHB000195	SMTS00035
SMHB000195	SMTS00118
SMHB000195	SMTS00290
SMHB000195	SMTS00379
SMHB000195	SMTS00405
SMHB000195	SMTS00658
SMHB000195	SMTS00731
SMHB000195	SMTS00768
SMHB000195	SMTS00866
SMHB000195	SMTS00931
SMHB000195	SMTS00977
SMHB000195	SMTS00981
SMHB000195	SMTS01294
SMHB000195	SMTS01443
SMHB000195	SMTS01599
SMHB000195	SMTS01685
SMHB000195	SMTS02284
SMHB000196	SMTS00142
SMHB000196	SMTS00281
SMHB000196	SMTS00470
SMHB000196	SMTS00764
SMHB000196	SMTS01110
SMHB000196	SMTS01317
SMHB000196	SMTS01645
SMHB000196	SMTS01646
SMHB000196	SMTS01648
SMHB000196	SMTS01649
SMHB000196	SMTS01805
SMHB000196	SMTS02046
SMHB000197	SMTS00016
SMHB000197	SMTS00092
SMHB000197	SMTS00277
SMHB000197	SMTS00518
SMHB000197	SMTS00620
SMHB000197	SMTS00621
SMHB000197	SMTS00688
SMHB000197	SMTS00691
SMHB000197	SMTS00696
SMHB000197	SMTS00712
SMHB000197	SMTS00808
SMHB000197	SMTS00816
SMHB000197	SMTS00817
SMHB000197	SMTS00857
SMHB000197	SMTS00858
SMHB000197	SMTS00869
SMHB000197	SMTS00870
SMHB000197	SMTS00871
SMHB000197	SMTS00950
SMHB000197	SMTS00951
SMHB000197	SMTS00977
SMHB000197	SMTS00983
SMHB000197	SMTS01004
SMHB000197	SMTS01121
SMHB000197	SMTS01122
SMHB000197	SMTS01125
SMHB000197	SMTS01126
SMHB000197	SMTS01127
SMHB000197	SMTS01130
SMHB000197	SMTS01132
SMHB000197	SMTS01133
SMHB000197	SMTS01134
SMHB000197	SMTS01135
SMHB000197	SMTS01241
SMHB000197	SMTS01282
SMHB000197	SMTS01311
SMHB000197	SMTS01312
SMHB000197	SMTS01314
SMHB000197	SMTS01315
SMHB000197	SMTS01365
SMHB000197	SMTS01392
SMHB000197	SMTS01405
SMHB000197	SMTS01406
SMHB000197	SMTS01407
SMHB000197	SMTS01410
SMHB000197	SMTS01411
SMHB000197	SMTS01413
SMHB000197	SMTS01439
SMHB000197	SMTS01441
SMHB000197	SMTS01502
SMHB000197	SMTS01510
SMHB000197	SMTS01586
SMHB000197	SMTS01606
SMHB000197	SMTS01624
SMHB000197	SMTS01625
SMHB000197	SMTS01626
SMHB000197	SMTS01642
SMHB000197	SMTS01738
SMHB000197	SMTS02137
SMHB000197	SMTS02335
SMHB000198	SMTS00039
SMHB000198	SMTS00040
SMHB000198	SMTS00139
SMHB000198	SMTS00180
SMHB000198	SMTS00196
SMHB000198	SMTS00213
SMHB000198	SMTS00261
SMHB000198	SMTS00269
SMHB000198	SMTS00274
SMHB000198	SMTS00280
SMHB000198	SMTS00351
SMHB000198	SMTS00437
SMHB000198	SMTS00442
SMHB000198	SMTS00443
SMHB000198	SMTS00444
SMHB000198	SMTS00445
SMHB000198	SMTS00470
SMHB000198	SMTS00473
SMHB000198	SMTS00541
SMHB000198	SMTS00599
SMHB000198	SMTS00600
SMHB000198	SMTS00620
SMHB000198	SMTS00621
SMHB000198	SMTS00644
SMHB000198	SMTS00779
SMHB000198	SMTS00879
SMHB000198	SMTS00900
SMHB000198	SMTS00907
SMHB000198	SMTS00983
SMHB000198	SMTS01110
SMHB000198	SMTS01115
SMHB000198	SMTS01116
SMHB000198	SMTS01192
SMHB000198	SMTS01231
SMHB000198	SMTS01311
SMHB000198	SMTS01312
SMHB000198	SMTS01314
SMHB000198	SMTS01315
SMHB000198	SMTS01336
SMHB000198	SMTS01341
SMHB000198	SMTS01342
SMHB000198	SMTS01343
SMHB000198	SMTS01346
SMHB000198	SMTS01353
SMHB000198	SMTS01360
SMHB000198	SMTS01361
SMHB000198	SMTS01365
SMHB000198	SMTS01392
SMHB000198	SMTS01397
SMHB000198	SMTS01400
SMHB000198	SMTS01405
SMHB000198	SMTS01406
SMHB000198	SMTS01411
SMHB000198	SMTS01453
SMHB000198	SMTS01586
SMHB000198	SMTS01687
SMHB000198	SMTS01689
SMHB000198	SMTS02071
SMHB000198	SMTS02328
SMHB000199	SMTS00068
SMHB000199	SMTS00069
SMHB000199	SMTS00094
SMHB000199	SMTS00107
SMHB000199	SMTS00137
SMHB000199	SMTS00139
SMHB000199	SMTS00192
SMHB000199	SMTS00194
SMHB000199	SMTS00253
SMHB000199	SMTS00283
SMHB000199	SMTS00284
SMHB000199	SMTS00288
SMHB000199	SMTS00289
SMHB000199	SMTS00404
SMHB000199	SMTS00620
SMHB000199	SMTS00621
SMHB000199	SMTS00652
SMHB000199	SMTS00654
SMHB000199	SMTS00752
SMHB000199	SMTS00755
SMHB000199	SMTS00756
SMHB000199	SMTS00757
SMHB000199	SMTS00800
SMHB000199	SMTS00983
SMHB000199	SMTS01152
SMHB000199	SMTS01200
SMHB000199	SMTS01210
SMHB000199	SMTS01211
SMHB000199	SMTS01298
SMHB000199	SMTS01311
SMHB000199	SMTS01312
SMHB000199	SMTS01314
SMHB000199	SMTS01315
SMHB000199	SMTS01316
SMHB000199	SMTS01360
SMHB000199	SMTS01361
SMHB000199	SMTS01363
SMHB000199	SMTS01365
SMHB000199	SMTS01392
SMHB000199	SMTS01570
SMHB000199	SMTS01586
SMHB000199	SMTS01650
SMHB000199	SMTS01651
SMHB000199	SMTS01703
SMHB000199	SMTS01813
SMHB000199	SMTS02201
SMHB000200	SMTS00007
SMHB000200	SMTS00053
SMHB000200	SMTS00055
SMHB000200	SMTS00322
SMHB000200	SMTS00760
SMHB000200	SMTS00789
SMHB000200	SMTS00790
SMHB000200	SMTS00829
SMHB000200	SMTS01097
SMHB000200	SMTS01103
SMHB000200	SMTS01104
SMHB000200	SMTS01105
SMHB000200	SMTS01627
SMHB000200	SMTS01661
SMHB000200	SMTS01693
SMHB000200	SMTS01821
SMHB000200	SMTS01905
SMHB000200	SMTS01907
SMHB000200	SMTS02029
SMHB000200	SMTS02090
SMHB000200	SMTS02250
SMHB000200	SMTS02346
SMHB000201	SMTS00019
SMHB000201	SMTS00356
SMHB000201	SMTS00357
SMHB000201	SMTS00360
SMHB000201	SMTS00361
SMHB000201	SMTS00362
SMHB000201	SMTS00363
SMHB000201	SMTS00365
SMHB000201	SMTS00368
SMHB000201	SMTS00369
SMHB000201	SMTS00373
SMHB000201	SMTS00549
SMHB000201	SMTS00550
SMHB000201	SMTS00551
SMHB000201	SMTS00555
SMHB000201	SMTS00620
SMHB000201	SMTS00621
SMHB000201	SMTS00640
SMHB000201	SMTS00647
SMHB000201	SMTS00983
SMHB000201	SMTS01058
SMHB000201	SMTS01166
SMHB000201	SMTS01241
SMHB000201	SMTS01311
SMHB000201	SMTS01312
SMHB000201	SMTS01314
SMHB000201	SMTS01315
SMHB000201	SMTS01365
SMHB000201	SMTS01392
SMHB000201	SMTS01405
SMHB000201	SMTS01406
SMHB000201	SMTS01407
SMHB000201	SMTS01410
SMHB000201	SMTS01411
SMHB000201	SMTS01413
SMHB000201	SMTS01572
SMHB000201	SMTS01578
SMHB000201	SMTS01586
SMHB000201	SMTS01587
SMHB000201	SMTS01606
SMHB000201	SMTS01642
SMHB000201	SMTS01686
SMHB000201	SMTS02055
SMHB000202	SMTS00109
SMHB000202	SMTS00545
SMHB000202	SMTS00546
SMHB000202	SMTS00548
SMHB000202	SMTS00549
SMHB000202	SMTS00550
SMHB000202	SMTS00551
SMHB000202	SMTS00552
SMHB000202	SMTS00553
SMHB000202	SMTS00555
SMHB000202	SMTS00718
SMHB000202	SMTS00758
SMHB000202	SMTS00794
SMHB000202	SMTS00803
SMHB000202	SMTS00804
SMHB000202	SMTS00805
SMHB000202	SMTS00811
SMHB000202	SMTS01063
SMHB000202	SMTS01065
SMHB000202	SMTS01066
SMHB000202	SMTS01067
SMHB000202	SMTS01068
SMHB000202	SMTS01085
SMHB000202	SMTS01088
SMHB000202	SMTS01118
SMHB000202	SMTS01362
SMHB000202	SMTS01378
SMHB000202	SMTS01382
SMHB000202	SMTS01383
SMHB000202	SMTS01386
SMHB000202	SMTS01389
SMHB000202	SMTS01414
SMHB000203	SMTS00199
SMHB000203	SMTS00283
SMHB000203	SMTS00284
SMHB000203	SMTS00289
SMHB000203	SMTS00379
SMHB000203	SMTS00394
SMHB000203	SMTS00395
SMHB000203	SMTS00397
SMHB000203	SMTS00400
SMHB000203	SMTS00435
SMHB000203	SMTS00541
SMHB000203	SMTS00615
SMHB000203	SMTS00779
SMHB000203	SMTS00800
SMHB000203	SMTS00890
SMHB000203	SMTS00910
SMHB000203	SMTS00983
SMHB000203	SMTS01169
SMHB000203	SMTS01174
SMHB000203	SMTS01175
SMHB000203	SMTS01177
SMHB000203	SMTS01231
SMHB000203	SMTS01298
SMHB000203	SMTS01300
SMHB000203	SMTS01318
SMHB000203	SMTS01319
SMHB000203	SMTS01453
SMHB000203	SMTS01465
SMHB000203	SMTS01466
SMHB000203	SMTS01467
SMHB000203	SMTS01468
SMHB000203	SMTS01469
SMHB000203	SMTS01476
SMHB000203	SMTS01477
SMHB000203	SMTS01481
SMHB000203	SMTS01484
SMHB000203	SMTS01485
SMHB000203	SMTS01486
SMHB000203	SMTS01492
SMHB000203	SMTS01586
SMHB000203	SMTS01593
SMHB000203	SMTS01595
SMHB000203	SMTS01689
SMHB000204	SMTS00016
SMHB000204	SMTS00235
SMHB000204	SMTS00236
SMHB000204	SMTS00392
SMHB000204	SMTS00394
SMHB000204	SMTS00395
SMHB000204	SMTS00397
SMHB000204	SMTS00400
SMHB000204	SMTS00435
SMHB000204	SMTS00541
SMHB000204	SMTS00568
SMHB000204	SMTS00583
SMHB000204	SMTS00584
SMHB000204	SMTS00585
SMHB000204	SMTS00587
SMHB000204	SMTS00779
SMHB000204	SMTS00828
SMHB000204	SMTS00915
SMHB000204	SMTS00935
SMHB000204	SMTS01013
SMHB000204	SMTS01231
SMHB000204	SMTS01288
SMHB000204	SMTS01289
SMHB000204	SMTS01453
SMHB000204	SMTS01460
SMHB000204	SMTS01461
SMHB000204	SMTS01463
SMHB000204	SMTS01465
SMHB000204	SMTS01466
SMHB000204	SMTS01467
SMHB000204	SMTS01468
SMHB000204	SMTS01469
SMHB000204	SMTS01476
SMHB000204	SMTS01477
SMHB000204	SMTS01481
SMHB000204	SMTS01484
SMHB000204	SMTS01486
SMHB000204	SMTS01492
SMHB000204	SMTS01513
SMHB000204	SMTS01686
SMHB000204	SMTS01689
SMHB000204	SMTS01690
SMHB000204	SMTS01891
SMHB000204	SMTS01893
SMHB000204	SMTS01899
SMHB000204	SMTS01996
SMHB000204	SMTS01998
SMHB000204	SMTS02100
SMHB000204	SMTS02102
SMHB000205	SMTS00104
SMHB000205	SMTS00405
SMHB000205	SMTS00620
SMHB000205	SMTS00621
SMHB000205	SMTS00623
SMHB000205	SMTS00721
SMHB000205	SMTS00730
SMHB000205	SMTS00731
SMHB000205	SMTS00732
SMHB000205	SMTS00735
SMHB000205	SMTS00740
SMHB000205	SMTS00741
SMHB000205	SMTS00768
SMHB000205	SMTS00873
SMHB000205	SMTS00930
SMHB000205	SMTS00931
SMHB000205	SMTS00977
SMHB000205	SMTS00981
SMHB000205	SMTS00983
SMHB000205	SMTS01049
SMHB000205	SMTS01120
SMHB000205	SMTS01279
SMHB000205	SMTS01280
SMHB000205	SMTS01283
SMHB000205	SMTS01284
SMHB000205	SMTS01311
SMHB000205	SMTS01312
SMHB000205	SMTS01314
SMHB000205	SMTS01315
SMHB000205	SMTS01316
SMHB000205	SMTS01526
SMHB000205	SMTS01532
SMHB000205	SMTS01586
SMHB000205	SMTS01599
SMHB000205	SMTS01985
SMHB000205	SMTS01996
SMHB000206	SMTS00114
SMHB000206	SMTS00258
SMHB000206	SMTS00394
SMHB000206	SMTS00395
SMHB000206	SMTS00397
SMHB000206	SMTS00400
SMHB000206	SMTS00435
SMHB000206	SMTS00541
SMHB000206	SMTS00546
SMHB000206	SMTS00779
SMHB000206	SMTS01118
SMHB000206	SMTS01146
SMHB000206	SMTS01231
SMHB000206	SMTS01453
SMHB000206	SMTS01465
SMHB000206	SMTS01466
SMHB000206	SMTS01467
SMHB000206	SMTS01468
SMHB000206	SMTS01469
SMHB000206	SMTS01476
SMHB000206	SMTS01477
SMHB000206	SMTS01481
SMHB000206	SMTS01484
SMHB000206	SMTS01485
SMHB000206	SMTS01486
SMHB000206	SMTS01492
SMHB000206	SMTS01687
SMHB000206	SMTS01689
SMHB000206	SMTS01737
SMHB000206	SMTS02177
SMHB000207	SMTS00178
SMHB000207	SMTS00213
SMHB000207	SMTS00234
SMHB000207	SMTS00235
SMHB000207	SMTS00236
SMHB000207	SMTS00260
SMHB000207	SMTS00265
SMHB000207	SMTS00306
SMHB000207	SMTS00389
SMHB000207	SMTS00393
SMHB000207	SMTS00400
SMHB000207	SMTS00404
SMHB000207	SMTS00414
SMHB000207	SMTS00435
SMHB000207	SMTS00455
SMHB000207	SMTS00506
SMHB000207	SMTS00562
SMHB000207	SMTS00577
SMHB000207	SMTS00582
SMHB000207	SMTS00617
SMHB000207	SMTS00619
SMHB000207	SMTS00693
SMHB000207	SMTS00785
SMHB000207	SMTS00787
SMHB000207	SMTS00833
SMHB000207	SMTS00837
SMHB000207	SMTS00910
SMHB000207	SMTS00912
SMHB000207	SMTS00934
SMHB000207	SMTS00935
SMHB000207	SMTS00965
SMHB000207	SMTS00966
SMHB000207	SMTS00967
SMHB000207	SMTS00976
SMHB000207	SMTS01013
SMHB000207	SMTS01025
SMHB000207	SMTS01050
SMHB000207	SMTS01120
SMHB000207	SMTS01139
SMHB000207	SMTS01288
SMHB000207	SMTS01289
SMHB000207	SMTS01357
SMHB000207	SMTS01422
SMHB000207	SMTS01480
SMHB000207	SMTS01484
SMHB000207	SMTS01485
SMHB000207	SMTS01501
SMHB000207	SMTS01526
SMHB000207	SMTS01566
SMHB000207	SMTS01599
SMHB000207	SMTS01685
SMHB000207	SMTS01687
SMHB000207	SMTS01960
SMHB000207	SMTS01996
SMHB000207	SMTS02038
SMHB000207	SMTS02277
SMHB000208	SMTS00023
SMHB000208	SMTS00172
SMHB000208	SMTS00174
SMHB000208	SMTS00212
SMHB000208	SMTS00340
SMHB000208	SMTS00403
SMHB000208	SMTS00506
SMHB000208	SMTS00526
SMHB000208	SMTS00527
SMHB000208	SMTS00531
SMHB000208	SMTS00533
SMHB000208	SMTS00732
SMHB000208	SMTS00733
SMHB000208	SMTS00962
SMHB000208	SMTS01279
SMHB000208	SMTS01548
SMHB000208	SMTS01555
SMHB000208	SMTS01556
SMHB000208	SMTS01561
SMHB000208	SMTS01562
SMHB000208	SMTS01867
SMHB000208	SMTS01972
SMHB000210	SMTS00549
SMHB000210	SMTS00550
SMHB000210	SMTS00551
SMHB000210	SMTS00554
SMHB000210	SMTS00555
SMHB000210	SMTS00557
SMHB000210	SMTS00559
SMHB000210	SMTS00762
SMHB000210	SMTS00776
SMHB000210	SMTS00839
SMHB000210	SMTS00873
SMHB000210	SMTS00968
SMHB000210	SMTS00978
SMHB000210	SMTS01049
SMHB000210	SMTS01056
SMHB000210	SMTS01081
SMHB000210	SMTS01082
SMHB000210	SMTS01148
SMHB000210	SMTS01149
SMHB000210	SMTS01265
SMHB000210	SMTS01266
SMHB000210	SMTS01267
SMHB000210	SMTS01269
SMHB000210	SMTS01280
SMHB000210	SMTS01283
SMHB000210	SMTS01284
SMHB000210	SMTS01489
SMHB000210	SMTS01579
SMHB000210	SMTS01820
SMHB000210	SMTS01985
SMHB000210	SMTS02056
SMHB000211	SMTS00118
SMHB000211	SMTS00229
SMHB000211	SMTS00296
SMHB000211	SMTS00430
SMHB000211	SMTS00545
SMHB000211	SMTS00546
SMHB000211	SMTS00548
SMHB000211	SMTS00549
SMHB000211	SMTS00550
SMHB000211	SMTS00551
SMHB000211	SMTS00555
SMHB000211	SMTS00642
SMHB000211	SMTS00718
SMHB000211	SMTS00803
SMHB000211	SMTS00804
SMHB000211	SMTS00805
SMHB000211	SMTS00811
SMHB000211	SMTS00812
SMHB000211	SMTS01014
SMHB000211	SMTS01027
SMHB000211	SMTS01088
SMHB000211	SMTS01118
SMHB000211	SMTS01367
SMHB000211	SMTS01599
SMHB000211	SMTS01641
SMHB000211	SMTS01690
SMHB000211	SMTS01717
SMHB000211	SMTS01739
SMHB000211	SMTS01943
SMHB000211	SMTS02054
SMHB000211	SMTS02203
SMHB000211	SMTS02235
SMHB000212	SMTS00128
SMHB000212	SMTS00149
SMHB000212	SMTS00163
SMHB000212	SMTS00197
SMHB000212	SMTS00306
SMHB000212	SMTS00518
SMHB000212	SMTS00645
SMHB000212	SMTS00668
SMHB000212	SMTS00670
SMHB000212	SMTS00712
SMHB000212	SMTS00816
SMHB000212	SMTS00817
SMHB000212	SMTS00867
SMHB000212	SMTS00950
SMHB000212	SMTS00951
SMHB000212	SMTS01050
SMHB000212	SMTS01121
SMHB000212	SMTS01122
SMHB000212	SMTS01125
SMHB000212	SMTS01126
SMHB000212	SMTS01127
SMHB000212	SMTS01132
SMHB000212	SMTS01133
SMHB000212	SMTS01134
SMHB000212	SMTS01135
SMHB000212	SMTS01288
SMHB000212	SMTS01441
SMHB000212	SMTS01502
SMHB000212	SMTS01564
SMHB000212	SMTS02017
SMHB000212	SMTS02335
SMHB000212	SMTS02352
SMHB000213	SMTS00128
SMHB000213	SMTS00197
SMHB000213	SMTS00306
SMHB000213	SMTS00518
SMHB000213	SMTS00645
SMHB000213	SMTS00668
SMHB000213	SMTS00670
SMHB000213	SMTS00712
SMHB000213	SMTS00816
SMHB000213	SMTS00817
SMHB000213	SMTS00950
SMHB000213	SMTS00951
SMHB000213	SMTS01121
SMHB000213	SMTS01122
SMHB000213	SMTS01125
SMHB000213	SMTS01126
SMHB000213	SMTS01127
SMHB000213	SMTS01132
SMHB000213	SMTS01133
SMHB000213	SMTS01134
SMHB000213	SMTS01135
SMHB000213	SMTS01288
SMHB000213	SMTS01441
SMHB000213	SMTS02017
SMHB000213	SMTS02335
SMHB000213	SMTS02352
SMHB000214	SMTS00010
SMHB000214	SMTS00023
SMHB000214	SMTS00035
SMHB000214	SMTS00048
SMHB000214	SMTS00050
SMHB000214	SMTS00057
SMHB000214	SMTS00107
SMHB000214	SMTS00119
SMHB000214	SMTS00137
SMHB000214	SMTS00330
SMHB000214	SMTS00338
SMHB000214	SMTS00340
SMHB000214	SMTS00388
SMHB000214	SMTS00558
SMHB000214	SMTS00667
SMHB000214	SMTS00717
SMHB000214	SMTS00752
SMHB000214	SMTS00773
SMHB000214	SMTS00778
SMHB000214	SMTS00780
SMHB000214	SMTS00866
SMHB000214	SMTS00894
SMHB000214	SMTS01028
SMHB000214	SMTS01152
SMHB000214	SMTS01200
SMHB000214	SMTS01331
SMHB000214	SMTS01334
SMHB000214	SMTS01335
SMHB000214	SMTS01440
SMHB000214	SMTS01551
SMHB000214	SMTS01553
SMHB000214	SMTS01554
SMHB000214	SMTS01570
SMHB000214	SMTS01650
SMHB000214	SMTS01651
SMHB000214	SMTS01703
SMHB000214	SMTS01706
SMHB000214	SMTS01813
SMHB000214	SMTS01937
SMHB000214	SMTS01982
SMHB000214	SMTS02016
SMHB000215	SMTS00008
SMHB000215	SMTS00172
SMHB000215	SMTS00173
SMHB000215	SMTS00174
SMHB000215	SMTS00212
SMHB000215	SMTS00407
SMHB000215	SMTS00729
SMHB000215	SMTS00732
SMHB000215	SMTS00733
SMHB000215	SMTS01239
SMHB000215	SMTS01275
SMHB000215	SMTS01279
SMHB000215	SMTS01515
SMHB000215	SMTS01520
SMHB000215	SMTS01521
SMHB000215	SMTS01524
SMHB000215	SMTS01525
SMHB000215	SMTS01526
SMHB000215	SMTS01530
SMHB000215	SMTS01531
SMHB000215	SMTS01532
SMHB000215	SMTS01534
SMHB000215	SMTS01543
SMHB000215	SMTS01548
SMHB000215	SMTS01555
SMHB000215	SMTS01556
SMHB000215	SMTS01561
SMHB000215	SMTS01562
SMHB000215	SMTS02086
SMHB000215	SMTS02242
SMHB000215	SMTS02243
SMHB000216	SMTS00024
SMHB000216	SMTS00025
SMHB000216	SMTS00255
SMHB000216	SMTS00258
SMHB000216	SMTS00334
SMHB000216	SMTS00414
SMHB000216	SMTS00437
SMHB000216	SMTS00490
SMHB000216	SMTS00506
SMHB000216	SMTS00549
SMHB000216	SMTS00550
SMHB000216	SMTS00551
SMHB000216	SMTS00552
SMHB000216	SMTS00553
SMHB000216	SMTS00555
SMHB000216	SMTS00617
SMHB000216	SMTS00619
SMHB000216	SMTS00668
SMHB000216	SMTS00670
SMHB000216	SMTS00783
SMHB000216	SMTS00910
SMHB000216	SMTS00966
SMHB000216	SMTS00967
SMHB000216	SMTS00968
SMHB000216	SMTS01025
SMHB000216	SMTS01050
SMHB000216	SMTS01063
SMHB000216	SMTS01065
SMHB000216	SMTS01066
SMHB000216	SMTS01067
SMHB000216	SMTS01068
SMHB000216	SMTS01085
SMHB000216	SMTS01117
SMHB000216	SMTS01146
SMHB000216	SMTS01362
SMHB000216	SMTS01384
SMHB000216	SMTS01385
SMHB000216	SMTS01386
SMHB000216	SMTS01414
SMHB000216	SMTS01489
SMHB000216	SMTS01490
SMHB000216	SMTS01494
SMHB000216	SMTS01502
SMHB000216	SMTS01579
SMHB000216	SMTS02177
SMHB000217	SMTS00016
SMHB000217	SMTS00092
SMHB000217	SMTS00179
SMHB000217	SMTS00265
SMHB000217	SMTS00306
SMHB000217	SMTS00389
SMHB000217	SMTS00518
SMHB000217	SMTS00541
SMHB000217	SMTS00582
SMHB000217	SMTS00605
SMHB000217	SMTS00688
SMHB000217	SMTS00690
SMHB000217	SMTS00692
SMHB000217	SMTS00693
SMHB000217	SMTS00694
SMHB000217	SMTS00696
SMHB000217	SMTS00712
SMHB000217	SMTS00779
SMHB000217	SMTS00816
SMHB000217	SMTS00817
SMHB000217	SMTS00823
SMHB000217	SMTS00831
SMHB000217	SMTS00898
SMHB000217	SMTS00899
SMHB000217	SMTS00934
SMHB000217	SMTS00950
SMHB000217	SMTS00951
SMHB000217	SMTS00962
SMHB000217	SMTS00963
SMHB000217	SMTS00976
SMHB000217	SMTS01001
SMHB000217	SMTS01003
SMHB000217	SMTS01004
SMHB000217	SMTS01005
SMHB000217	SMTS01007
SMHB000217	SMTS01113
SMHB000217	SMTS01119
SMHB000217	SMTS01121
SMHB000217	SMTS01122
SMHB000217	SMTS01125
SMHB000217	SMTS01126
SMHB000217	SMTS01127
SMHB000217	SMTS01132
SMHB000217	SMTS01133
SMHB000217	SMTS01134
SMHB000217	SMTS01135
SMHB000217	SMTS01139
SMHB000217	SMTS01231
SMHB000217	SMTS01288
SMHB000217	SMTS01349
SMHB000217	SMTS01422
SMHB000217	SMTS01439
SMHB000217	SMTS01441
SMHB000217	SMTS01453
SMHB000217	SMTS01501
SMHB000217	SMTS01502
SMHB000217	SMTS01504
SMHB000217	SMTS01510
SMHB000217	SMTS01513
SMHB000217	SMTS01599
SMHB000217	SMTS01624
SMHB000217	SMTS01625
SMHB000217	SMTS01626
SMHB000217	SMTS01686
SMHB000217	SMTS01687
SMHB000217	SMTS01689
SMHB000217	SMTS02023
SMHB000217	SMTS02100
SMHB000217	SMTS02102
SMHB000218	SMTS00065
SMHB000218	SMTS00405
SMHB000218	SMTS00706
SMHB000218	SMTS00709
SMHB000218	SMTS00739
SMHB000218	SMTS00768
SMHB000218	SMTS00815
SMHB000218	SMTS00896
SMHB000218	SMTS00931
SMHB000218	SMTS00977
SMHB000218	SMTS00990
SMHB000218	SMTS00996
SMHB000218	SMTS01027
SMHB000218	SMTS01199
SMHB000218	SMTS01204
SMHB000218	SMTS01206
SMHB000218	SMTS01207
SMHB000218	SMTS01514
SMHB000218	SMTS01584
SMHB000218	SMTS01586
SMHB000219	SMTS00326
SMHB000219	SMTS00327
SMHB000219	SMTS00328
SMHB000219	SMTS00376
SMHB000219	SMTS00456
SMHB000219	SMTS00541
SMHB000219	SMTS00779
SMHB000219	SMTS00848
SMHB000219	SMTS00850
SMHB000219	SMTS00852
SMHB000219	SMTS00854
SMHB000219	SMTS00856
SMHB000219	SMTS00857
SMHB000219	SMTS00858
SMHB000219	SMTS00878
SMHB000219	SMTS01231
SMHB000219	SMTS01453
SMHB000219	SMTS01687
SMHB000219	SMTS01689
SMHB000219	SMTS02003
SMHB000219	SMTS02107
SMHB000220	SMTS00024
SMHB000220	SMTS00092
SMHB000220	SMTS00096
SMHB000220	SMTS00102
SMHB000220	SMTS00109
SMHB000220	SMTS00110
SMHB000220	SMTS00306
SMHB000220	SMTS00329
SMHB000220	SMTS00398
SMHB000220	SMTS00549
SMHB000220	SMTS00550
SMHB000220	SMTS00551
SMHB000220	SMTS00552
SMHB000220	SMTS00553
SMHB000220	SMTS00555
SMHB000220	SMTS00573
SMHB000220	SMTS00591
SMHB000220	SMTS00753
SMHB000220	SMTS00795
SMHB000220	SMTS00803
SMHB000220	SMTS00808
SMHB000220	SMTS00926
SMHB000220	SMTS01063
SMHB000220	SMTS01065
SMHB000220	SMTS01066
SMHB000220	SMTS01067
SMHB000220	SMTS01068
SMHB000220	SMTS01082
SMHB000220	SMTS01085
SMHB000220	SMTS01377
SMHB000220	SMTS01382
SMHB000220	SMTS01384
SMHB000220	SMTS01470
SMHB000221	SMTS00525
SMHB000221	SMTS00549
SMHB000221	SMTS00558
SMHB000221	SMTS00562
SMHB000221	SMTS00563
SMHB000221	SMTS00564
SMHB000221	SMTS00578
SMHB000221	SMTS00579
SMHB000221	SMTS01087
SMHB000221	SMTS01189
SMHB000221	SMTS01365
SMHB000221	SMTS01391
SMHB000221	SMTS01392
SMHB000221	SMTS01729
SMHB000221	SMTS01754
SMHB000221	SMTS01755
SMHB000221	SMTS02126
SMHB000222	SMTS00620
SMHB000222	SMTS00621
SMHB000222	SMTS00858
SMHB000222	SMTS00917
SMHB000222	SMTS00924
SMHB000222	SMTS00983
SMHB000222	SMTS01241
SMHB000222	SMTS01311
SMHB000222	SMTS01312
SMHB000222	SMTS01314
SMHB000222	SMTS01315
SMHB000222	SMTS01365
SMHB000222	SMTS01392
SMHB000222	SMTS01405
SMHB000222	SMTS01406
SMHB000222	SMTS01407
SMHB000222	SMTS01411
SMHB000222	SMTS01413
SMHB000222	SMTS01586
SMHB000222	SMTS01606
SMHB000222	SMTS01732
SMHB000223	SMTS00035
SMHB000223	SMTS00280
SMHB000223	SMTS00281
SMHB000223	SMTS00470
SMHB000223	SMTS00473
SMHB000223	SMTS00764
SMHB000223	SMTS00866
SMHB000223	SMTS01110
SMHB000223	SMTS01116
SMHB000223	SMTS01152
SMHB000223	SMTS01317
SMHB000223	SMTS01423
SMHB000223	SMTS01645
SMHB000223	SMTS01646
SMHB000223	SMTS01648
SMHB000223	SMTS01649
SMHB000223	SMTS02046
SMHB000223	SMTS02284
SMHB000224	SMTS00016
SMHB000224	SMTS00042
SMHB000224	SMTS00044
SMHB000224	SMTS00045
SMHB000224	SMTS00152
SMHB000224	SMTS00153
SMHB000224	SMTS00154
SMHB000224	SMTS00155
SMHB000224	SMTS00157
SMHB000224	SMTS00209
SMHB000224	SMTS00210
SMHB000224	SMTS00501
SMHB000224	SMTS00518
SMHB000224	SMTS00634
SMHB000224	SMTS00685
SMHB000224	SMTS00688
SMHB000224	SMTS00696
SMHB000224	SMTS00697
SMHB000224	SMTS00698
SMHB000224	SMTS00703
SMHB000224	SMTS00712
SMHB000224	SMTS00716
SMHB000224	SMTS00816
SMHB000224	SMTS00817
SMHB000224	SMTS00823
SMHB000224	SMTS00873
SMHB000224	SMTS00917
SMHB000224	SMTS00924
SMHB000224	SMTS00950
SMHB000224	SMTS00951
SMHB000224	SMTS01121
SMHB000224	SMTS01122
SMHB000224	SMTS01125
SMHB000224	SMTS01126
SMHB000224	SMTS01127
SMHB000224	SMTS01132
SMHB000224	SMTS01133
SMHB000224	SMTS01134
SMHB000224	SMTS01135
SMHB000224	SMTS01190
SMHB000224	SMTS01416
SMHB000224	SMTS01418
SMHB000224	SMTS01419
SMHB000224	SMTS01420
SMHB000224	SMTS01421
SMHB000224	SMTS01423
SMHB000224	SMTS01439
SMHB000224	SMTS01441
SMHB000224	SMTS01450
SMHB000224	SMTS01513
SMHB000224	SMTS01624
SMHB000224	SMTS01625
SMHB000224	SMTS01626
SMHB000224	SMTS02098
SMHB000224	SMTS02100
SMHB000225	SMTS00002
SMHB000225	SMTS00043
SMHB000225	SMTS00048
SMHB000225	SMTS00050
SMHB000225	SMTS00076
SMHB000225	SMTS00174
SMHB000225	SMTS00184
SMHB000225	SMTS00288
SMHB000225	SMTS00316
SMHB000225	SMTS00388
SMHB000225	SMTS00405
SMHB000225	SMTS00457
SMHB000225	SMTS00458
SMHB000225	SMTS00615
SMHB000225	SMTS00717
SMHB000225	SMTS00765
SMHB000225	SMTS00768
SMHB000225	SMTS00774
SMHB000225	SMTS00776
SMHB000225	SMTS00785
SMHB000225	SMTS00787
SMHB000225	SMTS00838
SMHB000225	SMTS00870
SMHB000225	SMTS00871
SMHB000225	SMTS00931
SMHB000225	SMTS00974
SMHB000225	SMTS00978
SMHB000225	SMTS01130
SMHB000225	SMTS01166
SMHB000225	SMTS01270
SMHB000225	SMTS01318
SMHB000225	SMTS01319
SMHB000225	SMTS01320
SMHB000225	SMTS01440
SMHB000225	SMTS01566
SMHB000225	SMTS01577
SMHB000225	SMTS01578
SMHB000225	SMTS01587
SMHB000225	SMTS01697
SMHB000225	SMTS01866
SMHB000225	SMTS01870
SMHB000225	SMTS01871
SMHB000225	SMTS01971
SMHB000225	SMTS02010
SMHB000225	SMTS02074
SMHB000225	SMTS02280
SMHB000225	SMTS02355
SMHB000226	SMTS00134
SMHB000226	SMTS00178
SMHB000226	SMTS00198
SMHB000226	SMTS00228
SMHB000226	SMTS00306
SMHB000226	SMTS00394
SMHB000226	SMTS00395
SMHB000226	SMTS00397
SMHB000226	SMTS00400
SMHB000226	SMTS00435
SMHB000226	SMTS00541
SMHB000226	SMTS00618
SMHB000226	SMTS00779
SMHB000226	SMTS00868
SMHB000226	SMTS01231
SMHB000226	SMTS01288
SMHB000226	SMTS01453
SMHB000226	SMTS01465
SMHB000226	SMTS01466
SMHB000226	SMTS01467
SMHB000226	SMTS01468
SMHB000226	SMTS01469
SMHB000226	SMTS01476
SMHB000226	SMTS01477
SMHB000226	SMTS01481
SMHB000226	SMTS01484
SMHB000226	SMTS01485
SMHB000226	SMTS01486
SMHB000226	SMTS01492
SMHB000226	SMTS01593
SMHB000226	SMTS01638
SMHB000226	SMTS01687
SMHB000226	SMTS01689
SMHB000226	SMTS01779
SMHB000226	SMTS01925
SMHB000226	SMTS01926
SMHB000227	SMTS00016
SMHB000227	SMTS00097
SMHB000227	SMTS00321
SMHB000227	SMTS00379
SMHB000227	SMTS00518
SMHB000227	SMTS00568
SMHB000227	SMTS00583
SMHB000227	SMTS00584
SMHB000227	SMTS00585
SMHB000227	SMTS00712
SMHB000227	SMTS00816
SMHB000227	SMTS00817
SMHB000227	SMTS00835
SMHB000227	SMTS00950
SMHB000227	SMTS00951
SMHB000227	SMTS01121
SMHB000227	SMTS01122
SMHB000227	SMTS01125
SMHB000227	SMTS01126
SMHB000227	SMTS01127
SMHB000227	SMTS01132
SMHB000227	SMTS01134
SMHB000227	SMTS01135
SMHB000227	SMTS01319
SMHB000227	SMTS01441
SMHB000227	SMTS02139
SMHB000227	SMTS02333
SMHB000228	SMTS00103
SMHB000228	SMTS00283
SMHB000228	SMTS00284
SMHB000228	SMTS00288
SMHB000228	SMTS00289
SMHB000228	SMTS00457
SMHB000228	SMTS00458
SMHB000228	SMTS00800
SMHB000228	SMTS00869
SMHB000228	SMTS00870
SMHB000228	SMTS00871
SMHB000228	SMTS00983
SMHB000228	SMTS01130
SMHB000228	SMTS01298
SMHB000228	SMTS01586
SMHB000228	SMTS02261
SMHB000228	SMTS02263
SMHB000229	SMTS00283
SMHB000229	SMTS00284
SMHB000229	SMTS00289
SMHB000229	SMTS00608
SMHB000229	SMTS00800
SMHB000229	SMTS00858
SMHB000229	SMTS00890
SMHB000229	SMTS00983
SMHB000229	SMTS01169
SMHB000229	SMTS01175
SMHB000229	SMTS01176
SMHB000229	SMTS01177
SMHB000229	SMTS01298
SMHB000229	SMTS01300
SMHB000229	SMTS01313
SMHB000229	SMTS01586
SMHB000229	SMTS01770
SMHB000229	SMTS01825
SMHB000229	SMTS02005
SMHB000229	SMTS02215
SMHB000229	SMTS02252
SMHB000230	SMTS00028
SMHB000230	SMTS00045
SMHB000230	SMTS00109
SMHB000230	SMTS00255
SMHB000230	SMTS00334
SMHB000230	SMTS00381
SMHB000230	SMTS00399
SMHB000230	SMTS00506
SMHB000230	SMTS00548
SMHB000230	SMTS00549
SMHB000230	SMTS00550
SMHB000230	SMTS00551
SMHB000230	SMTS00552
SMHB000230	SMTS00553
SMHB000230	SMTS00555
SMHB000230	SMTS00718
SMHB000230	SMTS00803
SMHB000230	SMTS00804
SMHB000230	SMTS00805
SMHB000230	SMTS00811
SMHB000230	SMTS00893
SMHB000230	SMTS00912
SMHB000230	SMTS00969
SMHB000230	SMTS01063
SMHB000230	SMTS01065
SMHB000230	SMTS01066
SMHB000230	SMTS01067
SMHB000230	SMTS01068
SMHB000230	SMTS01085
SMHB000230	SMTS01113
SMHB000230	SMTS01362
SMHB000230	SMTS01382
SMHB000230	SMTS01383
SMHB000230	SMTS01386
SMHB000230	SMTS01414
SMHB000230	SMTS01603
SMHB000231	SMTS00109
SMHB000231	SMTS00114
SMHB000231	SMTS00255
SMHB000231	SMTS00524
SMHB000231	SMTS00525
SMHB000231	SMTS00529
SMHB000231	SMTS00530
SMHB000231	SMTS00546
SMHB000231	SMTS00549
SMHB000231	SMTS00550
SMHB000231	SMTS00551
SMHB000231	SMTS00555
SMHB000231	SMTS00558
SMHB000231	SMTS00561
SMHB000231	SMTS00602
SMHB000231	SMTS00969
SMHB000231	SMTS01063
SMHB000231	SMTS01066
SMHB000231	SMTS01067
SMHB000231	SMTS01068
SMHB000231	SMTS01085
SMHB000231	SMTS01118
SMHB000231	SMTS01919
SMHB000231	SMTS01920
SMHB000232	SMTS00326
SMHB000232	SMTS00327
SMHB000232	SMTS00328
SMHB000232	SMTS00541
SMHB000232	SMTS00779
SMHB000232	SMTS01027
SMHB000232	SMTS01088
SMHB000232	SMTS01231
SMHB000232	SMTS01453
SMHB000232	SMTS01591
SMHB000232	SMTS01687
SMHB000232	SMTS01689
SMHB000232	SMTS02067
SMHB000232	SMTS02068
SMHB000232	SMTS02107
SMHB000233	SMTS00068
SMHB000233	SMTS00069
SMHB000233	SMTS00253
SMHB000233	SMTS00283
SMHB000233	SMTS00284
SMHB000233	SMTS00288
SMHB000233	SMTS00289
SMHB000233	SMTS00755
SMHB000233	SMTS00756
SMHB000233	SMTS00757
SMHB000233	SMTS00800
SMHB000233	SMTS00983
SMHB000233	SMTS01193
SMHB000233	SMTS01210
SMHB000233	SMTS01211
SMHB000233	SMTS01298
SMHB000233	SMTS01321
SMHB000233	SMTS01586
SMHB000233	SMTS01770
SMHB000234	SMTS00015
SMHB000234	SMTS00019
SMHB000234	SMTS00042
SMHB000234	SMTS00044
SMHB000234	SMTS00045
SMHB000234	SMTS00114
SMHB000234	SMTS00152
SMHB000234	SMTS00153
SMHB000234	SMTS00154
SMHB000234	SMTS00155
SMHB000234	SMTS00157
SMHB000234	SMTS00283
SMHB000234	SMTS00284
SMHB000234	SMTS00285
SMHB000234	SMTS00289
SMHB000234	SMTS00292
SMHB000234	SMTS00431
SMHB000234	SMTS00546
SMHB000234	SMTS00800
SMHB000234	SMTS00892
SMHB000234	SMTS00983
SMHB000234	SMTS00984
SMHB000234	SMTS00999
SMHB000234	SMTS01112
SMHB000234	SMTS01118
SMHB000234	SMTS01175
SMHB000234	SMTS01180
SMHB000234	SMTS01182
SMHB000234	SMTS01195
SMHB000234	SMTS01241
SMHB000234	SMTS01298
SMHB000234	SMTS01305
SMHB000234	SMTS01306
SMHB000234	SMTS01321
SMHB000234	SMTS01586
SMHB000234	SMTS01642
SMHB000235	SMTS00266
SMHB000235	SMTS00274
SMHB000235	SMTS00379
SMHB000235	SMTS00419
SMHB000235	SMTS00425
SMHB000235	SMTS00460
SMHB000235	SMTS00466
SMHB000235	SMTS00535
SMHB000235	SMTS00615
SMHB000235	SMTS00647
SMHB000235	SMTS00648
SMHB000235	SMTS00978
SMHB000235	SMTS01010
SMHB000235	SMTS01045
SMHB000235	SMTS01046
SMHB000235	SMTS01296
SMHB000235	SMTS01318
SMHB000235	SMTS01319
SMHB000235	SMTS01666
SMHB000235	SMTS01670
SMHB000235	SMTS01711
SMHB000235	SMTS01912
SMHB000236	SMTS00035
SMHB000236	SMTS00036
SMHB000236	SMTS00866
SMHB000236	SMTS01110
SMHB000236	SMTS01686
SMHB000236	SMTS01735
SMHB000236	SMTS01799
SMHB000236	SMTS01917
SMHB000236	SMTS01945
SMHB000236	SMTS01953
SMHB000236	SMTS02172
SMHB000236	SMTS02224
SMHB000236	SMTS02323
SMHB000236	SMTS02355
SMHB000237	SMTS00776
SMHB000237	SMTS01783
SMHB000237	SMTS02011
SMHB000237	SMTS02083
SMHB000237	SMTS02120
SMHB000237	SMTS02121
SMHB000237	SMTS02185
SMHB000237	SMTS02188
SMHB000237	SMTS02296
SMHB000237	SMTS02316
SMHB000237	SMTS02323
SMHB000237	SMTS02356
SMHB000238	SMTS00103
SMHB000238	SMTS00283
SMHB000238	SMTS00284
SMHB000238	SMTS00288
SMHB000238	SMTS00289
SMHB000238	SMTS00304
SMHB000238	SMTS00305
SMHB000238	SMTS00800
SMHB000238	SMTS00983
SMHB000238	SMTS01298
SMHB000238	SMTS01586
SMHB000238	SMTS01859
SMHB000238	SMTS02134
SMHB000238	SMTS02261
SMHB000238	SMTS02295
SMHB000239	SMTS00283
SMHB000239	SMTS00284
SMHB000239	SMTS00288
SMHB000239	SMTS00289
SMHB000239	SMTS00326
SMHB000239	SMTS00327
SMHB000239	SMTS00328
SMHB000239	SMTS00376
SMHB000239	SMTS00541
SMHB000239	SMTS00779
SMHB000239	SMTS00793
SMHB000239	SMTS00800
SMHB000239	SMTS00983
SMHB000239	SMTS01231
SMHB000239	SMTS01298
SMHB000239	SMTS01453
SMHB000239	SMTS01566
SMHB000239	SMTS01586
SMHB000239	SMTS01687
SMHB000239	SMTS01689
SMHB000239	SMTS02107
SMHB000240	SMTS00035
SMHB000240	SMTS00133
SMHB000240	SMTS00191
SMHB000240	SMTS00405
SMHB000240	SMTS00541
SMHB000240	SMTS00731
SMHB000240	SMTS00736
SMHB000240	SMTS00768
SMHB000240	SMTS00779
SMHB000240	SMTS00866
SMHB000240	SMTS00931
SMHB000240	SMTS00977
SMHB000240	SMTS00981
SMHB000240	SMTS01139
SMHB000240	SMTS01231
SMHB000240	SMTS01280
SMHB000240	SMTS01453
SMHB000240	SMTS01599
SMHB000240	SMTS01687
SMHB000240	SMTS01689
SMHB000240	SMTS01985
SMHB000241	SMTS00121
SMHB000241	SMTS00149
SMHB000241	SMTS00163
SMHB000241	SMTS00178
SMHB000241	SMTS00230
SMHB000241	SMTS00242
SMHB000241	SMTS00265
SMHB000241	SMTS00306
SMHB000241	SMTS00317
SMHB000241	SMTS00318
SMHB000241	SMTS00320
SMHB000241	SMTS00323
SMHB000241	SMTS00324
SMHB000241	SMTS00414
SMHB000241	SMTS00617
SMHB000241	SMTS00619
SMHB000241	SMTS00642
SMHB000241	SMTS00668
SMHB000241	SMTS00670
SMHB000241	SMTS00783
SMHB000241	SMTS00831
SMHB000241	SMTS00839
SMHB000241	SMTS00857
SMHB000241	SMTS00858
SMHB000241	SMTS00873
SMHB000241	SMTS00893
SMHB000241	SMTS00912
SMHB000241	SMTS00944
SMHB000241	SMTS00956
SMHB000241	SMTS00959
SMHB000241	SMTS00960
SMHB000241	SMTS00961
SMHB000241	SMTS00966
SMHB000241	SMTS00967
SMHB000241	SMTS01025
SMHB000241	SMTS01049
SMHB000241	SMTS01050
SMHB000241	SMTS01280
SMHB000241	SMTS01283
SMHB000241	SMTS01284
SMHB000241	SMTS01288
SMHB000241	SMTS01357
SMHB000241	SMTS01494
SMHB000241	SMTS01502
SMHB000241	SMTS01593
SMHB000241	SMTS01985
SMHB000242	SMTS00023
SMHB000242	SMTS00074
SMHB000242	SMTS00087
SMHB000242	SMTS00107
SMHB000242	SMTS00137
SMHB000242	SMTS00340
SMHB000242	SMTS00742
SMHB000242	SMTS01200
SMHB000242	SMTS01570
SMHB000242	SMTS01650
SMHB000242	SMTS01651
SMHB000242	SMTS01676
SMHB000242	SMTS01703
SMHB000242	SMTS01745
SMHB000242	SMTS01867
SMHB000242	SMTS01896
SMHB000242	SMTS01972
SMHB000242	SMTS02043
SMHB000243	SMTS00172
SMHB000243	SMTS00174
SMHB000243	SMTS00212
SMHB000243	SMTS00403
SMHB000243	SMTS00732
SMHB000243	SMTS00733
SMHB000243	SMTS01279
SMHB000243	SMTS01555
SMHB000243	SMTS01556
SMHB000243	SMTS01561
SMHB000244	SMTS00057
SMHB000244	SMTS00667
SMHB000244	SMTS00894
SMHB000244	SMTS00944
SMHB000244	SMTS00947
SMHB000244	SMTS00956
SMHB000244	SMTS00959
SMHB000244	SMTS00960
SMHB000244	SMTS00961
SMHB000244	SMTS00970
SMHB000244	SMTS01028
SMHB000244	SMTS01152
SMHB000244	SMTS01446
SMHB000244	SMTS01551
SMHB000244	SMTS01553
SMHB000244	SMTS01554
SMHB000244	SMTS01561
SMHB000244	SMTS01640
SMHB000244	SMTS01973
SMHB000245	SMTS00035
SMHB000245	SMTS00038
SMHB000245	SMTS00142
SMHB000245	SMTS00176
SMHB000245	SMTS00177
SMHB000245	SMTS00202
SMHB000245	SMTS00203
SMHB000245	SMTS00266
SMHB000245	SMTS00274
SMHB000245	SMTS00419
SMHB000245	SMTS00425
SMHB000245	SMTS00815
SMHB000245	SMTS00822
SMHB000245	SMTS00824
SMHB000245	SMTS00828
SMHB000245	SMTS00866
SMHB000245	SMTS00867
SMHB000245	SMTS01199
SMHB000245	SMTS01204
SMHB000245	SMTS01206
SMHB000245	SMTS01207
SMHB000245	SMTS01457
SMHB000245	SMTS01586
SMHB000245	SMTS01979
SMHB000245	SMTS01980
SMHB000245	SMTS01981
SMHB000245	SMTS02284
SMHB000246	SMTS00343
SMHB000246	SMTS00346
SMHB000246	SMTS00466
SMHB000246	SMTS01010
SMHB000246	SMTS01016
SMHB000246	SMTS01017
SMHB000246	SMTS01031
SMHB000246	SMTS01035
SMHB000246	SMTS01039
SMHB000246	SMTS01296
SMHB000246	SMTS01599
SMHB000246	SMTS01601
SMHB000246	SMTS01653
SMHB000246	SMTS01711
SMHB000246	SMTS01968
SMHB000247	SMTS00178
SMHB000247	SMTS00228
SMHB000247	SMTS00230
SMHB000247	SMTS00234
SMHB000247	SMTS00235
SMHB000247	SMTS00236
SMHB000247	SMTS00239
SMHB000247	SMTS00393
SMHB000247	SMTS00435
SMHB000247	SMTS00545
SMHB000247	SMTS00546
SMHB000247	SMTS00548
SMHB000247	SMTS00549
SMHB000247	SMTS00550
SMHB000247	SMTS00551
SMHB000247	SMTS00555
SMHB000247	SMTS00618
SMHB000247	SMTS00718
SMHB000247	SMTS00803
SMHB000247	SMTS00804
SMHB000247	SMTS00805
SMHB000247	SMTS00811
SMHB000247	SMTS00833
SMHB000247	SMTS00868
SMHB000247	SMTS00935
SMHB000247	SMTS01013
SMHB000247	SMTS01118
SMHB000247	SMTS01289
SMHB000247	SMTS01480
SMHB000247	SMTS01599
SMHB000247	SMTS01638
SMHB000247	SMTS01960
SMHB000248	SMTS00057
SMHB000248	SMTS00060
SMHB000248	SMTS00061
SMHB000248	SMTS00062
SMHB000248	SMTS00065
SMHB000248	SMTS00109
SMHB000248	SMTS00206
SMHB000248	SMTS00545
SMHB000248	SMTS00546
SMHB000248	SMTS00548
SMHB000248	SMTS00549
SMHB000248	SMTS00550
SMHB000248	SMTS00551
SMHB000248	SMTS00555
SMHB000248	SMTS00667
SMHB000248	SMTS00706
SMHB000248	SMTS00709
SMHB000248	SMTS00718
SMHB000248	SMTS00803
SMHB000248	SMTS00804
SMHB000248	SMTS00805
SMHB000248	SMTS00808
SMHB000248	SMTS00809
SMHB000248	SMTS00811
SMHB000248	SMTS00894
SMHB000248	SMTS00895
SMHB000248	SMTS00970
SMHB000248	SMTS00996
SMHB000248	SMTS01028
SMHB000248	SMTS01118
SMHB000248	SMTS01331
SMHB000248	SMTS01333
SMHB000248	SMTS01334
SMHB000248	SMTS01335
SMHB000248	SMTS01337
SMHB000248	SMTS01338
SMHB000248	SMTS01345
SMHB000248	SMTS01349
SMHB000248	SMTS01431
SMHB000248	SMTS01433
SMHB000248	SMTS01434
SMHB000248	SMTS01514
SMHB000248	SMTS01551
SMHB000248	SMTS01553
SMHB000248	SMTS01554
SMHB000248	SMTS01627
SMHB000249	SMTS00077
SMHB000249	SMTS00079
SMHB000249	SMTS00276
SMHB000249	SMTS00281
SMHB000249	SMTS00470
SMHB000249	SMTS00474
SMHB000249	SMTS00774
SMHB000249	SMTS00869
SMHB000249	SMTS00870
SMHB000249	SMTS00871
SMHB000249	SMTS01110
SMHB000249	SMTS01130
SMHB000249	SMTS01616
SMHB000249	SMTS01618
SMHB000249	SMTS01620
SMHB000249	SMTS01621
SMHB000249	SMTS01622
SMHB000249	SMTS01623
SMHB000249	SMTS01645
SMHB000249	SMTS01646
SMHB000249	SMTS01649
SMHB000249	SMTS02049
SMHB000249	SMTS02122
SMHB000249	SMTS02335
SMHB000250	SMTS00719
SMHB000250	SMTS01772
SMHB000250	SMTS01917
SMHB000250	SMTS01955
SMHB000250	SMTS02158
SMHB000251	SMTS00016
SMHB000251	SMTS00105
SMHB000251	SMTS00172
SMHB000251	SMTS00174
SMHB000251	SMTS00224
SMHB000251	SMTS00226
SMHB000251	SMTS00297
SMHB000251	SMTS00389
SMHB000251	SMTS00405
SMHB000251	SMTS00494
SMHB000251	SMTS00495
SMHB000251	SMTS00580
SMHB000251	SMTS00582
SMHB000251	SMTS00620
SMHB000251	SMTS00621
SMHB000251	SMTS00688
SMHB000251	SMTS00693
SMHB000251	SMTS00721
SMHB000251	SMTS00768
SMHB000251	SMTS00776
SMHB000251	SMTS00869
SMHB000251	SMTS00870
SMHB000251	SMTS00871
SMHB000251	SMTS00873
SMHB000251	SMTS00931
SMHB000251	SMTS00934
SMHB000251	SMTS00976
SMHB000251	SMTS00977
SMHB000251	SMTS00978
SMHB000251	SMTS00979
SMHB000251	SMTS00983
SMHB000251	SMTS01009
SMHB000251	SMTS01025
SMHB000251	SMTS01130
SMHB000251	SMTS01140
SMHB000251	SMTS01166
SMHB000251	SMTS01311
SMHB000251	SMTS01312
SMHB000251	SMTS01314
SMHB000251	SMTS01315
SMHB000251	SMTS01316
SMHB000251	SMTS01501
SMHB000251	SMTS01577
SMHB000251	SMTS01578
SMHB000251	SMTS01586
SMHB000251	SMTS01587
SMHB000251	SMTS01705
SMHB000251	SMTS01708
SMHB000251	SMTS01879
SMHB000252	SMTS00550
SMHB000252	SMTS00551
SMHB000252	SMTS00555
SMHB000252	SMTS00600
SMHB000252	SMTS01120
SMHB000252	SMTS01599
SMHB000252	SMTS01996
SMHB000252	SMTS02287
SMHB000253	SMTS00045
SMHB000253	SMTS00549
SMHB000253	SMTS00550
SMHB000253	SMTS00551
SMHB000253	SMTS00555
SMHB000253	SMTS00971
SMHB000253	SMTS01489
SMHB000254	SMTS00118
SMHB000254	SMTS00466
SMHB000254	SMTS00541
SMHB000254	SMTS00642
SMHB000254	SMTS00651
SMHB000254	SMTS00779
SMHB000254	SMTS00857
SMHB000254	SMTS00858
SMHB000254	SMTS00860
SMHB000254	SMTS00863
SMHB000254	SMTS00923
SMHB000254	SMTS00973
SMHB000254	SMTS01010
SMHB000254	SMTS01016
SMHB000254	SMTS01017
SMHB000254	SMTS01031
SMHB000254	SMTS01035
SMHB000254	SMTS01039
SMHB000254	SMTS01231
SMHB000254	SMTS01296
SMHB000254	SMTS01453
SMHB000254	SMTS01593
SMHB000254	SMTS01599
SMHB000254	SMTS01687
SMHB000254	SMTS01689
SMHB000254	SMTS01711
SMHB000254	SMTS01733
SMHB000254	SMTS01779
SMHB000254	SMTS01968
SMHB000255	SMTS00242
SMHB000255	SMTS00257
SMHB000255	SMTS00258
SMHB000255	SMTS00549
SMHB000255	SMTS00550
SMHB000255	SMTS00551
SMHB000255	SMTS00555
SMHB000255	SMTS00835
SMHB000255	SMTS00839
SMHB000255	SMTS00873
SMHB000255	SMTS01049
SMHB000255	SMTS01146
SMHB000255	SMTS01280
SMHB000255	SMTS01283
SMHB000255	SMTS01284
SMHB000255	SMTS01791
SMHB000255	SMTS01985
SMHB000255	SMTS02177
SMHB000256	SMTS00045
SMHB000256	SMTS00105
SMHB000256	SMTS00304
SMHB000256	SMTS00305
SMHB000256	SMTS00502
SMHB000256	SMTS00503
SMHB000256	SMTS01009
SMHB000256	SMTS01705
SMHB000256	SMTS01708
SMHB000256	SMTS01859
SMHB000256	SMTS02075
SMHB000257	SMTS00038
SMHB000257	SMTS00266
SMHB000257	SMTS00274
SMHB000257	SMTS00407
SMHB000257	SMTS00413
SMHB000257	SMTS00419
SMHB000257	SMTS00425
SMHB000257	SMTS00524
SMHB000257	SMTS00525
SMHB000257	SMTS00602
SMHB000257	SMTS01238
SMHB000257	SMTS01520
SMHB000257	SMTS01521
SMHB000257	SMTS01524
SMHB000257	SMTS01525
SMHB000257	SMTS01526
SMHB000257	SMTS01530
SMHB000257	SMTS01532
SMHB000257	SMTS01546
SMHB000257	SMTS01617
SMHB000257	SMTS01619
SMHB000257	SMTS01620
SMHB000258	SMTS00038
SMHB000258	SMTS00354
SMHB000258	SMTS00363
SMHB000258	SMTS00466
SMHB000258	SMTS00470
SMHB000258	SMTS00535
SMHB000258	SMTS00647
SMHB000258	SMTS00648
SMHB000258	SMTS00855
SMHB000258	SMTS01010
SMHB000258	SMTS01014
SMHB000258	SMTS01027
SMHB000258	SMTS01110
SMHB000258	SMTS01296
SMHB000258	SMTS01641
SMHB000258	SMTS01666
SMHB000258	SMTS01670
SMHB000258	SMTS01690
SMHB000258	SMTS01711
SMHB000258	SMTS01717
SMHB000258	SMTS01912
SMHB000258	SMTS01943
SMHB000259	SMTS00057
SMHB000259	SMTS00278
SMHB000259	SMTS00302
SMHB000259	SMTS00667
SMHB000259	SMTS00739
SMHB000259	SMTS00894
SMHB000259	SMTS00970
SMHB000259	SMTS01028
SMHB000259	SMTS01331
SMHB000259	SMTS01333
SMHB000259	SMTS01334
SMHB000259	SMTS01335
SMHB000259	SMTS01439
SMHB000259	SMTS01551
SMHB000259	SMTS01553
SMHB000259	SMTS01554
SMHB000259	SMTS01624
SMHB000259	SMTS01625
SMHB000259	SMTS01626
SMHB000259	SMTS01662
SMHB000260	SMTS00045
SMHB000260	SMTS00971
SMHB000260	SMTS01489
SMHB000261	SMTS00035
SMHB000261	SMTS00393
SMHB000261	SMTS00407
SMHB000261	SMTS00435
SMHB000261	SMTS00465
SMHB000261	SMTS00466
SMHB000261	SMTS00866
SMHB000261	SMTS00977
SMHB000261	SMTS01010
SMHB000261	SMTS01239
SMHB000261	SMTS01296
SMHB000261	SMTS01480
SMHB000261	SMTS01520
SMHB000261	SMTS01521
SMHB000261	SMTS01524
SMHB000261	SMTS01525
SMHB000261	SMTS01526
SMHB000261	SMTS01530
SMHB000261	SMTS01531
SMHB000261	SMTS01532
SMHB000261	SMTS01534
SMHB000261	SMTS01543
SMHB000261	SMTS01599
SMHB000261	SMTS01711
SMHB000261	SMTS02242
SMHB000261	SMTS02243
SMHB000261	SMTS02284
SMHB000261	SMTS02324
SMHB000262	SMTS00016
SMHB000262	SMTS00235
SMHB000262	SMTS00236
SMHB000262	SMTS00242
SMHB000262	SMTS00339
SMHB000262	SMTS00518
SMHB000262	SMTS00565
SMHB000262	SMTS00568
SMHB000262	SMTS00581
SMHB000262	SMTS00583
SMHB000262	SMTS00584
SMHB000262	SMTS00585
SMHB000262	SMTS00712
SMHB000262	SMTS00719
SMHB000262	SMTS00739
SMHB000262	SMTS00816
SMHB000262	SMTS00817
SMHB000262	SMTS00935
SMHB000262	SMTS00950
SMHB000262	SMTS00951
SMHB000262	SMTS01013
SMHB000262	SMTS01027
SMHB000262	SMTS01082
SMHB000262	SMTS01121
SMHB000262	SMTS01122
SMHB000262	SMTS01125
SMHB000262	SMTS01126
SMHB000262	SMTS01127
SMHB000262	SMTS01132
SMHB000262	SMTS01134
SMHB000262	SMTS01135
SMHB000262	SMTS01288
SMHB000262	SMTS01289
SMHB000262	SMTS01441
SMHB000262	SMTS01600
SMHB000262	SMTS01824
SMHB000262	SMTS01899
SMHB000262	SMTS01931
SMHB000262	SMTS01942
SMHB000262	SMTS02019
SMHB000262	SMTS02057
SMHB000262	SMTS02247
SMHB000262	SMTS02312
SMHB000262	SMTS02313
SMHB000262	SMTS02335
SMHB000262	SMTS02336
SMHB000262	SMTS02339
SMHB000263	SMTS00257
SMHB000263	SMTS00550
SMHB000263	SMTS00551
SMHB000263	SMTS00555
SMHB000263	SMTS00736
SMHB000263	SMTS00762
SMHB000263	SMTS00836
SMHB000263	SMTS00870
SMHB000263	SMTS00871
SMHB000263	SMTS00977
SMHB000263	SMTS01130
SMHB000263	SMTS01266
SMHB000263	SMTS01267
SMHB000263	SMTS01269
SMHB000263	SMTS01280
SMHB000263	SMTS01962
SMHB000263	SMTS01983
SMHB000263	SMTS01985
SMHB000263	SMTS02251
SMHB000264	SMTS00114
SMHB000264	SMTS00255
SMHB000264	SMTS00278
SMHB000264	SMTS00306
SMHB000264	SMTS00334
SMHB000264	SMTS00399
SMHB000264	SMTS00488
SMHB000264	SMTS00490
SMHB000264	SMTS00506
SMHB000264	SMTS00546
SMHB000264	SMTS00831
SMHB000264	SMTS00912
SMHB000264	SMTS00969
SMHB000264	SMTS01043
SMHB000264	SMTS01118
SMHB000264	SMTS01288
SMHB000264	SMTS01362
SMHB000264	SMTS01384
SMHB000264	SMTS01386
SMHB000264	SMTS01414
SMHB000264	SMTS01423
SMHB000264	SMTS01662
SMHB000264	SMTS02320
SMHB000265	SMTS00183
SMHB000265	SMTS00201
SMHB000265	SMTS00380
SMHB000265	SMTS00610
SMHB000265	SMTS01707
SMHB000266	SMTS00280
SMHB000266	SMTS00281
SMHB000266	SMTS00393
SMHB000266	SMTS00405
SMHB000266	SMTS00430
SMHB000266	SMTS00435
SMHB000266	SMTS00470
SMHB000266	SMTS00473
SMHB000266	SMTS00768
SMHB000266	SMTS00923
SMHB000266	SMTS00931
SMHB000266	SMTS01027
SMHB000266	SMTS01110
SMHB000266	SMTS01116
SMHB000266	SMTS01480
SMHB000266	SMTS01599
SMHB000266	SMTS01645
SMHB000266	SMTS01646
SMHB000266	SMTS01649
SMHB000266	SMTS02007
SMHB000266	SMTS02110
SMHB000267	SMTS00029
SMHB000267	SMTS00107
SMHB000267	SMTS00135
SMHB000267	SMTS00137
SMHB000267	SMTS00274
SMHB000267	SMTS00549
SMHB000267	SMTS00550
SMHB000267	SMTS00551
SMHB000267	SMTS00555
SMHB000267	SMTS00965
SMHB000267	SMTS00966
SMHB000267	SMTS00967
SMHB000267	SMTS00968
SMHB000267	SMTS01200
SMHB000267	SMTS01489
SMHB000267	SMTS01570
SMHB000267	SMTS01579
SMHB000267	SMTS01650
SMHB000267	SMTS01651
SMHB000267	SMTS01703
SMHB000267	SMTS02334
SMHB000268	SMTS00023
SMHB000268	SMTS00048
SMHB000268	SMTS00050
SMHB000268	SMTS00104
SMHB000268	SMTS00178
SMHB000268	SMTS00340
SMHB000268	SMTS00388
SMHB000268	SMTS00717
SMHB000268	SMTS00776
SMHB000268	SMTS00837
SMHB000268	SMTS00930
SMHB000268	SMTS00978
SMHB000268	SMTS01120
SMHB000268	SMTS01246
SMHB000268	SMTS01440
SMHB000268	SMTS01599
SMHB000268	SMTS01680
SMHB000268	SMTS01867
SMHB000268	SMTS01869
SMHB000268	SMTS01972
SMHB000268	SMTS01996
SMHB000268	SMTS02277
SMHB000270	SMTS00035
SMHB000270	SMTS00037
SMHB000270	SMTS00040
SMHB000270	SMTS00118
SMHB000270	SMTS00191
SMHB000270	SMTS00347
SMHB000270	SMTS00348
SMHB000270	SMTS00349
SMHB000270	SMTS00368
SMHB000270	SMTS00394
SMHB000270	SMTS00395
SMHB000270	SMTS00397
SMHB000270	SMTS00400
SMHB000270	SMTS00427
SMHB000270	SMTS00435
SMHB000270	SMTS00541
SMHB000270	SMTS00647
SMHB000270	SMTS00649
SMHB000270	SMTS00779
SMHB000270	SMTS00866
SMHB000270	SMTS01055
SMHB000270	SMTS01109
SMHB000270	SMTS01231
SMHB000270	SMTS01453
SMHB000270	SMTS01465
SMHB000270	SMTS01466
SMHB000270	SMTS01467
SMHB000270	SMTS01468
SMHB000270	SMTS01469
SMHB000270	SMTS01476
SMHB000270	SMTS01477
SMHB000270	SMTS01481
SMHB000270	SMTS01484
SMHB000270	SMTS01485
SMHB000270	SMTS01486
SMHB000270	SMTS01492
SMHB000270	SMTS01532
SMHB000270	SMTS01593
SMHB000270	SMTS01665
SMHB000270	SMTS01687
SMHB000270	SMTS01689
SMHB000270	SMTS02330
SMHB000271	SMTS00048
SMHB000271	SMTS00388
SMHB000271	SMTS00717
SMHB000271	SMTS00762
SMHB000271	SMTS01266
SMHB000271	SMTS01267
SMHB000271	SMTS01269
SMHB000271	SMTS01440
SMHB000271	SMTS01726
SMHB000271	SMTS01778
SMHB000271	SMTS02257
SMHB000272	SMTS00015
SMHB000272	SMTS00060
SMHB000272	SMTS00065
SMHB000272	SMTS00283
SMHB000272	SMTS00284
SMHB000272	SMTS00285
SMHB000272	SMTS00289
SMHB000272	SMTS00292
SMHB000272	SMTS00298
SMHB000272	SMTS00299
SMHB000272	SMTS00301
SMHB000272	SMTS00486
SMHB000272	SMTS00620
SMHB000272	SMTS00621
SMHB000272	SMTS00706
SMHB000272	SMTS00709
SMHB000272	SMTS00800
SMHB000272	SMTS00815
SMHB000272	SMTS00849
SMHB000272	SMTS00851
SMHB000272	SMTS00859
SMHB000272	SMTS00862
SMHB000272	SMTS00892
SMHB000272	SMTS00896
SMHB000272	SMTS00962
SMHB000272	SMTS00983
SMHB000272	SMTS00984
SMHB000272	SMTS00989
SMHB000272	SMTS00990
SMHB000272	SMTS00996
SMHB000272	SMTS01024
SMHB000272	SMTS01175
SMHB000272	SMTS01180
SMHB000272	SMTS01182
SMHB000272	SMTS01195
SMHB000272	SMTS01199
SMHB000272	SMTS01206
SMHB000272	SMTS01207
SMHB000272	SMTS01241
SMHB000272	SMTS01298
SMHB000272	SMTS01305
SMHB000272	SMTS01306
SMHB000272	SMTS01311
SMHB000272	SMTS01312
SMHB000272	SMTS01314
SMHB000272	SMTS01315
SMHB000272	SMTS01316
SMHB000272	SMTS01514
SMHB000272	SMTS01584
SMHB000272	SMTS01586
SMHB000272	SMTS01642
SMHB000272	SMTS01830
SMHB000272	SMTS02150
SMHB000272	SMTS02223
SMHB000273	SMTS00109
SMHB000273	SMTS00117
SMHB000273	SMTS00396
SMHB000273	SMTS00548
SMHB000273	SMTS00549
SMHB000273	SMTS00550
SMHB000273	SMTS00551
SMHB000273	SMTS00552
SMHB000273	SMTS00553
SMHB000273	SMTS00555
SMHB000273	SMTS00559
SMHB000273	SMTS00718
SMHB000273	SMTS00803
SMHB000273	SMTS00804
SMHB000273	SMTS00805
SMHB000273	SMTS00811
SMHB000273	SMTS01063
SMHB000273	SMTS01065
SMHB000273	SMTS01066
SMHB000273	SMTS01067
SMHB000273	SMTS01068
SMHB000273	SMTS01076
SMHB000273	SMTS01077
SMHB000273	SMTS01085
SMHB000273	SMTS01938
SMHB000274	SMTS00016
SMHB000274	SMTS00076
SMHB000274	SMTS00098
SMHB000274	SMTS00209
SMHB000274	SMTS00306
SMHB000274	SMTS00518
SMHB000274	SMTS00541
SMHB000274	SMTS00685
SMHB000274	SMTS00688
SMHB000274	SMTS00696
SMHB000274	SMTS00697
SMHB000274	SMTS00701
SMHB000274	SMTS00712
SMHB000274	SMTS00716
SMHB000274	SMTS00779
SMHB000274	SMTS00816
SMHB000274	SMTS00817
SMHB000274	SMTS00823
SMHB000274	SMTS00898
SMHB000274	SMTS00899
SMHB000274	SMTS00950
SMHB000274	SMTS00951
SMHB000274	SMTS01119
SMHB000274	SMTS01121
SMHB000274	SMTS01122
SMHB000274	SMTS01124
SMHB000274	SMTS01125
SMHB000274	SMTS01126
SMHB000274	SMTS01127
SMHB000274	SMTS01132
SMHB000274	SMTS01133
SMHB000274	SMTS01134
SMHB000274	SMTS01135
SMHB000274	SMTS01138
SMHB000274	SMTS01140
SMHB000274	SMTS01141
SMHB000274	SMTS01142
SMHB000274	SMTS01231
SMHB000274	SMTS01288
SMHB000274	SMTS01418
SMHB000274	SMTS01441
SMHB000274	SMTS01453
SMHB000274	SMTS01689
SMHB000274	SMTS01900
SMHB000275	SMTS00546
SMHB000275	SMTS01089
SMHB000275	SMTS01118
SMHB000275	SMTS01921
SMHB000276	SMTS00104
SMHB000276	SMTS00134
SMHB000276	SMTS00642
SMHB000276	SMTS00930
SMHB000276	SMTS01686
SMHB000276	SMTS01998
SMHB000276	SMTS02054
SMHB000277	SMTS00035
SMHB000277	SMTS00038
SMHB000277	SMTS00128
SMHB000277	SMTS00191
SMHB000277	SMTS00205
SMHB000277	SMTS00266
SMHB000277	SMTS00274
SMHB000277	SMTS00280
SMHB000277	SMTS00281
SMHB000277	SMTS00283
SMHB000277	SMTS00284
SMHB000277	SMTS00288
SMHB000277	SMTS00289
SMHB000277	SMTS00351
SMHB000277	SMTS00414
SMHB000277	SMTS00416
SMHB000277	SMTS00418
SMHB000277	SMTS00419
SMHB000277	SMTS00425
SMHB000277	SMTS00470
SMHB000277	SMTS00473
SMHB000277	SMTS00492
SMHB000277	SMTS00493
SMHB000277	SMTS00501
SMHB000277	SMTS00519
SMHB000277	SMTS00800
SMHB000277	SMTS00815
SMHB000277	SMTS00866
SMHB000277	SMTS00983
SMHB000277	SMTS01095
SMHB000277	SMTS01110
SMHB000277	SMTS01115
SMHB000277	SMTS01116
SMHB000277	SMTS01199
SMHB000277	SMTS01206
SMHB000277	SMTS01207
SMHB000277	SMTS01209
SMHB000277	SMTS01212
SMHB000277	SMTS01213
SMHB000277	SMTS01220
SMHB000277	SMTS01221
SMHB000277	SMTS01298
SMHB000277	SMTS01336
SMHB000277	SMTS01341
SMHB000277	SMTS01342
SMHB000277	SMTS01343
SMHB000277	SMTS01346
SMHB000277	SMTS01360
SMHB000277	SMTS01361
SMHB000277	SMTS01416
SMHB000277	SMTS01586
SMHB000277	SMTS01592
SMHB000277	SMTS01599
SMHB000277	SMTS01600
SMHB000277	SMTS01645
SMHB000277	SMTS01646
SMHB000277	SMTS01647
SMHB000277	SMTS01649
SMHB000277	SMTS01750
SMHB000278	SMTS00065
SMHB000278	SMTS00094
SMHB000278	SMTS00192
SMHB000278	SMTS00194
SMHB000278	SMTS00298
SMHB000278	SMTS00299
SMHB000278	SMTS00301
SMHB000278	SMTS00474
SMHB000278	SMTS00652
SMHB000278	SMTS00656
SMHB000278	SMTS00657
SMHB000278	SMTS00706
SMHB000278	SMTS00709
SMHB000278	SMTS00753
SMHB000278	SMTS00815
SMHB000278	SMTS00896
SMHB000278	SMTS00990
SMHB000278	SMTS00996
SMHB000278	SMTS01199
SMHB000278	SMTS01206
SMHB000278	SMTS01207
SMHB000278	SMTS01514
SMHB000278	SMTS01584
SMHB000278	SMTS01586
SMHB000278	SMTS01616
SMHB000278	SMTS01618
SMHB000278	SMTS01620
SMHB000278	SMTS01621
SMHB000278	SMTS01622
SMHB000278	SMTS01623
SMHB000278	SMTS02150
SMHB000279	SMTS00118
SMHB000279	SMTS00197
SMHB000279	SMTS00298
SMHB000279	SMTS00299
SMHB000279	SMTS00301
SMHB000279	SMTS00587
SMHB000279	SMTS00642
SMHB000279	SMTS00815
SMHB000279	SMTS00915
SMHB000279	SMTS01199
SMHB000279	SMTS01206
SMHB000279	SMTS01207
SMHB000279	SMTS01324
SMHB000279	SMTS01326
SMHB000279	SMTS01461
SMHB000279	SMTS01462
SMHB000279	SMTS01586
SMHB000279	SMTS01599
SMHB000279	SMTS01615
SMHB000279	SMTS01687
SMHB000279	SMTS01934
SMHB000279	SMTS02150
SMHB000279	SMTS02290
SMHB000280	SMTS00035
SMHB000280	SMTS00174
SMHB000280	SMTS00274
SMHB000280	SMTS00419
SMHB000280	SMTS00425
SMHB000280	SMTS00866
SMHB000280	SMTS01277
SMHB000280	SMTS01589
SMHB000280	SMTS01599
SMHB000280	SMTS01736
SMHB000280	SMTS02016
SMHB000280	SMTS02129
SMHB000280	SMTS02143
SMHB000280	SMTS02196
SMHB000281	SMTS00016
SMHB000281	SMTS00209
SMHB000281	SMTS00210
SMHB000281	SMTS00541
SMHB000281	SMTS00634
SMHB000281	SMTS00686
SMHB000281	SMTS00687
SMHB000281	SMTS00688
SMHB000281	SMTS00690
SMHB000281	SMTS00692
SMHB000281	SMTS00696
SMHB000281	SMTS00697
SMHB000281	SMTS00699
SMHB000281	SMTS00700
SMHB000281	SMTS00703
SMHB000281	SMTS00716
SMHB000281	SMTS00779
SMHB000281	SMTS00823
SMHB000281	SMTS01000
SMHB000281	SMTS01001
SMHB000281	SMTS01002
SMHB000281	SMTS01003
SMHB000281	SMTS01004
SMHB000281	SMTS01005
SMHB000281	SMTS01006
SMHB000281	SMTS01007
SMHB000281	SMTS01190
SMHB000281	SMTS01231
SMHB000281	SMTS01418
SMHB000281	SMTS01419
SMHB000281	SMTS01420
SMHB000281	SMTS01421
SMHB000281	SMTS01453
SMHB000281	SMTS01513
SMHB000281	SMTS01687
SMHB000281	SMTS01689
SMHB000281	SMTS02097
SMHB000281	SMTS02100
SMHB000281	SMTS02102
SMHB000282	SMTS00004
SMHB000282	SMTS00008
SMHB000282	SMTS00175
SMHB000282	SMTS00266
SMHB000282	SMTS00274
SMHB000282	SMTS00355
SMHB000282	SMTS00364
SMHB000282	SMTS00407
SMHB000282	SMTS00419
SMHB000282	SMTS00425
SMHB000282	SMTS00729
SMHB000282	SMTS00827
SMHB000282	SMTS01275
SMHB000282	SMTS01520
SMHB000282	SMTS01521
SMHB000282	SMTS01524
SMHB000282	SMTS01525
SMHB000282	SMTS01526
SMHB000282	SMTS01530
SMHB000282	SMTS01545
SMHB000282	SMTS02085
SMHB000282	SMTS02237
SMHB000283	SMTS00005
SMHB000283	SMTS00023
SMHB000283	SMTS00034
SMHB000283	SMTS00107
SMHB000283	SMTS00137
SMHB000283	SMTS00138
SMHB000283	SMTS00226
SMHB000283	SMTS00340
SMHB000283	SMTS00520
SMHB000283	SMTS00606
SMHB000283	SMTS00652
SMHB000283	SMTS00656
SMHB000283	SMTS00742
SMHB000283	SMTS00752
SMHB000283	SMTS00898
SMHB000283	SMTS00899
SMHB000283	SMTS01119
SMHB000283	SMTS01123
SMHB000283	SMTS01152
SMHB000283	SMTS01153
SMHB000283	SMTS01155
SMHB000283	SMTS01200
SMHB000283	SMTS01246
SMHB000283	SMTS01425
SMHB000283	SMTS01439
SMHB000283	SMTS01446
SMHB000283	SMTS01454
SMHB000283	SMTS01533
SMHB000283	SMTS01540
SMHB000283	SMTS01542
SMHB000283	SMTS01570
SMHB000283	SMTS01624
SMHB000283	SMTS01625
SMHB000283	SMTS01626
SMHB000283	SMTS01650
SMHB000283	SMTS01651
SMHB000283	SMTS01703
SMHB000283	SMTS01813
SMHB000283	SMTS01867
SMHB000283	SMTS01869
SMHB000283	SMTS01972
SMHB000283	SMTS02231
SMHB000283	SMTS02244
SMHB000283	SMTS02271
SMHB000283	SMTS02277
SMHB000284	SMTS00094
SMHB000284	SMTS00118
SMHB000284	SMTS00192
SMHB000284	SMTS00194
SMHB000284	SMTS00213
SMHB000284	SMTS00230
SMHB000284	SMTS00280
SMHB000284	SMTS00470
SMHB000284	SMTS00471
SMHB000284	SMTS00473
SMHB000284	SMTS00492
SMHB000284	SMTS00628
SMHB000284	SMTS00682
SMHB000284	SMTS00752
SMHB000284	SMTS00765
SMHB000284	SMTS00785
SMHB000284	SMTS00786
SMHB000284	SMTS00787
SMHB000284	SMTS00876
SMHB000284	SMTS01110
SMHB000284	SMTS01116
SMHB000284	SMTS01152
SMHB000284	SMTS01162
SMHB000284	SMTS01230
SMHB000284	SMTS01349
SMHB000284	SMTS01526
SMHB000284	SMTS01558
SMHB000284	SMTS01571
SMHB000284	SMTS01599
SMHB000284	SMTS02342
SMHB000285	SMTS00109
SMHB000285	SMTS00549
SMHB000285	SMTS00550
SMHB000285	SMTS00551
SMHB000285	SMTS00552
SMHB000285	SMTS00553
SMHB000285	SMTS00555
SMHB000285	SMTS01063
SMHB000285	SMTS01065
SMHB000285	SMTS01066
SMHB000285	SMTS01067
SMHB000285	SMTS01068
SMHB000285	SMTS01085
SMHB000286	SMTS00379
SMHB000286	SMTS00546
SMHB000286	SMTS00548
SMHB000286	SMTS00550
SMHB000286	SMTS00551
SMHB000286	SMTS00555
SMHB000286	SMTS00718
SMHB000286	SMTS00729
SMHB000286	SMTS00804
SMHB000286	SMTS00805
SMHB000286	SMTS00811
SMHB000286	SMTS00815
SMHB000286	SMTS01118
SMHB000286	SMTS01199
SMHB000286	SMTS01206
SMHB000286	SMTS01207
SMHB000286	SMTS01275
SMHB000286	SMTS01319
SMHB000286	SMTS01586
SMHB000286	SMTS01795
SMHB000286	SMTS02004
SMHB000286	SMTS02084
SMHB000286	SMTS02218
SMHB000287	SMTS00128
SMHB000287	SMTS00142
SMHB000287	SMTS00414
SMHB000287	SMTS00416
SMHB000287	SMTS00418
SMHB000287	SMTS00642
SMHB000287	SMTS00857
SMHB000287	SMTS00858
SMHB000287	SMTS01686
SMHB000287	SMTS01875
SMHB000287	SMTS02020
SMHB000287	SMTS02044
SMHB000287	SMTS02109
SMHB000288	SMTS00018
SMHB000288	SMTS00037
SMHB000288	SMTS00068
SMHB000288	SMTS00069
SMHB000288	SMTS00081
SMHB000288	SMTS00218
SMHB000288	SMTS00253
SMHB000288	SMTS00290
SMHB000288	SMTS00345
SMHB000288	SMTS00356
SMHB000288	SMTS00357
SMHB000288	SMTS00360
SMHB000288	SMTS00361
SMHB000288	SMTS00363
SMHB000288	SMTS00365
SMHB000288	SMTS00366
SMHB000288	SMTS00368
SMHB000288	SMTS00369
SMHB000288	SMTS00373
SMHB000288	SMTS00379
SMHB000288	SMTS00387
SMHB000288	SMTS00407
SMHB000288	SMTS00452
SMHB000288	SMTS00466
SMHB000288	SMTS00538
SMHB000288	SMTS00647
SMHB000288	SMTS00658
SMHB000288	SMTS00662
SMHB000288	SMTS00663
SMHB000288	SMTS00755
SMHB000288	SMTS00756
SMHB000288	SMTS00757
SMHB000288	SMTS00827
SMHB000288	SMTS00962
SMHB000288	SMTS00973
SMHB000288	SMTS01010
SMHB000288	SMTS01016
SMHB000288	SMTS01017
SMHB000288	SMTS01027
SMHB000288	SMTS01031
SMHB000288	SMTS01035
SMHB000288	SMTS01039
SMHB000288	SMTS01150
SMHB000288	SMTS01210
SMHB000288	SMTS01211
SMHB000288	SMTS01239
SMHB000288	SMTS01294
SMHB000288	SMTS01296
SMHB000288	SMTS01520
SMHB000288	SMTS01521
SMHB000288	SMTS01524
SMHB000288	SMTS01525
SMHB000288	SMTS01526
SMHB000288	SMTS01530
SMHB000288	SMTS01531
SMHB000288	SMTS01532
SMHB000288	SMTS01533
SMHB000288	SMTS01534
SMHB000288	SMTS01537
SMHB000288	SMTS01538
SMHB000288	SMTS01540
SMHB000288	SMTS01544
SMHB000288	SMTS01669
SMHB000288	SMTS01690
SMHB000288	SMTS01694
SMHB000288	SMTS01695
SMHB000288	SMTS01711
SMHB000288	SMTS01914
SMHB000288	SMTS01930
SMHB000288	SMTS01968
SMHB000288	SMTS02228
SMHB000288	SMTS02230
SMHB000288	SMTS02238
SMHB000288	SMTS02239
SMHB000288	SMTS02240
SMHB000288	SMTS02289
SMHB000289	SMTS00257
SMHB000289	SMTS00298
SMHB000289	SMTS00299
SMHB000289	SMTS00301
SMHB000289	SMTS00393
SMHB000289	SMTS00435
SMHB000289	SMTS00549
SMHB000289	SMTS00550
SMHB000289	SMTS00551
SMHB000289	SMTS00555
SMHB000289	SMTS00815
SMHB000289	SMTS00965
SMHB000289	SMTS00966
SMHB000289	SMTS00967
SMHB000289	SMTS00968
SMHB000289	SMTS01199
SMHB000289	SMTS01206
SMHB000289	SMTS01207
SMHB000289	SMTS01480
SMHB000289	SMTS01579
SMHB000289	SMTS01586
SMHB000289	SMTS02150
SMHB000290	SMTS00107
SMHB000290	SMTS00137
SMHB000290	SMTS00379
SMHB000290	SMTS00615
SMHB000290	SMTS01200
SMHB000290	SMTS01318
SMHB000290	SMTS01319
SMHB000290	SMTS01570
SMHB000290	SMTS01650
SMHB000290	SMTS01651
SMHB000290	SMTS01676
SMHB000290	SMTS01703
SMHB000290	SMTS02043
SMHB000291	SMTS00024
SMHB000291	SMTS00038
SMHB000291	SMTS00470
SMHB000291	SMTS00565
SMHB000291	SMTS00568
SMHB000291	SMTS00581
SMHB000291	SMTS00583
SMHB000291	SMTS00584
SMHB000291	SMTS00585
SMHB000291	SMTS00587
SMHB000291	SMTS00590
SMHB000291	SMTS00624
SMHB000291	SMTS00626
SMHB000291	SMTS00721
SMHB000291	SMTS00727
SMHB000291	SMTS00735
SMHB000291	SMTS00743
SMHB000291	SMTS00744
SMHB000291	SMTS00840
SMHB000291	SMTS00855
SMHB000291	SMTS00915
SMHB000291	SMTS00977
SMHB000291	SMTS01027
SMHB000291	SMTS01110
SMHB000291	SMTS01324
SMHB000291	SMTS01326
SMHB000292	SMTS00001
SMHB000292	SMTS00015
SMHB000292	SMTS00060
SMHB000292	SMTS00061
SMHB000292	SMTS00062
SMHB000292	SMTS00065
SMHB000292	SMTS00068
SMHB000292	SMTS00090
SMHB000292	SMTS00092
SMHB000292	SMTS00099
SMHB000292	SMTS00145
SMHB000292	SMTS00147
SMHB000292	SMTS00182
SMHB000292	SMTS00222
SMHB000292	SMTS00283
SMHB000292	SMTS00284
SMHB000292	SMTS00285
SMHB000292	SMTS00288
SMHB000292	SMTS00289
SMHB000292	SMTS00290
SMHB000292	SMTS00292
SMHB000292	SMTS00303
SMHB000292	SMTS00379
SMHB000292	SMTS00424
SMHB000292	SMTS00431
SMHB000292	SMTS00437
SMHB000292	SMTS00475
SMHB000292	SMTS00517
SMHB000292	SMTS00614
SMHB000292	SMTS00615
SMHB000292	SMTS00620
SMHB000292	SMTS00621
SMHB000292	SMTS00706
SMHB000292	SMTS00709
SMHB000292	SMTS00755
SMHB000292	SMTS00793
SMHB000292	SMTS00794
SMHB000292	SMTS00795
SMHB000292	SMTS00800
SMHB000292	SMTS00867
SMHB000292	SMTS00892
SMHB000292	SMTS00903
SMHB000292	SMTS00955
SMHB000292	SMTS00983
SMHB000292	SMTS00984
SMHB000292	SMTS00989
SMHB000292	SMTS00996
SMHB000292	SMTS01157
SMHB000292	SMTS01175
SMHB000292	SMTS01180
SMHB000292	SMTS01182
SMHB000292	SMTS01183
SMHB000292	SMTS01195
SMHB000292	SMTS01216
SMHB000292	SMTS01219
SMHB000292	SMTS01220
SMHB000292	SMTS01227
SMHB000292	SMTS01240
SMHB000292	SMTS01241
SMHB000292	SMTS01298
SMHB000292	SMTS01305
SMHB000292	SMTS01306
SMHB000292	SMTS01311
SMHB000292	SMTS01312
SMHB000292	SMTS01314
SMHB000292	SMTS01315
SMHB000292	SMTS01318
SMHB000292	SMTS01319
SMHB000292	SMTS01321
SMHB000292	SMTS01322
SMHB000292	SMTS01351
SMHB000292	SMTS01365
SMHB000292	SMTS01379
SMHB000292	SMTS01392
SMHB000292	SMTS01405
SMHB000292	SMTS01406
SMHB000292	SMTS01407
SMHB000292	SMTS01410
SMHB000292	SMTS01411
SMHB000292	SMTS01413
SMHB000292	SMTS01514
SMHB000292	SMTS01586
SMHB000292	SMTS01606
SMHB000292	SMTS01641
SMHB000292	SMTS01642
SMHB000292	SMTS01687
SMHB000292	SMTS01786
SMHB000292	SMTS01948
SMHB000293	SMTS00016
SMHB000293	SMTS00634
SMHB000293	SMTS00688
SMHB000293	SMTS00700
SMHB000293	SMTS01418
SMHB000293	SMTS01420
SMHB000293	SMTS01588
SMHB000294	SMTS00035
SMHB000294	SMTS00174
SMHB000294	SMTS00340
SMHB000294	SMTS00379
SMHB000294	SMTS00768
SMHB000294	SMTS00866
SMHB000294	SMTS00931
SMHB000294	SMTS01319
SMHB000294	SMTS01686
SMHB000294	SMTS01836
SMHB000294	SMTS01946
SMHB000294	SMTS02007
SMHB000294	SMTS02020
SMHB000294	SMTS02156
SMHB000294	SMTS02195
SMHB000294	SMTS02280
SMHB000295	SMTS00103
SMHB000295	SMTS01743
SMHB000295	SMTS01752
SMHB000295	SMTS02043
SMHB000295	SMTS02091
SMHB000295	SMTS02134
SMHB000295	SMTS02261
SMHB000295	SMTS02263
SMHB000295	SMTS02266
SMHB000295	SMTS02295
SMHB000296	SMTS00103
SMHB000296	SMTS00283
SMHB000296	SMTS00284
SMHB000296	SMTS00288
SMHB000296	SMTS00289
SMHB000296	SMTS00304
SMHB000296	SMTS00305
SMHB000296	SMTS00800
SMHB000296	SMTS00983
SMHB000296	SMTS01298
SMHB000296	SMTS01586
SMHB000296	SMTS01859
SMHB000296	SMTS02134
SMHB000296	SMTS02261
SMHB000296	SMTS02263
SMHB000297	SMTS00065
SMHB000297	SMTS00068
SMHB000297	SMTS00069
SMHB000297	SMTS00243
SMHB000297	SMTS00253
SMHB000297	SMTS00309
SMHB000297	SMTS00573
SMHB000297	SMTS00586
SMHB000297	SMTS00595
SMHB000297	SMTS00602
SMHB000297	SMTS00652
SMHB000297	SMTS00655
SMHB000297	SMTS00706
SMHB000297	SMTS00709
SMHB000297	SMTS00755
SMHB000297	SMTS00756
SMHB000297	SMTS00757
SMHB000297	SMTS00893
SMHB000297	SMTS00896
SMHB000297	SMTS00904
SMHB000297	SMTS00990
SMHB000297	SMTS00996
SMHB000297	SMTS01078
SMHB000297	SMTS01079
SMHB000297	SMTS01091
SMHB000297	SMTS01210
SMHB000297	SMTS01211
SMHB000297	SMTS01235
SMHB000297	SMTS01348
SMHB000297	SMTS01390
SMHB000297	SMTS01431
SMHB000297	SMTS01514
SMHB000297	SMTS01584
SMHB000297	SMTS01627
SMHB000297	SMTS02306
SMHB000298	SMTS00057
SMHB000298	SMTS00094
SMHB000298	SMTS00192
SMHB000298	SMTS00438
SMHB000298	SMTS00439
SMHB000298	SMTS00461
SMHB000298	SMTS00667
SMHB000298	SMTS00713
SMHB000298	SMTS00828
SMHB000298	SMTS00894
SMHB000298	SMTS01028
SMHB000298	SMTS01331
SMHB000298	SMTS01334
SMHB000298	SMTS01335
SMHB000298	SMTS01551
SMHB000298	SMTS01552
SMHB000298	SMTS01553
SMHB000298	SMTS01554
SMHB000298	SMTS01682
SMHB000298	SMTS01764
SMHB000298	SMTS01881
SMHB000298	SMTS02116
SMHB000298	SMTS02227
SMHB000299	SMTS00057
SMHB000299	SMTS00183
SMHB000299	SMTS00201
SMHB000299	SMTS00212
SMHB000299	SMTS00213
SMHB000299	SMTS00238
SMHB000299	SMTS00380
SMHB000299	SMTS00403
SMHB000299	SMTS00529
SMHB000299	SMTS00530
SMHB000299	SMTS00531
SMHB000299	SMTS00532
SMHB000299	SMTS00562
SMHB000299	SMTS00563
SMHB000299	SMTS00564
SMHB000299	SMTS00577
SMHB000299	SMTS00578
SMHB000299	SMTS00579
SMHB000299	SMTS00600
SMHB000299	SMTS00610
SMHB000299	SMTS00652
SMHB000299	SMTS00653
SMHB000299	SMTS00666
SMHB000299	SMTS00667
SMHB000299	SMTS00732
SMHB000299	SMTS00733
SMHB000299	SMTS00894
SMHB000299	SMTS00911
SMHB000299	SMTS00970
SMHB000299	SMTS01028
SMHB000299	SMTS01189
SMHB000299	SMTS01260
SMHB000299	SMTS01279
SMHB000299	SMTS01331
SMHB000299	SMTS01333
SMHB000299	SMTS01334
SMHB000299	SMTS01335
SMHB000299	SMTS01364
SMHB000299	SMTS01548
SMHB000299	SMTS01551
SMHB000299	SMTS01553
SMHB000299	SMTS01554
SMHB000299	SMTS01555
SMHB000299	SMTS01556
SMHB000299	SMTS01562
SMHB000299	SMTS01707
SMHB000300	SMTS00038
SMHB000300	SMTS00196
SMHB000300	SMTS00266
SMHB000300	SMTS00274
SMHB000300	SMTS00321
SMHB000300	SMTS00419
SMHB000300	SMTS00425
SMHB000300	SMTS00518
SMHB000300	SMTS00541
SMHB000300	SMTS00712
SMHB000300	SMTS00779
SMHB000300	SMTS00798
SMHB000300	SMTS00816
SMHB000300	SMTS00817
SMHB000300	SMTS00950
SMHB000300	SMTS00951
SMHB000300	SMTS01121
SMHB000300	SMTS01122
SMHB000300	SMTS01125
SMHB000300	SMTS01126
SMHB000300	SMTS01127
SMHB000300	SMTS01129
SMHB000300	SMTS01132
SMHB000300	SMTS01133
SMHB000300	SMTS01134
SMHB000300	SMTS01135
SMHB000300	SMTS01231
SMHB000300	SMTS01441
SMHB000300	SMTS01453
SMHB000300	SMTS01687
SMHB000300	SMTS01689
SMHB000300	SMTS01763
SMHB000300	SMTS02316
SMHB000301	SMTS00118
SMHB000301	SMTS00178
SMHB000301	SMTS00228
SMHB000301	SMTS00265
SMHB000301	SMTS00306
SMHB000301	SMTS00394
SMHB000301	SMTS00395
SMHB000301	SMTS00397
SMHB000301	SMTS00400
SMHB000301	SMTS00435
SMHB000301	SMTS00541
SMHB000301	SMTS00549
SMHB000301	SMTS00550
SMHB000301	SMTS00551
SMHB000301	SMTS00552
SMHB000301	SMTS00553
SMHB000301	SMTS00555
SMHB000301	SMTS00617
SMHB000301	SMTS00618
SMHB000301	SMTS00619
SMHB000301	SMTS00668
SMHB000301	SMTS00670
SMHB000301	SMTS00779
SMHB000301	SMTS00785
SMHB000301	SMTS00787
SMHB000301	SMTS00868
SMHB000301	SMTS01063
SMHB000301	SMTS01065
SMHB000301	SMTS01066
SMHB000301	SMTS01067
SMHB000301	SMTS01068
SMHB000301	SMTS01085
SMHB000301	SMTS01231
SMHB000301	SMTS01288
SMHB000301	SMTS01357
SMHB000301	SMTS01453
SMHB000301	SMTS01465
SMHB000301	SMTS01466
SMHB000301	SMTS01467
SMHB000301	SMTS01468
SMHB000301	SMTS01469
SMHB000301	SMTS01476
SMHB000301	SMTS01477
SMHB000301	SMTS01481
SMHB000301	SMTS01484
SMHB000301	SMTS01485
SMHB000301	SMTS01486
SMHB000301	SMTS01492
SMHB000301	SMTS01599
SMHB000301	SMTS01638
SMHB000301	SMTS01687
SMHB000301	SMTS01689
SMHB000301	SMTS02335
SMHB000301	SMTS02352
SMHB000302	SMTS00035
SMHB000302	SMTS00274
SMHB000302	SMTS00407
SMHB000302	SMTS00419
SMHB000302	SMTS00425
SMHB000302	SMTS00550
SMHB000302	SMTS00551
SMHB000302	SMTS00555
SMHB000302	SMTS00558
SMHB000302	SMTS00800
SMHB000302	SMTS00866
SMHB000302	SMTS01239
SMHB000302	SMTS01520
SMHB000302	SMTS01521
SMHB000302	SMTS01524
SMHB000302	SMTS01525
SMHB000302	SMTS01526
SMHB000302	SMTS01530
SMHB000302	SMTS01534
SMHB000302	SMTS02084
SMHB000302	SMTS02181
SMHB000302	SMTS02182
SMHB000302	SMTS02190
SMHB000303	SMTS00045
SMHB000303	SMTS00105
SMHB000303	SMTS00106
SMHB000303	SMTS00107
SMHB000303	SMTS00128
SMHB000303	SMTS00136
SMHB000303	SMTS00141
SMHB000303	SMTS00157
SMHB000303	SMTS00171
SMHB000303	SMTS00187
SMHB000303	SMTS00205
SMHB000303	SMTS00226
SMHB000303	SMTS00233
SMHB000303	SMTS00234
SMHB000303	SMTS00244
SMHB000303	SMTS00245
SMHB000303	SMTS00306
SMHB000303	SMTS00309
SMHB000303	SMTS00317
SMHB000303	SMTS00319
SMHB000303	SMTS00320
SMHB000303	SMTS00323
SMHB000303	SMTS00329
SMHB000303	SMTS00331
SMHB000303	SMTS00392
SMHB000303	SMTS00394
SMHB000303	SMTS00395
SMHB000303	SMTS00397
SMHB000303	SMTS00400
SMHB000303	SMTS00404
SMHB000303	SMTS00409
SMHB000303	SMTS00435
SMHB000303	SMTS00494
SMHB000303	SMTS00495
SMHB000303	SMTS00496
SMHB000303	SMTS00497
SMHB000303	SMTS00500
SMHB000303	SMTS00501
SMHB000303	SMTS00502
SMHB000303	SMTS00503
SMHB000303	SMTS00541
SMHB000303	SMTS00549
SMHB000303	SMTS00562
SMHB000303	SMTS00565
SMHB000303	SMTS00568
SMHB000303	SMTS00581
SMHB000303	SMTS00583
SMHB000303	SMTS00584
SMHB000303	SMTS00585
SMHB000303	SMTS00587
SMHB000303	SMTS00590
SMHB000303	SMTS00591
SMHB000303	SMTS00595
SMHB000303	SMTS00597
SMHB000303	SMTS00617
SMHB000303	SMTS00619
SMHB000303	SMTS00688
SMHB000303	SMTS00692
SMHB000303	SMTS00701
SMHB000303	SMTS00765
SMHB000303	SMTS00779
SMHB000303	SMTS00809
SMHB000303	SMTS00833
SMHB000303	SMTS00834
SMHB000303	SMTS00857
SMHB000303	SMTS00874
SMHB000303	SMTS00902
SMHB000303	SMTS00906
SMHB000303	SMTS00910
SMHB000303	SMTS00915
SMHB000303	SMTS00935
SMHB000303	SMTS00944
SMHB000303	SMTS00946
SMHB000303	SMTS00947
SMHB000303	SMTS00956
SMHB000303	SMTS00959
SMHB000303	SMTS00960
SMHB000303	SMTS00961
SMHB000303	SMTS00970
SMHB000303	SMTS01009
SMHB000303	SMTS01025
SMHB000303	SMTS01070
SMHB000303	SMTS01086
SMHB000303	SMTS01120
SMHB000303	SMTS01133
SMHB000303	SMTS01140
SMHB000303	SMTS01141
SMHB000303	SMTS01194
SMHB000303	SMTS01231
SMHB000303	SMTS01270
SMHB000303	SMTS01289
SMHB000303	SMTS01292
SMHB000303	SMTS01293
SMHB000303	SMTS01416
SMHB000303	SMTS01439
SMHB000303	SMTS01453
SMHB000303	SMTS01455
SMHB000303	SMTS01461
SMHB000303	SMTS01462
SMHB000303	SMTS01465
SMHB000303	SMTS01466
SMHB000303	SMTS01467
SMHB000303	SMTS01468
SMHB000303	SMTS01469
SMHB000303	SMTS01470
SMHB000303	SMTS01474
SMHB000303	SMTS01476
SMHB000303	SMTS01477
SMHB000303	SMTS01481
SMHB000303	SMTS01484
SMHB000303	SMTS01485
SMHB000303	SMTS01486
SMHB000303	SMTS01489
SMHB000303	SMTS01492
SMHB000303	SMTS01497
SMHB000303	SMTS01506
SMHB000303	SMTS01599
SMHB000303	SMTS01636
SMHB000303	SMTS01640
SMHB000303	SMTS01683
SMHB000303	SMTS01684
SMHB000303	SMTS01687
SMHB000303	SMTS01689
SMHB000303	SMTS01705
SMHB000303	SMTS01708
SMHB000303	SMTS01727
SMHB000303	SMTS01996
SMHB000303	SMTS02078
SMHB000304	SMTS00142
SMHB000304	SMTS00280
SMHB000304	SMTS00351
SMHB000304	SMTS00382
SMHB000304	SMTS00407
SMHB000304	SMTS00437
SMHB000304	SMTS00463
SMHB000304	SMTS00470
SMHB000304	SMTS00471
SMHB000304	SMTS00473
SMHB000304	SMTS00501
SMHB000304	SMTS00511
SMHB000304	SMTS00518
SMHB000304	SMTS00567
SMHB000304	SMTS00568
SMHB000304	SMTS00583
SMHB000304	SMTS00584
SMHB000304	SMTS00585
SMHB000304	SMTS00600
SMHB000304	SMTS00617
SMHB000304	SMTS00619
SMHB000304	SMTS00624
SMHB000304	SMTS00626
SMHB000304	SMTS00657
SMHB000304	SMTS00712
SMHB000304	SMTS00752
SMHB000304	SMTS00816
SMHB000304	SMTS00817
SMHB000304	SMTS00828
SMHB000304	SMTS00867
SMHB000304	SMTS00893
SMHB000304	SMTS00898
SMHB000304	SMTS00899
SMHB000304	SMTS00906
SMHB000304	SMTS00916
SMHB000304	SMTS00922
SMHB000304	SMTS00923
SMHB000304	SMTS00925
SMHB000304	SMTS00950
SMHB000304	SMTS00951
SMHB000304	SMTS01027
SMHB000304	SMTS01029
SMHB000304	SMTS01032
SMHB000304	SMTS01110
SMHB000304	SMTS01115
SMHB000304	SMTS01116
SMHB000304	SMTS01117
SMHB000304	SMTS01119
SMHB000304	SMTS01121
SMHB000304	SMTS01122
SMHB000304	SMTS01125
SMHB000304	SMTS01126
SMHB000304	SMTS01127
SMHB000304	SMTS01132
SMHB000304	SMTS01133
SMHB000304	SMTS01134
SMHB000304	SMTS01135
SMHB000304	SMTS01152
SMHB000304	SMTS01239
SMHB000304	SMTS01327
SMHB000304	SMTS01357
SMHB000304	SMTS01416
SMHB000304	SMTS01417
SMHB000304	SMTS01439
SMHB000304	SMTS01441
SMHB000304	SMTS01450
SMHB000304	SMTS01457
SMHB000304	SMTS01520
SMHB000304	SMTS01521
SMHB000304	SMTS01524
SMHB000304	SMTS01525
SMHB000304	SMTS01526
SMHB000304	SMTS01530
SMHB000304	SMTS01531
SMHB000304	SMTS01532
SMHB000304	SMTS01534
SMHB000304	SMTS01543
SMHB000304	SMTS01624
SMHB000304	SMTS01625
SMHB000304	SMTS01626
SMHB000304	SMTS02242
SMHB000304	SMTS02243
SMHB000305	SMTS00201
SMHB000305	SMTS00235
SMHB000305	SMTS00236
SMHB000305	SMTS00380
SMHB000305	SMTS00562
SMHB000305	SMTS00563
SMHB000305	SMTS00564
SMHB000305	SMTS00578
SMHB000305	SMTS00579
SMHB000305	SMTS00610
SMHB000305	SMTS00935
SMHB000305	SMTS01013
SMHB000305	SMTS01189
SMHB000305	SMTS01289
SMHB000305	SMTS01470
SMHB000305	SMTS01478
SMHB000305	SMTS01479
SMHB000305	SMTS01493
SMHB000305	SMTS01724
SMHB000305	SMTS02143
SMHB000305	SMTS02307
SMHB000306	SMTS00005
SMHB000306	SMTS00034
SMHB000306	SMTS00093
SMHB000306	SMTS00096
SMHB000306	SMTS00102
SMHB000306	SMTS00138
SMHB000306	SMTS00226
SMHB000306	SMTS00351
SMHB000306	SMTS00390
SMHB000306	SMTS00520
SMHB000306	SMTS00606
SMHB000306	SMTS00652
SMHB000306	SMTS00656
SMHB000306	SMTS00685
SMHB000306	SMTS00696
SMHB000306	SMTS00697
SMHB000306	SMTS00716
SMHB000306	SMTS00898
SMHB000306	SMTS00899
SMHB000306	SMTS00926
SMHB000306	SMTS00962
SMHB000306	SMTS01119
SMHB000306	SMTS01123
SMHB000306	SMTS01153
SMHB000306	SMTS01155
SMHB000306	SMTS01236
SMHB000306	SMTS01260
SMHB000306	SMTS01349
SMHB000306	SMTS01418
SMHB000306	SMTS01425
SMHB000306	SMTS01439
SMHB000306	SMTS01533
SMHB000306	SMTS01540
SMHB000306	SMTS01542
SMHB000306	SMTS01624
SMHB000306	SMTS01625
SMHB000306	SMTS01626
SMHB000306	SMTS02148
SMHB000306	SMTS02149
SMHB000306	SMTS02231
SMHB000306	SMTS02244
SMHB000306	SMTS02342
SMHB000306	SMTS02343
SMHB000307	SMTS00023
SMHB000307	SMTS00330
SMHB000307	SMTS00338
SMHB000307	SMTS00340
SMHB000307	SMTS00558
SMHB000307	SMTS00742
SMHB000307	SMTS00752
SMHB000307	SMTS01152
SMHB000307	SMTS01867
SMHB000307	SMTS01972
SMHB000308	SMTS00016
SMHB000308	SMTS00041
SMHB000308	SMTS00148
SMHB000308	SMTS00309
SMHB000308	SMTS00397
SMHB000308	SMTS00435
SMHB000308	SMTS00518
SMHB000308	SMTS00688
SMHB000308	SMTS00712
SMHB000308	SMTS00816
SMHB000308	SMTS00817
SMHB000308	SMTS00950
SMHB000308	SMTS00951
SMHB000308	SMTS00966
SMHB000308	SMTS00967
SMHB000308	SMTS00968
SMHB000308	SMTS01121
SMHB000308	SMTS01122
SMHB000308	SMTS01125
SMHB000308	SMTS01126
SMHB000308	SMTS01127
SMHB000308	SMTS01132
SMHB000308	SMTS01133
SMHB000308	SMTS01134
SMHB000308	SMTS01135
SMHB000308	SMTS01441
SMHB000308	SMTS01471
SMHB000308	SMTS01473
SMHB000308	SMTS01477
SMHB000308	SMTS01478
SMHB000308	SMTS01479
SMHB000308	SMTS01481
SMHB000308	SMTS01482
SMHB000308	SMTS01487
SMHB000308	SMTS01493
SMHB000308	SMTS01494
SMHB000308	SMTS01495
SMHB000308	SMTS01697
SMHB000308	SMTS01798
SMHB000308	SMTS01811
SMHB000308	SMTS01922
SMHB000309	SMTS00068
SMHB000309	SMTS00069
SMHB000309	SMTS00214
SMHB000309	SMTS00222
SMHB000309	SMTS00234
SMHB000309	SMTS00235
SMHB000309	SMTS00236
SMHB000309	SMTS00253
SMHB000309	SMTS00381
SMHB000309	SMTS00490
SMHB000309	SMTS00542
SMHB000309	SMTS00566
SMHB000309	SMTS00596
SMHB000309	SMTS00753
SMHB000309	SMTS00755
SMHB000309	SMTS00756
SMHB000309	SMTS00757
SMHB000309	SMTS00932
SMHB000309	SMTS00935
SMHB000309	SMTS01013
SMHB000309	SMTS01183
SMHB000309	SMTS01185
SMHB000309	SMTS01210
SMHB000309	SMTS01211
SMHB000309	SMTS01217
SMHB000309	SMTS01289
SMHB000309	SMTS01362
SMHB000309	SMTS01384
SMHB000309	SMTS01386
SMHB000309	SMTS01387
SMHB000309	SMTS01414
SMHB000309	SMTS01566
SMHB000309	SMTS02211
SMHB000310	SMTS00109
SMHB000310	SMTS00113
SMHB000310	SMTS00243
SMHB000310	SMTS00257
SMHB000310	SMTS00402
SMHB000310	SMTS00549
SMHB000310	SMTS00550
SMHB000310	SMTS00551
SMHB000310	SMTS00555
SMHB000310	SMTS00562
SMHB000310	SMTS00563
SMHB000310	SMTS00564
SMHB000310	SMTS00577
SMHB000310	SMTS00578
SMHB000310	SMTS00579
SMHB000310	SMTS00754
SMHB000310	SMTS00811
SMHB000310	SMTS00897
SMHB000310	SMTS01083
SMHB000310	SMTS01189
SMHB000310	SMTS01235
SMHB000310	SMTS01348
SMHB000310	SMTS01390
SMHB000310	SMTS01470
SMHB000311	SMTS00309
SMHB000311	SMTS00554
SMHB000311	SMTS00557
SMHB000311	SMTS00558
SMHB000311	SMTS00559
SMHB000311	SMTS00602
SMHB000311	SMTS00645
SMHB000311	SMTS00897
SMHB000311	SMTS00906
SMHB000311	SMTS01056
SMHB000311	SMTS01083
SMHB000311	SMTS01087
SMHB000311	SMTS01148
SMHB000311	SMTS01149
SMHB000311	SMTS01431
SMHB000311	SMTS01627
SMHB000311	SMTS01633
SMHB000311	SMTS01636
SMHB000311	SMTS01796
SMHB000311	SMTS02306
SMHB000312	SMTS00023
SMHB000312	SMTS00048
SMHB000312	SMTS00107
SMHB000312	SMTS00137
SMHB000312	SMTS00139
SMHB000312	SMTS00196
SMHB000312	SMTS00280
SMHB000312	SMTS00283
SMHB000312	SMTS00284
SMHB000312	SMTS00289
SMHB000312	SMTS00330
SMHB000312	SMTS00338
SMHB000312	SMTS00340
SMHB000312	SMTS00470
SMHB000312	SMTS00473
SMHB000312	SMTS00493
SMHB000312	SMTS00541
SMHB000312	SMTS00558
SMHB000312	SMTS00614
SMHB000312	SMTS00615
SMHB000312	SMTS00651
SMHB000312	SMTS00752
SMHB000312	SMTS00779
SMHB000312	SMTS00800
SMHB000312	SMTS00873
SMHB000312	SMTS00923
SMHB000312	SMTS00983
SMHB000312	SMTS01049
SMHB000312	SMTS01110
SMHB000312	SMTS01116
SMHB000312	SMTS01152
SMHB000312	SMTS01200
SMHB000312	SMTS01231
SMHB000312	SMTS01283
SMHB000312	SMTS01284
SMHB000312	SMTS01298
SMHB000312	SMTS01318
SMHB000312	SMTS01365
SMHB000312	SMTS01366
SMHB000312	SMTS01392
SMHB000312	SMTS01443
SMHB000312	SMTS01453
SMHB000312	SMTS01570
SMHB000312	SMTS01586
SMHB000312	SMTS01650
SMHB000312	SMTS01651
SMHB000312	SMTS01687
SMHB000312	SMTS01689
SMHB000312	SMTS01703
SMHB000312	SMTS01813
SMHB000312	SMTS01867
SMHB000312	SMTS01972
SMHB000312	SMTS02267
SMHB000313	SMTS00016
SMHB000313	SMTS00023
SMHB000313	SMTS00099
SMHB000313	SMTS00100
SMHB000313	SMTS00107
SMHB000313	SMTS00330
SMHB000313	SMTS00338
SMHB000313	SMTS00340
SMHB000313	SMTS00558
SMHB000313	SMTS00615
SMHB000313	SMTS00752
SMHB000313	SMTS01152
SMHB000313	SMTS01734
SMHB000313	SMTS02087
SMHB000313	SMTS02099
SMHB000313	SMTS02103
SMHB000313	SMTS02105
SMHB000313	SMTS02187
SMHB000313	SMTS02281
SMHB000313	SMTS02348
SMHB000314	SMTS00035
SMHB000314	SMTS00274
SMHB000314	SMTS00394
SMHB000314	SMTS00395
SMHB000314	SMTS00397
SMHB000314	SMTS00400
SMHB000314	SMTS00407
SMHB000314	SMTS00419
SMHB000314	SMTS00425
SMHB000314	SMTS00435
SMHB000314	SMTS00541
SMHB000314	SMTS00779
SMHB000314	SMTS00866
SMHB000314	SMTS01231
SMHB000314	SMTS01453
SMHB000314	SMTS01465
SMHB000314	SMTS01466
SMHB000314	SMTS01467
SMHB000314	SMTS01468
SMHB000314	SMTS01469
SMHB000314	SMTS01476
SMHB000314	SMTS01477
SMHB000314	SMTS01481
SMHB000314	SMTS01484
SMHB000314	SMTS01486
SMHB000314	SMTS01492
SMHB000314	SMTS01523
SMHB000314	SMTS01527
SMHB000314	SMTS01689
SMHB000314	SMTS01809
SMHB000315	SMTS00431
SMHB000315	SMTS00470
SMHB000315	SMTS01027
SMHB000315	SMTS01088
SMHB000315	SMTS01110
SMHB000315	SMTS01608
SMHB000315	SMTS01610
SMHB000315	SMTS01641
SMHB000315	SMTS01740
SMHB000315	SMTS02279
SMHB000315	SMTS02316
SMHB000316	SMTS00407
SMHB000316	SMTS00462
SMHB000316	SMTS00466
SMHB000316	SMTS00535
SMHB000316	SMTS00611
SMHB000316	SMTS00647
SMHB000316	SMTS00648
SMHB000316	SMTS00973
SMHB000316	SMTS01010
SMHB000316	SMTS01296
SMHB000316	SMTS01520
SMHB000316	SMTS01521
SMHB000316	SMTS01524
SMHB000316	SMTS01525
SMHB000316	SMTS01526
SMHB000316	SMTS01530
SMHB000316	SMTS01539
SMHB000316	SMTS01666
SMHB000316	SMTS01670
SMHB000316	SMTS01711
SMHB000316	SMTS01912
SMHB000316	SMTS01968
SMHB000316	SMTS02225
SMHB000316	SMTS02241
SMHB000317	SMTS00016
SMHB000317	SMTS00300
SMHB000317	SMTS00518
SMHB000317	SMTS00541
SMHB000317	SMTS00546
SMHB000317	SMTS00550
SMHB000317	SMTS00551
SMHB000317	SMTS00555
SMHB000317	SMTS00712
SMHB000317	SMTS00779
SMHB000317	SMTS00816
SMHB000317	SMTS00817
SMHB000317	SMTS00950
SMHB000317	SMTS00951
SMHB000317	SMTS01118
SMHB000317	SMTS01121
SMHB000317	SMTS01122
SMHB000317	SMTS01124
SMHB000317	SMTS01125
SMHB000317	SMTS01126
SMHB000317	SMTS01127
SMHB000317	SMTS01132
SMHB000317	SMTS01134
SMHB000317	SMTS01135
SMHB000317	SMTS01138
SMHB000317	SMTS01142
SMHB000317	SMTS01231
SMHB000317	SMTS01441
SMHB000317	SMTS01453
SMHB000317	SMTS01513
SMHB000317	SMTS01559
SMHB000317	SMTS01689
SMHB000317	SMTS01852
SMHB000317	SMTS02016
SMHB000317	SMTS02091
SMHB000317	SMTS02100
SMHB000317	SMTS02102
SMHB000317	SMTS02144
SMHB000318	SMTS00114
SMHB000318	SMTS00283
SMHB000318	SMTS00284
SMHB000318	SMTS00288
SMHB000318	SMTS00289
SMHB000318	SMTS00430
SMHB000318	SMTS00546
SMHB000318	SMTS00800
SMHB000318	SMTS00812
SMHB000318	SMTS00983
SMHB000318	SMTS01014
SMHB000318	SMTS01027
SMHB000318	SMTS01088
SMHB000318	SMTS01118
SMHB000318	SMTS01298
SMHB000318	SMTS01586
SMHB000318	SMTS01641
SMHB000318	SMTS01690
SMHB000318	SMTS01717
SMHB000318	SMTS01740
SMHB000318	SMTS01943
SMHB000319	SMTS00024
SMHB000319	SMTS00109
SMHB000319	SMTS00110
SMHB000319	SMTS00111
SMHB000319	SMTS00115
SMHB000319	SMTS00231
SMHB000319	SMTS00329
SMHB000319	SMTS00330
SMHB000319	SMTS00332
SMHB000319	SMTS00333
SMHB000319	SMTS00335
SMHB000319	SMTS00336
SMHB000319	SMTS00399
SMHB000319	SMTS00406
SMHB000319	SMTS00506
SMHB000319	SMTS00549
SMHB000319	SMTS00550
SMHB000319	SMTS00551
SMHB000319	SMTS00552
SMHB000319	SMTS00553
SMHB000319	SMTS00554
SMHB000319	SMTS00555
SMHB000319	SMTS00557
SMHB000319	SMTS00559
SMHB000319	SMTS01056
SMHB000319	SMTS01057
SMHB000319	SMTS01059
SMHB000319	SMTS01060
SMHB000319	SMTS01061
SMHB000319	SMTS01063
SMHB000319	SMTS01065
SMHB000319	SMTS01066
SMHB000319	SMTS01067
SMHB000319	SMTS01068
SMHB000319	SMTS01070
SMHB000319	SMTS01071
SMHB000319	SMTS01072
SMHB000319	SMTS01073
SMHB000319	SMTS01081
SMHB000319	SMTS01082
SMHB000319	SMTS01085
SMHB000319	SMTS01093
SMHB000319	SMTS01148
SMHB000319	SMTS01149
SMHB000320	SMTS00008
SMHB000320	SMTS00172
SMHB000320	SMTS00173
SMHB000320	SMTS00174
SMHB000320	SMTS00212
SMHB000320	SMTS00403
SMHB000320	SMTS00531
SMHB000320	SMTS00729
SMHB000320	SMTS00732
SMHB000320	SMTS00733
SMHB000320	SMTS01275
SMHB000320	SMTS01279
SMHB000320	SMTS01548
SMHB000320	SMTS01555
SMHB000320	SMTS01556
SMHB000320	SMTS01561
SMHB000320	SMTS01562
SMHB000321	SMTS00023
SMHB000321	SMTS00038
SMHB000321	SMTS00107
SMHB000321	SMTS00137
SMHB000321	SMTS00196
SMHB000321	SMTS00340
SMHB000321	SMTS00354
SMHB000321	SMTS00363
SMHB000321	SMTS00470
SMHB000321	SMTS00541
SMHB000321	SMTS00752
SMHB000321	SMTS00779
SMHB000321	SMTS01110
SMHB000321	SMTS01152
SMHB000321	SMTS01200
SMHB000321	SMTS01231
SMHB000321	SMTS01422
SMHB000321	SMTS01453
SMHB000321	SMTS01570
SMHB000321	SMTS01650
SMHB000321	SMTS01651
SMHB000321	SMTS01687
SMHB000321	SMTS01689
SMHB000321	SMTS01703
SMHB000321	SMTS01813
SMHB000321	SMTS01867
SMHB000321	SMTS01972
SMHB000322	SMTS00020
SMHB000322	SMTS00021
SMHB000322	SMTS00022
SMHB000322	SMTS00024
SMHB000322	SMTS00038
SMHB000322	SMTS00081
SMHB000322	SMTS00141
SMHB000322	SMTS00219
SMHB000322	SMTS00232
SMHB000322	SMTS00234
SMHB000322	SMTS00263
SMHB000322	SMTS00266
SMHB000322	SMTS00274
SMHB000322	SMTS00306
SMHB000322	SMTS00419
SMHB000322	SMTS00424
SMHB000322	SMTS00425
SMHB000322	SMTS00441
SMHB000322	SMTS00449
SMHB000322	SMTS00488
SMHB000322	SMTS00512
SMHB000322	SMTS00513
SMHB000322	SMTS00514
SMHB000322	SMTS00515
SMHB000322	SMTS00516
SMHB000322	SMTS00518
SMHB000322	SMTS00591
SMHB000322	SMTS00645
SMHB000322	SMTS00662
SMHB000322	SMTS00663
SMHB000322	SMTS00712
SMHB000322	SMTS00816
SMHB000322	SMTS00817
SMHB000322	SMTS00950
SMHB000322	SMTS00951
SMHB000322	SMTS00962
SMHB000322	SMTS01119
SMHB000322	SMTS01121
SMHB000322	SMTS01122
SMHB000322	SMTS01125
SMHB000322	SMTS01126
SMHB000322	SMTS01127
SMHB000322	SMTS01132
SMHB000322	SMTS01133
SMHB000322	SMTS01134
SMHB000322	SMTS01135
SMHB000322	SMTS01136
SMHB000322	SMTS01137
SMHB000322	SMTS01145
SMHB000322	SMTS01230
SMHB000322	SMTS01257
SMHB000322	SMTS01288
SMHB000322	SMTS01423
SMHB000322	SMTS01441
SMHB000322	SMTS01520
SMHB000323	SMTS00038
SMHB000323	SMTS00048
SMHB000323	SMTS00142
SMHB000323	SMTS00266
SMHB000323	SMTS00274
SMHB000323	SMTS00388
SMHB000323	SMTS00419
SMHB000323	SMTS00425
SMHB000323	SMTS00527
SMHB000323	SMTS00717
SMHB000323	SMTS00870
SMHB000323	SMTS00871
SMHB000323	SMTS01130
SMHB000323	SMTS01440
SMHB000323	SMTS01577
SMHB000323	SMTS01770
SMHB000323	SMTS01832
SMHB000324	SMTS00012
SMHB000324	SMTS00038
SMHB000324	SMTS00067
SMHB000324	SMTS00093
SMHB000324	SMTS00234
SMHB000324	SMTS00235
SMHB000324	SMTS00236
SMHB000324	SMTS00266
SMHB000324	SMTS00274
SMHB000324	SMTS00304
SMHB000324	SMTS00305
SMHB000324	SMTS00345
SMHB000324	SMTS00382
SMHB000324	SMTS00390
SMHB000324	SMTS00405
SMHB000324	SMTS00419
SMHB000324	SMTS00425
SMHB000324	SMTS00436
SMHB000324	SMTS00465
SMHB000324	SMTS00466
SMHB000324	SMTS00768
SMHB000324	SMTS00906
SMHB000324	SMTS00931
SMHB000324	SMTS00935
SMHB000324	SMTS00977
SMHB000324	SMTS01010
SMHB000324	SMTS01013
SMHB000324	SMTS01236
SMHB000324	SMTS01287
SMHB000324	SMTS01289
SMHB000324	SMTS01296
SMHB000324	SMTS01683
SMHB000324	SMTS01684
SMHB000324	SMTS01692
SMHB000324	SMTS01711
SMHB000324	SMTS01859
SMHB000324	SMTS02342
SMHB000324	SMTS02343
SMHB000325	SMTS00002
SMHB000325	SMTS00016
SMHB000325	SMTS00172
SMHB000325	SMTS00174
SMHB000325	SMTS00541
SMHB000325	SMTS00688
SMHB000325	SMTS00692
SMHB000325	SMTS00699
SMHB000325	SMTS00700
SMHB000325	SMTS00779
SMHB000325	SMTS00977
SMHB000325	SMTS01231
SMHB000325	SMTS01321
SMHB000325	SMTS01453
SMHB000325	SMTS01513
SMHB000325	SMTS01687
SMHB000325	SMTS01689
SMHB000325	SMTS01870
SMHB000325	SMTS01871
SMHB000325	SMTS02100
SMHB000325	SMTS02102
SMHB000325	SMTS02280
SMHB000326	SMTS00107
SMHB000326	SMTS00228
SMHB000326	SMTS00230
SMHB000326	SMTS00333
SMHB000326	SMTS00393
SMHB000326	SMTS00435
SMHB000326	SMTS00502
SMHB000326	SMTS00503
SMHB000326	SMTS00558
SMHB000326	SMTS00561
SMHB000326	SMTS00567
SMHB000326	SMTS00568
SMHB000326	SMTS00583
SMHB000326	SMTS00584
SMHB000326	SMTS00585
SMHB000326	SMTS00618
SMHB000326	SMTS00628
SMHB000326	SMTS00752
SMHB000326	SMTS00786
SMHB000326	SMTS00868
SMHB000326	SMTS00869
SMHB000326	SMTS00870
SMHB000326	SMTS00876
SMHB000326	SMTS01064
SMHB000326	SMTS01147
SMHB000326	SMTS01152
SMHB000326	SMTS01162
SMHB000326	SMTS01365
SMHB000326	SMTS01391
SMHB000326	SMTS01392
SMHB000326	SMTS01446
SMHB000326	SMTS01447
SMHB000326	SMTS01480
SMHB000326	SMTS01490
SMHB000326	SMTS01638
SMHB000326	SMTS01698
SMHB000326	SMTS01855
SMHB000327	SMTS00038
SMHB000327	SMTS00266
SMHB000327	SMTS00274
SMHB000327	SMTS00344
SMHB000327	SMTS00352
SMHB000327	SMTS00371
SMHB000327	SMTS00373
SMHB000327	SMTS00419
SMHB000327	SMTS00425
SMHB000327	SMTS00646
SMHB000327	SMTS00683
SMHB000327	SMTS00869
SMHB000327	SMTS00870
SMHB000327	SMTS00871
SMHB000327	SMTS00892
SMHB000327	SMTS01014
SMHB000327	SMTS01130
SMHB000327	SMTS01690
SMHB000327	SMTS01717
SMHB000327	SMTS01767
SMHB000327	SMTS02353
SMHB000328	SMTS00031
SMHB000328	SMTS00243
SMHB000328	SMTS00309
SMHB000328	SMTS00339
SMHB000328	SMTS00392
SMHB000328	SMTS00394
SMHB000328	SMTS00395
SMHB000328	SMTS00397
SMHB000328	SMTS00400
SMHB000328	SMTS00435
SMHB000328	SMTS00541
SMHB000328	SMTS00549
SMHB000328	SMTS00550
SMHB000328	SMTS00551
SMHB000328	SMTS00555
SMHB000328	SMTS00562
SMHB000328	SMTS00563
SMHB000328	SMTS00564
SMHB000328	SMTS00573
SMHB000328	SMTS00577
SMHB000328	SMTS00578
SMHB000328	SMTS00579
SMHB000328	SMTS00591
SMHB000328	SMTS00779
SMHB000328	SMTS00897
SMHB000328	SMTS00971
SMHB000328	SMTS01078
SMHB000328	SMTS01079
SMHB000328	SMTS01091
SMHB000328	SMTS01189
SMHB000328	SMTS01231
SMHB000328	SMTS01235
SMHB000328	SMTS01348
SMHB000328	SMTS01390
SMHB000328	SMTS01453
SMHB000328	SMTS01464
SMHB000328	SMTS01465
SMHB000328	SMTS01466
SMHB000328	SMTS01467
SMHB000328	SMTS01468
SMHB000328	SMTS01469
SMHB000328	SMTS01475
SMHB000328	SMTS01476
SMHB000328	SMTS01477
SMHB000328	SMTS01481
SMHB000328	SMTS01484
SMHB000328	SMTS01485
SMHB000328	SMTS01486
SMHB000328	SMTS01488
SMHB000328	SMTS01489
SMHB000328	SMTS01492
SMHB000328	SMTS01612
SMHB000328	SMTS01687
SMHB000328	SMTS01689
SMHB000328	SMTS02264
SMHB000328	SMTS02349
SMHB000329	SMTS00149
SMHB000329	SMTS00163
SMHB000329	SMTS00234
SMHB000329	SMTS00235
SMHB000329	SMTS00236
SMHB000329	SMTS00350
SMHB000329	SMTS00405
SMHB000329	SMTS00768
SMHB000329	SMTS00931
SMHB000329	SMTS00935
SMHB000329	SMTS00977
SMHB000329	SMTS01013
SMHB000329	SMTS01021
SMHB000329	SMTS01050
SMHB000329	SMTS01289
SMHB000329	SMTS01558
SMHB000329	SMTS01774
SMHB000329	SMTS01841
SMHB000329	SMTS02007
SMHB000329	SMTS02008
SMHB000329	SMTS02342
SMHB000330	SMTS00015
SMHB000330	SMTS00283
SMHB000330	SMTS00284
SMHB000330	SMTS00285
SMHB000330	SMTS00289
SMHB000330	SMTS00292
SMHB000330	SMTS00437
SMHB000330	SMTS00456
SMHB000330	SMTS00483
SMHB000330	SMTS00487
SMHB000330	SMTS00547
SMHB000330	SMTS00620
SMHB000330	SMTS00621
SMHB000330	SMTS00800
SMHB000330	SMTS00848
SMHB000330	SMTS00850
SMHB000330	SMTS00852
SMHB000330	SMTS00854
SMHB000330	SMTS00856
SMHB000330	SMTS00857
SMHB000330	SMTS00858
SMHB000330	SMTS00878
SMHB000330	SMTS00892
SMHB000330	SMTS00983
SMHB000330	SMTS00984
SMHB000330	SMTS01175
SMHB000330	SMTS01180
SMHB000330	SMTS01182
SMHB000330	SMTS01195
SMHB000330	SMTS01240
SMHB000330	SMTS01241
SMHB000330	SMTS01298
SMHB000330	SMTS01305
SMHB000330	SMTS01306
SMHB000330	SMTS01311
SMHB000330	SMTS01312
SMHB000330	SMTS01314
SMHB000330	SMTS01315
SMHB000330	SMTS01365
SMHB000330	SMTS01392
SMHB000330	SMTS01405
SMHB000330	SMTS01406
SMHB000330	SMTS01407
SMHB000330	SMTS01410
SMHB000330	SMTS01411
SMHB000330	SMTS01413
SMHB000330	SMTS01586
SMHB000330	SMTS01606
SMHB000330	SMTS01642
SMHB000330	SMTS02003
SMHB000331	SMTS00016
SMHB000331	SMTS00297
SMHB000331	SMTS00300
SMHB000331	SMTS00688
SMHB000331	SMTS00690
SMHB000331	SMTS00699
SMHB000331	SMTS00700
SMHB000331	SMTS00823
SMHB000331	SMTS01000
SMHB000331	SMTS01001
SMHB000331	SMTS01002
SMHB000331	SMTS01003
SMHB000331	SMTS01004
SMHB000331	SMTS01005
SMHB000331	SMTS01006
SMHB000331	SMTS01007
SMHB000331	SMTS01113
SMHB000331	SMTS01439
SMHB000331	SMTS01624
SMHB000331	SMTS01625
SMHB000331	SMTS01626
SMHB000331	SMTS02142
SMHB000332	SMTS00405
SMHB000332	SMTS00620
SMHB000332	SMTS00621
SMHB000332	SMTS00721
SMHB000332	SMTS00727
SMHB000332	SMTS00735
SMHB000332	SMTS00743
SMHB000332	SMTS00744
SMHB000332	SMTS00768
SMHB000332	SMTS00839
SMHB000332	SMTS00873
SMHB000332	SMTS00931
SMHB000332	SMTS00977
SMHB000332	SMTS00983
SMHB000332	SMTS01049
SMHB000332	SMTS01280
SMHB000332	SMTS01283
SMHB000332	SMTS01284
SMHB000332	SMTS01311
SMHB000332	SMTS01312
SMHB000332	SMTS01314
SMHB000332	SMTS01315
SMHB000332	SMTS01316
SMHB000332	SMTS01586
SMHB000332	SMTS01985
SMHB000333	SMTS00099
SMHB000333	SMTS00100
SMHB000333	SMTS00101
SMHB000333	SMTS00118
SMHB000333	SMTS00624
SMHB000333	SMTS00625
SMHB000333	SMTS00626
SMHB000333	SMTS00699
SMHB000333	SMTS00700
SMHB000333	SMTS00873
SMHB000333	SMTS01049
SMHB000333	SMTS01283
SMHB000333	SMTS01284
SMHB000333	SMTS01599
SMHB000333	SMTS02087
SMHB000333	SMTS02281
SMHB000334	SMTS00470
SMHB000334	SMTS00623
SMHB000334	SMTS00722
SMHB000334	SMTS00724
SMHB000334	SMTS00725
SMHB000334	SMTS00726
SMHB000334	SMTS00731
SMHB000334	SMTS00761
SMHB000334	SMTS00762
SMHB000334	SMTS00873
SMHB000334	SMTS00981
SMHB000334	SMTS01049
SMHB000334	SMTS01110
SMHB000334	SMTS01267
SMHB000334	SMTS01276
SMHB000334	SMTS01280
SMHB000334	SMTS01283
SMHB000334	SMTS01284
SMHB000334	SMTS01443
SMHB000334	SMTS01846
SMHB000334	SMTS01956
SMHB000334	SMTS01985
SMHB000335	SMTS00100
SMHB000335	SMTS00101
SMHB000335	SMTS00104
SMHB000335	SMTS00107
SMHB000335	SMTS00137
SMHB000335	SMTS00257
SMHB000335	SMTS00549
SMHB000335	SMTS00550
SMHB000335	SMTS00551
SMHB000335	SMTS00555
SMHB000335	SMTS00565
SMHB000335	SMTS00568
SMHB000335	SMTS00581
SMHB000335	SMTS00583
SMHB000335	SMTS00584
SMHB000335	SMTS00585
SMHB000335	SMTS00587
SMHB000335	SMTS00590
SMHB000335	SMTS00642
SMHB000335	SMTS00752
SMHB000335	SMTS00906
SMHB000335	SMTS00915
SMHB000335	SMTS00930
SMHB000335	SMTS01147
SMHB000335	SMTS01152
SMHB000335	SMTS01200
SMHB000335	SMTS01446
SMHB000335	SMTS01447
SMHB000335	SMTS01570
SMHB000335	SMTS01599
SMHB000335	SMTS01650
SMHB000335	SMTS01651
SMHB000335	SMTS01676
SMHB000335	SMTS01678
SMHB000335	SMTS01703
SMHB000335	SMTS02043
SMHB000336	SMTS00012
SMHB000336	SMTS00046
SMHB000336	SMTS00053
SMHB000336	SMTS00055
SMHB000336	SMTS00057
SMHB000336	SMTS00062
SMHB000336	SMTS00065
SMHB000336	SMTS00068
SMHB000336	SMTS00114
SMHB000336	SMTS00213
SMHB000336	SMTS00222
SMHB000336	SMTS00240
SMHB000336	SMTS00288
SMHB000336	SMTS00341
SMHB000336	SMTS00447
SMHB000336	SMTS00496
SMHB000336	SMTS00501
SMHB000336	SMTS00523
SMHB000336	SMTS00542
SMHB000336	SMTS00546
SMHB000336	SMTS00562
SMHB000336	SMTS00563
SMHB000336	SMTS00564
SMHB000336	SMTS00569
SMHB000336	SMTS00574
SMHB000336	SMTS00577
SMHB000336	SMTS00578
SMHB000336	SMTS00579
SMHB000336	SMTS00591
SMHB000336	SMTS00600
SMHB000336	SMTS00605
SMHB000336	SMTS00647
SMHB000336	SMTS00652
SMHB000336	SMTS00654
SMHB000336	SMTS00667
SMHB000336	SMTS00674
SMHB000336	SMTS00706
SMHB000336	SMTS00709
SMHB000336	SMTS00755
SMHB000336	SMTS00799
SMHB000336	SMTS00879
SMHB000336	SMTS00894
SMHB000336	SMTS00896
SMHB000336	SMTS00898
SMHB000336	SMTS00948
SMHB000336	SMTS00954
SMHB000336	SMTS00962
SMHB000336	SMTS00970
SMHB000336	SMTS00990
SMHB000336	SMTS00995
SMHB000336	SMTS00996
SMHB000336	SMTS01028
SMHB000336	SMTS01099
SMHB000336	SMTS01100
SMHB000336	SMTS01101
SMHB000336	SMTS01104
SMHB000336	SMTS01105
SMHB000336	SMTS01118
SMHB000336	SMTS01181
SMHB000336	SMTS01189
SMHB000336	SMTS01260
SMHB000336	SMTS01349
SMHB000336	SMTS01352
SMHB000336	SMTS01356
SMHB000336	SMTS01364
SMHB000336	SMTS01388
SMHB000336	SMTS01416
SMHB000336	SMTS01425
SMHB000336	SMTS01448
SMHB000336	SMTS01498
SMHB000336	SMTS01514
SMHB000336	SMTS01515
SMHB000336	SMTS01551
SMHB000336	SMTS01553
SMHB000336	SMTS01554
SMHB000336	SMTS01566
SMHB000336	SMTS01571
SMHB000336	SMTS01581
SMHB000336	SMTS01584
SMHB000336	SMTS01630
SMHB000336	SMTS01655
SMHB000336	SMTS01683
SMHB000336	SMTS01713
SMHB000336	SMTS02206
SMHB000337	SMTS00244
SMHB000337	SMTS00245
SMHB000337	SMTS00246
SMHB000337	SMTS00247
SMHB000337	SMTS00248
SMHB000337	SMTS00249
SMHB000337	SMTS00549
SMHB000337	SMTS00550
SMHB000337	SMTS00551
SMHB000337	SMTS00555
SMHB000337	SMTS00562
SMHB000337	SMTS00563
SMHB000337	SMTS00564
SMHB000337	SMTS00577
SMHB000337	SMTS00578
SMHB000337	SMTS00579
SMHB000337	SMTS01036
SMHB000337	SMTS01037
SMHB000337	SMTS01128
SMHB000337	SMTS01189
SMHB000337	SMTS01568
SMHB000338	SMTS00045
SMHB000338	SMTS00064
SMHB000338	SMTS00066
SMHB000338	SMTS00413
SMHB000338	SMTS00463
SMHB000338	SMTS00506
SMHB000338	SMTS00511
SMHB000338	SMTS00520
SMHB000338	SMTS00605
SMHB000338	SMTS00606
SMHB000338	SMTS00799
SMHB000338	SMTS00823
SMHB000338	SMTS01032
SMHB000338	SMTS01113
SMHB000338	SMTS01153
SMHB000338	SMTS01155
SMHB000338	SMTS01349
SMHB000338	SMTS01356
SMHB000338	SMTS01515
SMHB000338	SMTS01533
SMHB000338	SMTS01540
SMHB000338	SMTS01542
SMHB000338	SMTS02231
SMHB000338	SMTS02244
SMHB000338	SMTS02301
SMHB000339	SMTS00015
SMHB000339	SMTS00065
SMHB000339	SMTS00068
SMHB000339	SMTS00069
SMHB000339	SMTS00253
SMHB000339	SMTS00283
SMHB000339	SMTS00284
SMHB000339	SMTS00285
SMHB000339	SMTS00289
SMHB000339	SMTS00292
SMHB000339	SMTS00531
SMHB000339	SMTS00532
SMHB000339	SMTS00706
SMHB000339	SMTS00709
SMHB000339	SMTS00755
SMHB000339	SMTS00756
SMHB000339	SMTS00757
SMHB000339	SMTS00800
SMHB000339	SMTS00892
SMHB000339	SMTS00896
SMHB000339	SMTS00983
SMHB000339	SMTS00984
SMHB000339	SMTS00990
SMHB000339	SMTS00996
SMHB000339	SMTS01175
SMHB000339	SMTS01180
SMHB000339	SMTS01182
SMHB000339	SMTS01195
SMHB000339	SMTS01198
SMHB000339	SMTS01210
SMHB000339	SMTS01211
SMHB000339	SMTS01241
SMHB000339	SMTS01298
SMHB000339	SMTS01305
SMHB000339	SMTS01306
SMHB000339	SMTS01514
SMHB000339	SMTS01584
SMHB000339	SMTS01586
SMHB000339	SMTS01642
SMHB000340	SMTS00016
SMHB000340	SMTS00019
SMHB000340	SMTS00109
SMHB000340	SMTS00110
SMHB000340	SMTS00111
SMHB000340	SMTS00115
SMHB000340	SMTS00141
SMHB000340	SMTS00231
SMHB000340	SMTS00280
SMHB000340	SMTS00283
SMHB000340	SMTS00284
SMHB000340	SMTS00288
SMHB000340	SMTS00289
SMHB000340	SMTS00341
SMHB000340	SMTS00359
SMHB000340	SMTS00376
SMHB000340	SMTS00407
SMHB000340	SMTS00470
SMHB000340	SMTS00473
SMHB000340	SMTS00477
SMHB000340	SMTS00492
SMHB000340	SMTS00493
SMHB000340	SMTS00517
SMHB000340	SMTS00611
SMHB000340	SMTS00651
SMHB000340	SMTS00688
SMHB000340	SMTS00793
SMHB000340	SMTS00800
SMHB000340	SMTS00983
SMHB000340	SMTS01110
SMHB000340	SMTS01116
SMHB000340	SMTS01150
SMHB000340	SMTS01151
SMHB000340	SMTS01193
SMHB000340	SMTS01225
SMHB000340	SMTS01240
SMHB000340	SMTS01298
SMHB000340	SMTS01330
SMHB000340	SMTS01336
SMHB000340	SMTS01341
SMHB000340	SMTS01342
SMHB000340	SMTS01343
SMHB000340	SMTS01355
SMHB000340	SMTS01357
SMHB000340	SMTS01439
SMHB000340	SMTS01518
SMHB000340	SMTS01520
SMHB000340	SMTS01521
SMHB000340	SMTS01524
SMHB000340	SMTS01525
SMHB000340	SMTS01526
SMHB000340	SMTS01530
SMHB000340	SMTS01539
SMHB000340	SMTS01586
SMHB000340	SMTS01624
SMHB000340	SMTS01625
SMHB000340	SMTS01626
SMHB000340	SMTS01761
SMHB000340	SMTS02225
SMHB000340	SMTS02241
SMHB000340	SMTS02302
SMHB000341	SMTS00035
SMHB000341	SMTS00038
SMHB000341	SMTS00128
SMHB000341	SMTS00191
SMHB000341	SMTS00205
SMHB000341	SMTS00266
SMHB000341	SMTS00274
SMHB000341	SMTS00280
SMHB000341	SMTS00281
SMHB000341	SMTS00283
SMHB000341	SMTS00284
SMHB000341	SMTS00288
SMHB000341	SMTS00289
SMHB000341	SMTS00351
SMHB000341	SMTS00414
SMHB000341	SMTS00416
SMHB000341	SMTS00418
SMHB000341	SMTS00419
SMHB000341	SMTS00425
SMHB000341	SMTS00465
SMHB000341	SMTS00466
SMHB000341	SMTS00470
SMHB000341	SMTS00473
SMHB000341	SMTS00519
SMHB000341	SMTS00652
SMHB000341	SMTS00654
SMHB000341	SMTS00800
SMHB000341	SMTS00815
SMHB000341	SMTS00866
SMHB000341	SMTS00922
SMHB000341	SMTS00983
SMHB000341	SMTS01010
SMHB000341	SMTS01095
SMHB000341	SMTS01110
SMHB000341	SMTS01115
SMHB000341	SMTS01116
SMHB000341	SMTS01199
SMHB000341	SMTS01206
SMHB000341	SMTS01207
SMHB000341	SMTS01209
SMHB000341	SMTS01212
SMHB000341	SMTS01213
SMHB000341	SMTS01220
SMHB000341	SMTS01221
SMHB000341	SMTS01296
SMHB000341	SMTS01298
SMHB000341	SMTS01336
SMHB000341	SMTS01341
SMHB000341	SMTS01342
SMHB000341	SMTS01343
SMHB000341	SMTS01346
SMHB000341	SMTS01360
SMHB000341	SMTS01361
SMHB000341	SMTS01586
SMHB000341	SMTS01592
SMHB000341	SMTS01599
SMHB000341	SMTS01600
SMHB000341	SMTS01645
SMHB000341	SMTS01646
SMHB000341	SMTS01647
SMHB000341	SMTS01649
SMHB000341	SMTS01711
SMHB000341	SMTS01750
SMHB000342	SMTS00016
SMHB000342	SMTS00446
SMHB000342	SMTS00541
SMHB000342	SMTS00634
SMHB000342	SMTS00687
SMHB000342	SMTS00688
SMHB000342	SMTS00692
SMHB000342	SMTS00696
SMHB000342	SMTS00697
SMHB000342	SMTS00703
SMHB000342	SMTS00716
SMHB000342	SMTS00779
SMHB000342	SMTS00823
SMHB000342	SMTS01190
SMHB000342	SMTS01231
SMHB000342	SMTS01418
SMHB000342	SMTS01419
SMHB000342	SMTS01420
SMHB000342	SMTS01421
SMHB000342	SMTS01453
SMHB000342	SMTS01505
SMHB000342	SMTS01513
SMHB000342	SMTS01687
SMHB000342	SMTS01689
SMHB000342	SMTS02097
SMHB000342	SMTS02100
SMHB000342	SMTS02102
SMHB000343	SMTS00128
SMHB000343	SMTS00172
SMHB000343	SMTS00174
SMHB000343	SMTS00623
SMHB000343	SMTS00722
SMHB000343	SMTS00724
SMHB000343	SMTS00725
SMHB000343	SMTS00726
SMHB000343	SMTS00761
SMHB000343	SMTS00762
SMHB000343	SMTS00776
SMHB000343	SMTS00873
SMHB000343	SMTS00978
SMHB000343	SMTS01027
SMHB000343	SMTS01049
SMHB000343	SMTS01265
SMHB000343	SMTS01266
SMHB000343	SMTS01267
SMHB000343	SMTS01269
SMHB000343	SMTS01276
SMHB000343	SMTS01283
SMHB000343	SMTS01284
SMHB000343	SMTS01846
SMHB000343	SMTS01956
SMHB000344	SMTS00035
SMHB000344	SMTS00815
SMHB000344	SMTS00866
SMHB000344	SMTS01199
SMHB000344	SMTS01206
SMHB000344	SMTS01207
SMHB000344	SMTS01534
SMHB000344	SMTS01535
SMHB000344	SMTS01536
SMHB000344	SMTS01586
SMHB000344	SMTS02158
SMHB000344	SMTS02189
SMHB000344	SMTS02199
SMHB000344	SMTS02321
SMHB000345	SMTS00280
SMHB000345	SMTS00281
SMHB000345	SMTS00470
SMHB000345	SMTS00473
SMHB000345	SMTS00764
SMHB000345	SMTS00867
SMHB000345	SMTS00965
SMHB000345	SMTS00966
SMHB000345	SMTS00967
SMHB000345	SMTS01110
SMHB000345	SMTS01116
SMHB000345	SMTS01241
SMHB000345	SMTS01317
SMHB000345	SMTS01336
SMHB000345	SMTS01341
SMHB000345	SMTS01342
SMHB000345	SMTS01343
SMHB000345	SMTS01346
SMHB000345	SMTS01360
SMHB000345	SMTS01361
SMHB000345	SMTS01413
SMHB000345	SMTS01608
SMHB000345	SMTS01610
SMHB000345	SMTS01642
SMHB000345	SMTS01645
SMHB000345	SMTS01646
SMHB000345	SMTS01648
SMHB000345	SMTS01649
SMHB000345	SMTS02046
SMHB000346	SMTS00012
SMHB000346	SMTS00023
SMHB000346	SMTS00036
SMHB000346	SMTS00038
SMHB000346	SMTS00048
SMHB000346	SMTS00050
SMHB000346	SMTS00073
SMHB000346	SMTS00086
SMHB000346	SMTS00107
SMHB000346	SMTS00137
SMHB000346	SMTS00139
SMHB000346	SMTS00141
SMHB000346	SMTS00191
SMHB000346	SMTS00196
SMHB000346	SMTS00232
SMHB000346	SMTS00240
SMHB000346	SMTS00283
SMHB000346	SMTS00284
SMHB000346	SMTS00289
SMHB000346	SMTS00312
SMHB000346	SMTS00330
SMHB000346	SMTS00338
SMHB000346	SMTS00340
SMHB000346	SMTS00354
SMHB000346	SMTS00388
SMHB000346	SMTS00517
SMHB000346	SMTS00541
SMHB000346	SMTS00558
SMHB000346	SMTS00588
SMHB000346	SMTS00629
SMHB000346	SMTS00647
SMHB000346	SMTS00717
SMHB000346	SMTS00752
SMHB000346	SMTS00779
SMHB000346	SMTS00796
SMHB000346	SMTS00800
SMHB000346	SMTS00808
SMHB000346	SMTS00949
SMHB000346	SMTS00955
SMHB000346	SMTS00983
SMHB000346	SMTS01115
SMHB000346	SMTS01116
SMHB000346	SMTS01119
SMHB000346	SMTS01152
SMHB000346	SMTS01200
SMHB000346	SMTS01231
SMHB000346	SMTS01298
SMHB000346	SMTS01333
SMHB000346	SMTS01336
SMHB000346	SMTS01360
SMHB000346	SMTS01365
SMHB000346	SMTS01366
SMHB000346	SMTS01384
SMHB000346	SMTS01388
SMHB000346	SMTS01391
SMHB000346	SMTS01392
SMHB000346	SMTS01440
SMHB000346	SMTS01453
SMHB000346	SMTS01499
SMHB000346	SMTS01503
SMHB000346	SMTS01517
SMHB000346	SMTS01570
SMHB000346	SMTS01586
SMHB000346	SMTS01617
SMHB000346	SMTS01650
SMHB000346	SMTS01651
SMHB000346	SMTS01659
SMHB000346	SMTS01676
SMHB000346	SMTS01683
SMHB000346	SMTS01687
SMHB000346	SMTS01689
SMHB000346	SMTS01702
SMHB000346	SMTS01703
SMHB000346	SMTS01813
SMHB000346	SMTS01867
SMHB000346	SMTS01972
SMHB000347	SMTS00562
SMHB000347	SMTS00563
SMHB000347	SMTS00564
SMHB000347	SMTS00578
SMHB000347	SMTS00579
SMHB000347	SMTS00968
SMHB000347	SMTS01007
SMHB000347	SMTS01189
SMHB000347	SMTS01579
SMHB000347	SMTS01624
SMHB000347	SMTS01625
SMHB000347	SMTS01626
SMHB000347	SMTS01950
SMHB000348	SMTS00114
SMHB000348	SMTS00278
SMHB000348	SMTS00506
SMHB000348	SMTS00546
SMHB000348	SMTS00669
SMHB000348	SMTS00673
SMHB000348	SMTS00684
SMHB000348	SMTS00739
SMHB000348	SMTS01014
SMHB000348	SMTS01027
SMHB000348	SMTS01118
SMHB000348	SMTS01641
SMHB000348	SMTS01662
SMHB000348	SMTS01690
SMHB000348	SMTS01717
SMHB000348	SMTS01944
SMHB000348	SMTS02315
SMHB000349	SMTS00023
SMHB000349	SMTS00038
SMHB000349	SMTS00266
SMHB000349	SMTS00274
SMHB000349	SMTS00340
SMHB000349	SMTS00419
SMHB000349	SMTS00425
SMHB000349	SMTS00463
SMHB000349	SMTS00501
SMHB000349	SMTS00520
SMHB000349	SMTS00600
SMHB000349	SMTS00606
SMHB000349	SMTS00701
SMHB000349	SMTS00844
SMHB000349	SMTS00847
SMHB000349	SMTS01029
SMHB000349	SMTS01032
SMHB000349	SMTS01051
SMHB000349	SMTS01124
SMHB000349	SMTS01138
SMHB000349	SMTS01140
SMHB000349	SMTS01141
SMHB000349	SMTS01142
SMHB000349	SMTS01153
SMHB000349	SMTS01155
SMHB000349	SMTS01364
SMHB000349	SMTS01416
SMHB000349	SMTS01533
SMHB000349	SMTS01540
SMHB000349	SMTS01542
SMHB000349	SMTS01617
SMHB000349	SMTS01619
SMHB000349	SMTS01630
SMHB000349	SMTS01867
SMHB000349	SMTS01972
SMHB000349	SMTS02125
SMHB000349	SMTS02231
SMHB000349	SMTS02244
SMHB000350	SMTS00005
SMHB000350	SMTS00045
SMHB000350	SMTS00057
SMHB000350	SMTS00226
SMHB000350	SMTS00562
SMHB000350	SMTS00563
SMHB000350	SMTS00564
SMHB000350	SMTS00577
SMHB000350	SMTS00578
SMHB000350	SMTS00579
SMHB000350	SMTS00667
SMHB000350	SMTS00894
SMHB000350	SMTS00970
SMHB000350	SMTS01028
SMHB000350	SMTS01109
SMHB000350	SMTS01123
SMHB000350	SMTS01189
SMHB000350	SMTS01260
SMHB000350	SMTS01331
SMHB000350	SMTS01333
SMHB000350	SMTS01334
SMHB000350	SMTS01335
SMHB000350	SMTS01425
SMHB000350	SMTS01439
SMHB000350	SMTS01551
SMHB000350	SMTS01553
SMHB000350	SMTS01554
SMHB000350	SMTS01624
SMHB000350	SMTS01625
SMHB000350	SMTS01626
SMHB000351	SMTS00016
SMHB000351	SMTS00265
SMHB000351	SMTS00306
SMHB000351	SMTS00518
SMHB000351	SMTS00600
SMHB000351	SMTS00657
SMHB000351	SMTS00688
SMHB000351	SMTS00690
SMHB000351	SMTS00696
SMHB000351	SMTS00712
SMHB000351	SMTS00816
SMHB000351	SMTS00817
SMHB000351	SMTS00893
SMHB000351	SMTS00916
SMHB000351	SMTS00925
SMHB000351	SMTS00950
SMHB000351	SMTS00951
SMHB000351	SMTS01001
SMHB000351	SMTS01003
SMHB000351	SMTS01004
SMHB000351	SMTS01005
SMHB000351	SMTS01007
SMHB000351	SMTS01121
SMHB000351	SMTS01122
SMHB000351	SMTS01124
SMHB000351	SMTS01125
SMHB000351	SMTS01126
SMHB000351	SMTS01127
SMHB000351	SMTS01132
SMHB000351	SMTS01133
SMHB000351	SMTS01134
SMHB000351	SMTS01135
SMHB000351	SMTS01138
SMHB000351	SMTS01140
SMHB000351	SMTS01142
SMHB000351	SMTS01288
SMHB000351	SMTS01417
SMHB000351	SMTS01441
SMHB000351	SMTS01927
SMHB000352	SMTS00037
SMHB000352	SMTS00040
SMHB000352	SMTS00345
SMHB000352	SMTS00362
SMHB000352	SMTS00363
SMHB000352	SMTS00366
SMHB000352	SMTS00367
SMHB000352	SMTS00370
SMHB000352	SMTS00647
SMHB000352	SMTS00886
SMHB000352	SMTS01008
SMHB000352	SMTS01768
SMHB000352	SMTS01969
SMHB000352	SMTS02166
SMHB000352	SMTS02167
SMHB000352	SMTS02168
SMHB000352	SMTS02169
SMHB000352	SMTS02326
SMHB000352	SMTS02338
SMHB000353	SMTS00065
SMHB000353	SMTS00109
SMHB000353	SMTS00110
SMHB000353	SMTS00112
SMHB000353	SMTS00195
SMHB000353	SMTS00283
SMHB000353	SMTS00284
SMHB000353	SMTS00288
SMHB000353	SMTS00289
SMHB000353	SMTS00391
SMHB000353	SMTS00470
SMHB000353	SMTS00529
SMHB000353	SMTS00549
SMHB000353	SMTS00550
SMHB000353	SMTS00551
SMHB000353	SMTS00552
SMHB000353	SMTS00553
SMHB000353	SMTS00555
SMHB000353	SMTS00706
SMHB000353	SMTS00709
SMHB000353	SMTS00800
SMHB000353	SMTS00888
SMHB000353	SMTS00890
SMHB000353	SMTS00891
SMHB000353	SMTS00896
SMHB000353	SMTS00983
SMHB000353	SMTS00990
SMHB000353	SMTS00996
SMHB000353	SMTS01063
SMHB000353	SMTS01065
SMHB000353	SMTS01066
SMHB000353	SMTS01067
SMHB000353	SMTS01068
SMHB000353	SMTS01085
SMHB000353	SMTS01110
SMHB000353	SMTS01298
SMHB000353	SMTS01336
SMHB000353	SMTS01341
SMHB000353	SMTS01342
SMHB000353	SMTS01343
SMHB000353	SMTS01346
SMHB000353	SMTS01360
SMHB000353	SMTS01361
SMHB000353	SMTS01411
SMHB000353	SMTS01415
SMHB000353	SMTS01514
SMHB000353	SMTS01584
SMHB000353	SMTS01586
SMHB000353	SMTS01608
SMHB000353	SMTS01610
SMHB000354	SMTS00008
SMHB000354	SMTS00172
SMHB000354	SMTS00173
SMHB000354	SMTS00174
SMHB000354	SMTS00212
SMHB000354	SMTS00213
SMHB000354	SMTS00407
SMHB000354	SMTS00686
SMHB000354	SMTS00696
SMHB000354	SMTS00697
SMHB000354	SMTS00716
SMHB000354	SMTS00729
SMHB000354	SMTS00732
SMHB000354	SMTS00733
SMHB000354	SMTS01001
SMHB000354	SMTS01003
SMHB000354	SMTS01004
SMHB000354	SMTS01005
SMHB000354	SMTS01007
SMHB000354	SMTS01113
SMHB000354	SMTS01275
SMHB000354	SMTS01279
SMHB000354	SMTS01439
SMHB000354	SMTS01520
SMHB000354	SMTS01521
SMHB000354	SMTS01524
SMHB000354	SMTS01525
SMHB000354	SMTS01526
SMHB000354	SMTS01530
SMHB000354	SMTS01532
SMHB000354	SMTS01548
SMHB000354	SMTS01555
SMHB000354	SMTS01556
SMHB000354	SMTS01561
SMHB000354	SMTS01562
SMHB000354	SMTS01624
SMHB000354	SMTS01625
SMHB000354	SMTS01626
SMHB000354	SMTS01631
SMHB000354	SMTS01927
SMHB000354	SMTS02086
SMHB000354	SMTS02097
SMHB000355	SMTS00056
SMHB000355	SMTS00068
SMHB000355	SMTS00069
SMHB000355	SMTS00090
SMHB000355	SMTS00253
SMHB000355	SMTS00379
SMHB000355	SMTS00492
SMHB000355	SMTS00511
SMHB000355	SMTS00645
SMHB000355	SMTS00755
SMHB000355	SMTS00756
SMHB000355	SMTS00757
SMHB000355	SMTS00793
SMHB000355	SMTS00843
SMHB000355	SMTS01051
SMHB000355	SMTS01109
SMHB000355	SMTS01183
SMHB000355	SMTS01184
SMHB000355	SMTS01185
SMHB000355	SMTS01198
SMHB000355	SMTS01210
SMHB000355	SMTS01211
SMHB000355	SMTS01217
SMHB000355	SMTS01240
SMHB000355	SMTS01318
SMHB000355	SMTS01319
SMHB000355	SMTS01349
SMHB000355	SMTS01357
SMHB000355	SMTS01630
SMHB000356	SMTS00104
SMHB000356	SMTS00199
SMHB000356	SMTS00281
SMHB000356	SMTS00642
SMHB000356	SMTS00741
SMHB000356	SMTS00764
SMHB000356	SMTS00930
SMHB000356	SMTS01069
SMHB000356	SMTS01317
SMHB000356	SMTS01599
SMHB000356	SMTS01645
SMHB000356	SMTS01646
SMHB000356	SMTS01648
SMHB000356	SMTS01649
SMHB000356	SMTS02046
SMHB000356	SMTS02054
SMHB000357	SMTS00098
SMHB000357	SMTS00393
SMHB000357	SMTS00394
SMHB000357	SMTS00395
SMHB000357	SMTS00397
SMHB000357	SMTS00400
SMHB000357	SMTS00435
SMHB000357	SMTS00541
SMHB000357	SMTS00565
SMHB000357	SMTS00568
SMHB000357	SMTS00581
SMHB000357	SMTS00583
SMHB000357	SMTS00584
SMHB000357	SMTS00585
SMHB000357	SMTS00587
SMHB000357	SMTS00590
SMHB000357	SMTS00617
SMHB000357	SMTS00619
SMHB000357	SMTS00779
SMHB000357	SMTS00915
SMHB000357	SMTS01025
SMHB000357	SMTS01107
SMHB000357	SMTS01231
SMHB000357	SMTS01453
SMHB000357	SMTS01465
SMHB000357	SMTS01466
SMHB000357	SMTS01467
SMHB000357	SMTS01468
SMHB000357	SMTS01469
SMHB000357	SMTS01476
SMHB000357	SMTS01477
SMHB000357	SMTS01480
SMHB000357	SMTS01481
SMHB000357	SMTS01484
SMHB000357	SMTS01485
SMHB000357	SMTS01486
SMHB000357	SMTS01492
SMHB000357	SMTS01687
SMHB000357	SMTS01689
SMHB000357	SMTS01737
SMHB000358	SMTS00060
SMHB000358	SMTS00283
SMHB000358	SMTS00284
SMHB000358	SMTS00289
SMHB000358	SMTS00294
SMHB000358	SMTS00295
SMHB000358	SMTS00359
SMHB000358	SMTS00517
SMHB000358	SMTS00611
SMHB000358	SMTS00800
SMHB000358	SMTS00888
SMHB000358	SMTS00983
SMHB000358	SMTS00991
SMHB000358	SMTS01170
SMHB000358	SMTS01171
SMHB000358	SMTS01175
SMHB000358	SMTS01298
SMHB000358	SMTS01362
SMHB000358	SMTS01377
SMHB000358	SMTS01381
SMHB000358	SMTS01382
SMHB000358	SMTS01383
SMHB000358	SMTS01386
SMHB000358	SMTS01412
SMHB000358	SMTS01414
SMHB000358	SMTS01581
SMHB000358	SMTS01586
SMHB000358	SMTS01641
SMHB000358	SMTS02340
SMHB000359	SMTS00065
SMHB000359	SMTS00114
SMHB000359	SMTS00172
SMHB000359	SMTS00174
SMHB000359	SMTS00212
SMHB000359	SMTS00213
SMHB000359	SMTS00238
SMHB000359	SMTS00506
SMHB000359	SMTS00531
SMHB000359	SMTS00532
SMHB000359	SMTS00546
SMHB000359	SMTS00605
SMHB000359	SMTS00652
SMHB000359	SMTS00653
SMHB000359	SMTS00682
SMHB000359	SMTS00706
SMHB000359	SMTS00709
SMHB000359	SMTS00732
SMHB000359	SMTS00733
SMHB000359	SMTS00793
SMHB000359	SMTS00896
SMHB000359	SMTS00903
SMHB000359	SMTS00911
SMHB000359	SMTS00962
SMHB000359	SMTS00990
SMHB000359	SMTS00996
SMHB000359	SMTS01109
SMHB000359	SMTS01113
SMHB000359	SMTS01118
SMHB000359	SMTS01260
SMHB000359	SMTS01279
SMHB000359	SMTS01349
SMHB000359	SMTS01351
SMHB000359	SMTS01357
SMHB000359	SMTS01514
SMHB000359	SMTS01555
SMHB000359	SMTS01556
SMHB000359	SMTS01561
SMHB000359	SMTS01584
SMHB000359	SMTS02223
SMHB000360	SMTS00052
SMHB000360	SMTS00226
SMHB000360	SMTS00322
SMHB000360	SMTS00438
SMHB000360	SMTS00439
SMHB000360	SMTS00447
SMHB000360	SMTS00490
SMHB000360	SMTS00713
SMHB000360	SMTS01119
SMHB000360	SMTS01331
SMHB000360	SMTS01333
SMHB000360	SMTS01334
SMHB000360	SMTS01335
SMHB000360	SMTS01336
SMHB000360	SMTS01339
SMHB000360	SMTS01341
SMHB000360	SMTS01342
SMHB000360	SMTS01343
SMHB000360	SMTS01346
SMHB000360	SMTS01360
SMHB000360	SMTS01361
SMHB000360	SMTS01362
SMHB000360	SMTS01384
SMHB000360	SMTS01386
SMHB000360	SMTS01414
SMHB000360	SMTS01439
SMHB000360	SMTS01608
SMHB000360	SMTS01610
SMHB000360	SMTS01624
SMHB000360	SMTS01625
SMHB000360	SMTS01626
SMHB000360	SMTS01682
SMHB000360	SMTS02346
SMHB000361	SMTS00023
SMHB000361	SMTS00172
SMHB000361	SMTS00174
SMHB000361	SMTS00212
SMHB000361	SMTS00213
SMHB000361	SMTS00226
SMHB000361	SMTS00340
SMHB000361	SMTS00407
SMHB000361	SMTS00600
SMHB000361	SMTS00682
SMHB000361	SMTS00732
SMHB000361	SMTS00733
SMHB000361	SMTS00823
SMHB000361	SMTS01239
SMHB000361	SMTS01260
SMHB000361	SMTS01279
SMHB000361	SMTS01349
SMHB000361	SMTS01364
SMHB000361	SMTS01439
SMHB000361	SMTS01448
SMHB000361	SMTS01515
SMHB000361	SMTS01520
SMHB000361	SMTS01521
SMHB000361	SMTS01524
SMHB000361	SMTS01525
SMHB000361	SMTS01526
SMHB000361	SMTS01530
SMHB000361	SMTS01531
SMHB000361	SMTS01532
SMHB000361	SMTS01534
SMHB000361	SMTS01543
SMHB000361	SMTS01548
SMHB000361	SMTS01555
SMHB000361	SMTS01556
SMHB000361	SMTS01561
SMHB000361	SMTS01562
SMHB000361	SMTS01566
SMHB000361	SMTS01571
SMHB000361	SMTS01624
SMHB000361	SMTS01625
SMHB000361	SMTS01626
SMHB000361	SMTS01819
SMHB000361	SMTS01867
SMHB000361	SMTS01972
SMHB000361	SMTS02242
SMHB000361	SMTS02243
SMHB000362	SMTS00118
SMHB000362	SMTS01014
SMHB000362	SMTS01027
SMHB000362	SMTS01139
SMHB000362	SMTS01599
SMHB000362	SMTS01641
SMHB000362	SMTS01690
SMHB000362	SMTS01717
SMHB000362	SMTS01740
SMHB000362	SMTS01943
SMHB000362	SMTS02039
SMHB000363	SMTS00064
SMHB000363	SMTS00066
SMHB000363	SMTS00172
SMHB000363	SMTS00174
SMHB000363	SMTS00341
SMHB000363	SMTS00407
SMHB000363	SMTS00506
SMHB000363	SMTS00765
SMHB000363	SMTS00776
SMHB000363	SMTS00869
SMHB000363	SMTS00870
SMHB000363	SMTS00871
SMHB000363	SMTS00978
SMHB000363	SMTS00979
SMHB000363	SMTS01130
SMHB000363	SMTS01161
SMHB000363	SMTS01356
SMHB000363	SMTS01515
SMHB000363	SMTS01520
SMHB000363	SMTS01521
SMHB000363	SMTS01524
SMHB000363	SMTS01525
SMHB000363	SMTS01526
SMHB000363	SMTS01530
SMHB000363	SMTS01532
SMHB000363	SMTS01571
SMHB000363	SMTS01577
SMHB000363	SMTS01838
SMHB000363	SMTS01968
SMHB000364	SMTS00394
SMHB000364	SMTS00395
SMHB000364	SMTS00397
SMHB000364	SMTS00400
SMHB000364	SMTS00435
SMHB000364	SMTS00506
SMHB000364	SMTS00541
SMHB000364	SMTS00548
SMHB000364	SMTS00549
SMHB000364	SMTS00550
SMHB000364	SMTS00551
SMHB000364	SMTS00555
SMHB000364	SMTS00668
SMHB000364	SMTS00670
SMHB000364	SMTS00718
SMHB000364	SMTS00779
SMHB000364	SMTS00803
SMHB000364	SMTS00804
SMHB000364	SMTS00805
SMHB000364	SMTS00811
SMHB000364	SMTS00906
SMHB000364	SMTS00910
SMHB000364	SMTS01025
SMHB000364	SMTS01050
SMHB000364	SMTS01082
SMHB000364	SMTS01086
SMHB000364	SMTS01231
SMHB000364	SMTS01453
SMHB000364	SMTS01465
SMHB000364	SMTS01466
SMHB000364	SMTS01467
SMHB000364	SMTS01468
SMHB000364	SMTS01469
SMHB000364	SMTS01476
SMHB000364	SMTS01477
SMHB000364	SMTS01481
SMHB000364	SMTS01484
SMHB000364	SMTS01485
SMHB000364	SMTS01486
SMHB000364	SMTS01492
SMHB000364	SMTS01687
SMHB000364	SMTS01689
SMHB000365	SMTS00345
SMHB000365	SMTS00363
SMHB000365	SMTS00364
SMHB000365	SMTS00366
SMHB000365	SMTS00450
SMHB000365	SMTS00827
SMHB000365	SMTS01144
SMHB000366	SMTS00097
SMHB000366	SMTS00230
SMHB000366	SMTS00314
SMHB000366	SMTS00389
SMHB000366	SMTS00394
SMHB000366	SMTS00395
SMHB000366	SMTS00397
SMHB000366	SMTS00400
SMHB000366	SMTS00435
SMHB000366	SMTS00518
SMHB000366	SMTS00541
SMHB000366	SMTS00567
SMHB000366	SMTS00568
SMHB000366	SMTS00582
SMHB000366	SMTS00583
SMHB000366	SMTS00584
SMHB000366	SMTS00585
SMHB000366	SMTS00650
SMHB000366	SMTS00712
SMHB000366	SMTS00779
SMHB000366	SMTS00816
SMHB000366	SMTS00817
SMHB000366	SMTS00823
SMHB000366	SMTS00950
SMHB000366	SMTS00951
SMHB000366	SMTS00976
SMHB000366	SMTS01121
SMHB000366	SMTS01122
SMHB000366	SMTS01125
SMHB000366	SMTS01126
SMHB000366	SMTS01127
SMHB000366	SMTS01132
SMHB000366	SMTS01133
SMHB000366	SMTS01134
SMHB000366	SMTS01135
SMHB000366	SMTS01159
SMHB000366	SMTS01231
SMHB000366	SMTS01441
SMHB000366	SMTS01453
SMHB000366	SMTS01465
SMHB000366	SMTS01466
SMHB000366	SMTS01467
SMHB000366	SMTS01468
SMHB000366	SMTS01469
SMHB000366	SMTS01476
SMHB000366	SMTS01477
SMHB000366	SMTS01481
SMHB000366	SMTS01484
SMHB000366	SMTS01485
SMHB000366	SMTS01486
SMHB000366	SMTS01492
SMHB000366	SMTS01501
SMHB000366	SMTS01687
SMHB000366	SMTS01689
SMHB000366	SMTS01835
SMHB000366	SMTS02299
SMHB000367	SMTS00028
SMHB000367	SMTS00068
SMHB000367	SMTS00069
SMHB000367	SMTS00253
SMHB000367	SMTS00306
SMHB000367	SMTS00314
SMHB000367	SMTS00339
SMHB000367	SMTS00547
SMHB000367	SMTS00549
SMHB000367	SMTS00550
SMHB000367	SMTS00551
SMHB000367	SMTS00555
SMHB000367	SMTS00591
SMHB000367	SMTS00755
SMHB000367	SMTS00756
SMHB000367	SMTS00757
SMHB000367	SMTS00903
SMHB000367	SMTS00969
SMHB000367	SMTS01129
SMHB000367	SMTS01198
SMHB000367	SMTS01210
SMHB000367	SMTS01211
SMHB000367	SMTS01288
SMHB000367	SMTS01603
SMHB000367	SMTS01612
SMHB000367	SMTS02264
SMHB000367	SMTS02349
SMHB000368	SMTS00016
SMHB000368	SMTS00018
SMHB000368	SMTS00035
SMHB000368	SMTS00379
SMHB000368	SMTS00397
SMHB000368	SMTS00435
SMHB000368	SMTS00541
SMHB000368	SMTS00558
SMHB000368	SMTS00658
SMHB000368	SMTS00768
SMHB000368	SMTS00776
SMHB000368	SMTS00779
SMHB000368	SMTS00824
SMHB000368	SMTS00828
SMHB000368	SMTS00866
SMHB000368	SMTS00931
SMHB000368	SMTS00977
SMHB000368	SMTS01231
SMHB000368	SMTS01294
SMHB000368	SMTS01453
SMHB000368	SMTS01477
SMHB000368	SMTS01481
SMHB000368	SMTS01513
SMHB000368	SMTS01689
SMHB000368	SMTS01965
SMHB000368	SMTS01981
SMHB000368	SMTS02100
SMHB000368	SMTS02102
SMHB000368	SMTS02178
SMHB000369	SMTS00016
SMHB000369	SMTS00174
SMHB000369	SMTS00265
SMHB000369	SMTS00284
SMHB000369	SMTS00390
SMHB000369	SMTS00407
SMHB000369	SMTS00541
SMHB000369	SMTS00558
SMHB000369	SMTS00768
SMHB000369	SMTS00779
SMHB000369	SMTS00931
SMHB000369	SMTS00977
SMHB000369	SMTS01231
SMHB000369	SMTS01236
SMHB000369	SMTS01239
SMHB000369	SMTS01288
SMHB000369	SMTS01453
SMHB000369	SMTS01513
SMHB000369	SMTS01520
SMHB000369	SMTS01521
SMHB000369	SMTS01524
SMHB000369	SMTS01525
SMHB000369	SMTS01526
SMHB000369	SMTS01530
SMHB000369	SMTS01534
SMHB000369	SMTS01689
SMHB000369	SMTS01966
SMHB000369	SMTS02100
SMHB000369	SMTS02102
SMHB000369	SMTS02178
SMHB000369	SMTS02342
SMHB000369	SMTS02343
SMHB000370	SMTS00056
SMHB000370	SMTS00057
SMHB000370	SMTS00100
SMHB000370	SMTS00187
SMHB000370	SMTS00224
SMHB000370	SMTS00226
SMHB000370	SMTS00438
SMHB000370	SMTS00439
SMHB000370	SMTS00447
SMHB000370	SMTS00469
SMHB000370	SMTS00591
SMHB000370	SMTS00667
SMHB000370	SMTS00713
SMHB000370	SMTS00894
SMHB000370	SMTS00944
SMHB000370	SMTS00956
SMHB000370	SMTS00959
SMHB000370	SMTS00960
SMHB000370	SMTS00961
SMHB000370	SMTS00962
SMHB000370	SMTS00970
SMHB000370	SMTS01028
SMHB000370	SMTS01167
SMHB000370	SMTS01183
SMHB000370	SMTS01184
SMHB000370	SMTS01217
SMHB000370	SMTS01242
SMHB000370	SMTS01243
SMHB000370	SMTS01244
SMHB000370	SMTS01349
SMHB000370	SMTS01551
SMHB000370	SMTS01553
SMHB000370	SMTS01554
SMHB000370	SMTS01564
SMHB000370	SMTS01571
SMHB000370	SMTS01682
SMHB000370	SMTS01719
SMHB000370	SMTS01806
SMHB000371	SMTS00174
SMHB000371	SMTS00280
SMHB000371	SMTS00396
SMHB000371	SMTS00473
SMHB000371	SMTS00768
SMHB000371	SMTS00931
SMHB000371	SMTS00977
SMHB000371	SMTS01062
SMHB000371	SMTS01076
SMHB000371	SMTS01077
SMHB000371	SMTS01110
SMHB000371	SMTS01805
SMHB000371	SMTS01966
SMHB000372	SMTS00023
SMHB000372	SMTS00048
SMHB000372	SMTS00050
SMHB000372	SMTS00172
SMHB000372	SMTS00174
SMHB000372	SMTS00283
SMHB000372	SMTS00284
SMHB000372	SMTS00288
SMHB000372	SMTS00289
SMHB000372	SMTS00340
SMHB000372	SMTS00388
SMHB000372	SMTS00526
SMHB000372	SMTS00527
SMHB000372	SMTS00531
SMHB000372	SMTS00533
SMHB000372	SMTS00534
SMHB000372	SMTS00717
SMHB000372	SMTS00800
SMHB000372	SMTS00983
SMHB000372	SMTS01159
SMHB000372	SMTS01298
SMHB000372	SMTS01440
SMHB000372	SMTS01586
SMHB000372	SMTS01867
SMHB000372	SMTS01972
SMHB000373	SMTS00016
SMHB000373	SMTS00257
SMHB000373	SMTS00274
SMHB000373	SMTS00394
SMHB000373	SMTS00395
SMHB000373	SMTS00397
SMHB000373	SMTS00400
SMHB000373	SMTS00419
SMHB000373	SMTS00425
SMHB000373	SMTS00435
SMHB000373	SMTS00541
SMHB000373	SMTS00550
SMHB000373	SMTS00551
SMHB000373	SMTS00555
SMHB000373	SMTS00768
SMHB000373	SMTS00779
SMHB000373	SMTS00931
SMHB000373	SMTS00977
SMHB000373	SMTS01107
SMHB000373	SMTS01231
SMHB000373	SMTS01453
SMHB000373	SMTS01465
SMHB000373	SMTS01466
SMHB000373	SMTS01467
SMHB000373	SMTS01468
SMHB000373	SMTS01469
SMHB000373	SMTS01476
SMHB000373	SMTS01477
SMHB000373	SMTS01481
SMHB000373	SMTS01484
SMHB000373	SMTS01486
SMHB000373	SMTS01492
SMHB000373	SMTS01513
SMHB000373	SMTS01689
SMHB000373	SMTS01966
SMHB000373	SMTS02100
SMHB000373	SMTS02102
SMHB000374	SMTS00023
SMHB000374	SMTS00114
SMHB000374	SMTS00278
SMHB000374	SMTS00340
SMHB000374	SMTS00546
SMHB000374	SMTS00623
SMHB000374	SMTS00722
SMHB000374	SMTS00724
SMHB000374	SMTS00725
SMHB000374	SMTS00726
SMHB000374	SMTS00730
SMHB000374	SMTS00731
SMHB000374	SMTS00732
SMHB000374	SMTS00740
SMHB000374	SMTS00742
SMHB000374	SMTS00752
SMHB000374	SMTS00761
SMHB000374	SMTS00762
SMHB000374	SMTS00873
SMHB000374	SMTS00981
SMHB000374	SMTS01049
SMHB000374	SMTS01118
SMHB000374	SMTS01152
SMHB000374	SMTS01249
SMHB000374	SMTS01265
SMHB000374	SMTS01267
SMHB000374	SMTS01276
SMHB000374	SMTS01280
SMHB000374	SMTS01283
SMHB000374	SMTS01284
SMHB000374	SMTS01443
SMHB000374	SMTS01446
SMHB000374	SMTS01652
SMHB000374	SMTS01846
SMHB000374	SMTS01867
SMHB000374	SMTS01956
SMHB000374	SMTS01972
SMHB000374	SMTS01985
SMHB000375	SMTS00103
SMHB000375	SMTS00283
SMHB000375	SMTS00284
SMHB000375	SMTS00288
SMHB000375	SMTS00289
SMHB000375	SMTS00304
SMHB000375	SMTS00305
SMHB000375	SMTS00800
SMHB000375	SMTS00983
SMHB000375	SMTS01298
SMHB000375	SMTS01586
SMHB000375	SMTS01859
SMHB000375	SMTS02261
SMHB000375	SMTS02263
SMHB000376	SMTS00216
SMHB000377	SMTS00005
SMHB000377	SMTS00023
SMHB000377	SMTS00081
SMHB000377	SMTS00086
SMHB000377	SMTS00093
SMHB000377	SMTS00138
SMHB000377	SMTS00183
SMHB000377	SMTS00226
SMHB000377	SMTS00340
SMHB000377	SMTS00351
SMHB000377	SMTS00390
SMHB000377	SMTS00413
SMHB000377	SMTS00450
SMHB000377	SMTS00474
SMHB000377	SMTS00492
SMHB000377	SMTS00506
SMHB000377	SMTS00511
SMHB000377	SMTS00520
SMHB000377	SMTS00606
SMHB000377	SMTS00645
SMHB000377	SMTS00651
SMHB000377	SMTS00662
SMHB000377	SMTS00663
SMHB000377	SMTS00681
SMHB000377	SMTS00682
SMHB000377	SMTS00799
SMHB000377	SMTS00823
SMHB000377	SMTS00962
SMHB000377	SMTS01109
SMHB000377	SMTS01113
SMHB000377	SMTS01123
SMHB000377	SMTS01153
SMHB000377	SMTS01155
SMHB000377	SMTS01236
SMHB000377	SMTS01240
SMHB000377	SMTS01246
SMHB000377	SMTS01260
SMHB000377	SMTS01331
SMHB000377	SMTS01333
SMHB000377	SMTS01334
SMHB000377	SMTS01335
SMHB000377	SMTS01349
SMHB000377	SMTS01356
SMHB000377	SMTS01425
SMHB000377	SMTS01439
SMHB000377	SMTS01529
SMHB000377	SMTS01533
SMHB000377	SMTS01540
SMHB000377	SMTS01542
SMHB000377	SMTS01561
SMHB000377	SMTS01571
SMHB000377	SMTS01616
SMHB000377	SMTS01618
SMHB000377	SMTS01620
SMHB000377	SMTS01621
SMHB000377	SMTS01622
SMHB000377	SMTS01623
SMHB000377	SMTS01624
SMHB000377	SMTS01625
SMHB000377	SMTS01626
SMHB000377	SMTS01630
SMHB000377	SMTS01644
SMHB000377	SMTS01867
SMHB000377	SMTS01869
SMHB000377	SMTS01972
SMHB000377	SMTS02231
SMHB000377	SMTS02244
SMHB000377	SMTS02249
SMHB000377	SMTS02342
SMHB000377	SMTS02343
SMHB000378	SMTS00137
SMHB000378	SMTS00174
SMHB000378	SMTS00274
SMHB000378	SMTS00379
SMHB000378	SMTS00419
SMHB000378	SMTS00425
SMHB000378	SMTS00546
SMHB000378	SMTS01066
SMHB000378	SMTS01067
SMHB000378	SMTS01068
SMHB000378	SMTS01085
SMHB000378	SMTS01118
SMHB000378	SMTS01120
SMHB000378	SMTS01139
SMHB000378	SMTS01200
SMHB000378	SMTS01319
SMHB000378	SMTS01570
SMHB000378	SMTS01576
SMHB000378	SMTS01577
SMHB000378	SMTS01650
SMHB000378	SMTS01651
SMHB000378	SMTS01703
SMHB000378	SMTS01794
SMHB000378	SMTS01813
SMHB000378	SMTS01996
SMHB000378	SMTS02038
SMHB000378	SMTS02246
SMHB000378	SMTS02256
SMHB000378	SMTS02280
SMHB000378	SMTS02347
SMHB000379	SMTS00405
SMHB000379	SMTS00620
SMHB000379	SMTS00621
SMHB000379	SMTS00768
SMHB000379	SMTS00931
SMHB000379	SMTS00977
SMHB000379	SMTS00983
SMHB000379	SMTS01311
SMHB000379	SMTS01312
SMHB000379	SMTS01314
SMHB000379	SMTS01315
SMHB000379	SMTS01316
SMHB000379	SMTS01586
SMHB000380	SMTS00015
SMHB000380	SMTS00060
SMHB000380	SMTS00281
SMHB000380	SMTS00287
SMHB000380	SMTS00296
SMHB000380	SMTS00764
SMHB000380	SMTS00815
SMHB000380	SMTS00985
SMHB000380	SMTS00989
SMHB000380	SMTS01027
SMHB000380	SMTS01199
SMHB000380	SMTS01206
SMHB000380	SMTS01207
SMHB000380	SMTS01209
SMHB000380	SMTS01223
SMHB000380	SMTS01225
SMHB000380	SMTS01241
SMHB000380	SMTS01317
SMHB000380	SMTS01586
SMHB000380	SMTS01591
SMHB000380	SMTS01642
SMHB000380	SMTS01645
SMHB000380	SMTS01646
SMHB000380	SMTS01648
SMHB000380	SMTS01649
SMHB000380	SMTS02046
SMHB000380	SMTS02068
SMHB000381	SMTS00257
SMHB000381	SMTS00394
SMHB000381	SMTS00395
SMHB000381	SMTS00397
SMHB000381	SMTS00400
SMHB000381	SMTS00435
SMHB000381	SMTS00541
SMHB000381	SMTS00549
SMHB000381	SMTS00550
SMHB000381	SMTS00551
SMHB000381	SMTS00555
SMHB000381	SMTS00615
SMHB000381	SMTS00620
SMHB000381	SMTS00621
SMHB000381	SMTS00770
SMHB000381	SMTS00779
SMHB000381	SMTS00822
SMHB000381	SMTS00824
SMHB000381	SMTS00980
SMHB000381	SMTS00983
SMHB000381	SMTS01231
SMHB000381	SMTS01280
SMHB000381	SMTS01311
SMHB000381	SMTS01312
SMHB000381	SMTS01314
SMHB000381	SMTS01315
SMHB000381	SMTS01316
SMHB000381	SMTS01453
SMHB000381	SMTS01465
SMHB000381	SMTS01466
SMHB000381	SMTS01467
SMHB000381	SMTS01468
SMHB000381	SMTS01469
SMHB000381	SMTS01476
SMHB000381	SMTS01477
SMHB000381	SMTS01481
SMHB000381	SMTS01484
SMHB000381	SMTS01485
SMHB000381	SMTS01486
SMHB000381	SMTS01492
SMHB000381	SMTS01586
SMHB000381	SMTS01687
SMHB000381	SMTS01689
SMHB000381	SMTS01979
SMHB000381	SMTS01980
SMHB000381	SMTS01981
SMHB000381	SMTS01985
SMHB000381	SMTS02094
SMHB000382	SMTS00107
SMHB000382	SMTS00137
SMHB000382	SMTS00749
SMHB000382	SMTS00771
SMHB000382	SMTS00772
SMHB000382	SMTS00776
SMHB000382	SMTS00978
SMHB000382	SMTS01200
SMHB000382	SMTS01570
SMHB000382	SMTS01650
SMHB000382	SMTS01651
SMHB000382	SMTS01703
SMHB000382	SMTS01813
SMHB000382	SMTS02208
SMHB000382	SMTS02358
SMHB000383	SMTS00094
SMHB000383	SMTS00190
SMHB000383	SMTS00192
SMHB000383	SMTS00274
SMHB000383	SMTS00466
SMHB000383	SMTS01694
SMHB000383	SMTS01776
SMHB000383	SMTS01913
SMHB000383	SMTS01968
SMHB000383	SMTS02289
SMHB000384	SMTS00550
SMHB000384	SMTS00551
SMHB000384	SMTS00555
SMHB000384	SMTS01904
SMHB000384	SMTS02176
SMHB000385	SMTS00140
SMHB000385	SMTS00283
SMHB000385	SMTS00284
SMHB000385	SMTS00289
SMHB000385	SMTS00409
SMHB000385	SMTS00410
SMHB000385	SMTS00502
SMHB000385	SMTS00503
SMHB000385	SMTS00611
SMHB000385	SMTS00797
SMHB000385	SMTS00800
SMHB000385	SMTS00983
SMHB000385	SMTS01074
SMHB000385	SMTS01298
SMHB000385	SMTS01336
SMHB000385	SMTS01341
SMHB000385	SMTS01342
SMHB000385	SMTS01343
SMHB000385	SMTS01346
SMHB000385	SMTS01360
SMHB000385	SMTS01361
SMHB000385	SMTS01365
SMHB000385	SMTS01368
SMHB000385	SMTS01392
SMHB000385	SMTS01586
SMHB000385	SMTS01658
SMHB000385	SMTS01683
SMHB000385	SMTS01684
SMHB000385	SMTS01685
SMHB000386	SMTS00053
SMHB000386	SMTS00055
SMHB000386	SMTS00057
SMHB000386	SMTS00208
SMHB000386	SMTS00211
SMHB000386	SMTS00496
SMHB000386	SMTS00499
SMHB000386	SMTS00562
SMHB000386	SMTS00563
SMHB000386	SMTS00564
SMHB000386	SMTS00577
SMHB000386	SMTS00578
SMHB000386	SMTS00579
SMHB000386	SMTS00605
SMHB000386	SMTS00652
SMHB000386	SMTS00654
SMHB000386	SMTS00667
SMHB000386	SMTS00894
SMHB000386	SMTS00962
SMHB000386	SMTS01028
SMHB000386	SMTS01101
SMHB000386	SMTS01102
SMHB000386	SMTS01104
SMHB000386	SMTS01105
SMHB000386	SMTS01189
SMHB000386	SMTS01286
SMHB000386	SMTS01349
SMHB000386	SMTS01357
SMHB000386	SMTS01428
SMHB000386	SMTS01551
SMHB000386	SMTS01552
SMHB000386	SMTS01553
SMHB000386	SMTS01554
SMHB000386	SMTS01721
SMHB000387	SMTS00015
SMHB000387	SMTS00283
SMHB000387	SMTS00285
SMHB000387	SMTS00292
SMHB000387	SMTS00490
SMHB000387	SMTS00815
SMHB000387	SMTS00892
SMHB000387	SMTS00983
SMHB000387	SMTS00984
SMHB000387	SMTS01182
SMHB000387	SMTS01195
SMHB000387	SMTS01199
SMHB000387	SMTS01206
SMHB000387	SMTS01207
SMHB000387	SMTS01209
SMHB000387	SMTS01212
SMHB000387	SMTS01213
SMHB000387	SMTS01220
SMHB000387	SMTS01221
SMHB000387	SMTS01305
SMHB000387	SMTS01362
SMHB000387	SMTS01369
SMHB000387	SMTS01370
SMHB000387	SMTS01373
SMHB000387	SMTS01374
SMHB000387	SMTS01386
SMHB000387	SMTS01414
SMHB000387	SMTS01586
SMHB000388	SMTS00060
SMHB000388	SMTS00065
SMHB000388	SMTS00201
SMHB000388	SMTS00309
SMHB000388	SMTS00380
SMHB000388	SMTS00562
SMHB000388	SMTS00563
SMHB000388	SMTS00564
SMHB000388	SMTS00577
SMHB000388	SMTS00578
SMHB000388	SMTS00579
SMHB000388	SMTS00591
SMHB000388	SMTS00610
SMHB000388	SMTS00706
SMHB000388	SMTS00709
SMHB000388	SMTS00938
SMHB000388	SMTS00940
SMHB000388	SMTS00941
SMHB000388	SMTS00995
SMHB000388	SMTS00996
SMHB000388	SMTS01098
SMHB000388	SMTS01099
SMHB000388	SMTS01100
SMHB000388	SMTS01189
SMHB000388	SMTS01514
SMHB000388	SMTS01707
SMHB000389	SMTS00065
SMHB000389	SMTS00068
SMHB000389	SMTS00069
SMHB000389	SMTS00253
SMHB000389	SMTS00257
SMHB000389	SMTS00283
SMHB000389	SMTS00284
SMHB000389	SMTS00289
SMHB000389	SMTS00404
SMHB000389	SMTS00549
SMHB000389	SMTS00652
SMHB000389	SMTS00654
SMHB000389	SMTS00706
SMHB000389	SMTS00709
SMHB000389	SMTS00755
SMHB000389	SMTS00756
SMHB000389	SMTS00757
SMHB000389	SMTS00800
SMHB000389	SMTS00834
SMHB000389	SMTS00890
SMHB000389	SMTS00896
SMHB000389	SMTS00983
SMHB000389	SMTS00990
SMHB000389	SMTS00996
SMHB000389	SMTS01169
SMHB000389	SMTS01174
SMHB000389	SMTS01175
SMHB000389	SMTS01177
SMHB000389	SMTS01210
SMHB000389	SMTS01211
SMHB000389	SMTS01298
SMHB000389	SMTS01300
SMHB000389	SMTS01336
SMHB000389	SMTS01341
SMHB000389	SMTS01342
SMHB000389	SMTS01343
SMHB000389	SMTS01346
SMHB000389	SMTS01351
SMHB000389	SMTS01360
SMHB000389	SMTS01361
SMHB000389	SMTS01376
SMHB000389	SMTS01514
SMHB000389	SMTS01584
SMHB000389	SMTS01586
SMHB000389	SMTS02205
SMHB000390	SMTS00035
SMHB000390	SMTS00045
SMHB000390	SMTS00116
SMHB000390	SMTS00258
SMHB000390	SMTS00280
SMHB000390	SMTS00281
SMHB000390	SMTS00437
SMHB000390	SMTS00470
SMHB000390	SMTS00471
SMHB000390	SMTS00473
SMHB000390	SMTS00488
SMHB000390	SMTS00548
SMHB000390	SMTS00549
SMHB000390	SMTS00550
SMHB000390	SMTS00551
SMHB000390	SMTS00555
SMHB000390	SMTS00718
SMHB000390	SMTS00764
SMHB000390	SMTS00801
SMHB000390	SMTS00803
SMHB000390	SMTS00804
SMHB000390	SMTS00805
SMHB000390	SMTS00811
SMHB000390	SMTS00866
SMHB000390	SMTS00965
SMHB000390	SMTS00966
SMHB000390	SMTS00967
SMHB000390	SMTS01110
SMHB000390	SMTS01116
SMHB000390	SMTS01117
SMHB000390	SMTS01317
SMHB000390	SMTS01645
SMHB000390	SMTS01646
SMHB000390	SMTS01648
SMHB000390	SMTS01649
SMHB000390	SMTS02046
SMHB000390	SMTS02156
SMHB000390	SMTS02284
SMHB000391	SMTS00024
SMHB000391	SMTS00045
SMHB000391	SMTS00093
SMHB000391	SMTS00207
SMHB000391	SMTS00213
SMHB000391	SMTS00309
SMHB000391	SMTS00390
SMHB000391	SMTS00407
SMHB000391	SMTS00491
SMHB000391	SMTS00511
SMHB000391	SMTS00562
SMHB000391	SMTS00563
SMHB000391	SMTS00564
SMHB000391	SMTS00577
SMHB000391	SMTS00578
SMHB000391	SMTS00579
SMHB000391	SMTS00651
SMHB000391	SMTS01078
SMHB000391	SMTS01079
SMHB000391	SMTS01091
SMHB000391	SMTS01113
SMHB000391	SMTS01189
SMHB000391	SMTS01236
SMHB000391	SMTS01239
SMHB000391	SMTS01260
SMHB000391	SMTS01470
SMHB000391	SMTS01472
SMHB000391	SMTS01478
SMHB000391	SMTS01479
SMHB000391	SMTS01493
SMHB000391	SMTS01520
SMHB000391	SMTS01521
SMHB000391	SMTS01524
SMHB000391	SMTS01525
SMHB000391	SMTS01526
SMHB000391	SMTS01530
SMHB000391	SMTS01531
SMHB000391	SMTS01532
SMHB000391	SMTS01534
SMHB000391	SMTS01543
SMHB000391	SMTS02242
SMHB000391	SMTS02243
SMHB000391	SMTS02342
SMHB000391	SMTS02343
SMHB000392	SMTS00092
SMHB000392	SMTS00128
SMHB000392	SMTS00205
SMHB000392	SMTS00213
SMHB000392	SMTS00242
SMHB000392	SMTS00617
SMHB000392	SMTS00619
SMHB000392	SMTS00668
SMHB000392	SMTS00670
SMHB000392	SMTS00783
SMHB000392	SMTS00831
SMHB000392	SMTS00835
SMHB000392	SMTS00879
SMHB000392	SMTS01107
SMHB000392	SMTS01260
SMHB000392	SMTS01502
SMHB000392	SMTS01686
SMHB000392	SMTS02020
SMHB000393	SMTS00104
SMHB000393	SMTS00642
SMHB000393	SMTS00857
SMHB000393	SMTS00858
SMHB000393	SMTS00930
SMHB000393	SMTS01120
SMHB000393	SMTS01599
SMHB000393	SMTS01996
SMHB000394	SMTS00024
SMHB000394	SMTS00104
SMHB000394	SMTS00591
SMHB000394	SMTS00930
SMHB000394	SMTS01023
SMHB000394	SMTS01599
SMHB000395	SMTS00004
SMHB000395	SMTS00038
SMHB000395	SMTS00175
SMHB000395	SMTS00273
SMHB000395	SMTS00274
SMHB000395	SMTS00283
SMHB000395	SMTS00284
SMHB000395	SMTS00289
SMHB000395	SMTS00356
SMHB000395	SMTS00357
SMHB000395	SMTS00360
SMHB000395	SMTS00361
SMHB000395	SMTS00363
SMHB000395	SMTS00365
SMHB000395	SMTS00368
SMHB000395	SMTS00369
SMHB000395	SMTS00373
SMHB000395	SMTS00377
SMHB000395	SMTS00386
SMHB000395	SMTS00419
SMHB000395	SMTS00425
SMHB000395	SMTS00474
SMHB000395	SMTS00478
SMHB000395	SMTS00549
SMHB000395	SMTS00550
SMHB000395	SMTS00551
SMHB000395	SMTS00555
SMHB000395	SMTS00611
SMHB000395	SMTS00800
SMHB000395	SMTS00964
SMHB000395	SMTS00983
SMHB000395	SMTS01297
SMHB000395	SMTS01298
SMHB000395	SMTS01300
SMHB000395	SMTS01301
SMHB000395	SMTS01302
SMHB000395	SMTS01304
SMHB000395	SMTS01306
SMHB000395	SMTS01307
SMHB000395	SMTS01453
SMHB000395	SMTS01586
SMHB000395	SMTS01616
SMHB000395	SMTS01618
SMHB000395	SMTS01620
SMHB000395	SMTS01621
SMHB000395	SMTS01622
SMHB000395	SMTS01623
SMHB000395	SMTS01843
SMHB000395	SMTS01968
SMHB000395	SMTS02085
SMHB000395	SMTS02120
SMHB000395	SMTS02183
SMHB000395	SMTS02184
SMHB000395	SMTS02319
SMHB000395	SMTS02323
SMHB000395	SMTS02337
SMHB000397	SMTS00114
SMHB000397	SMTS00186
SMHB000397	SMTS00546
SMHB000397	SMTS00815
SMHB000397	SMTS01118
SMHB000397	SMTS01199
SMHB000397	SMTS01205
SMHB000397	SMTS01206
SMHB000397	SMTS01207
SMHB000397	SMTS01215
SMHB000397	SMTS01586
SMHB000397	SMTS01995
SMHB000397	SMTS02080
SMHB000398	SMTS00105
SMHB000398	SMTS00106
SMHB000398	SMTS00319
SMHB000398	SMTS00411
SMHB000398	SMTS00502
SMHB000398	SMTS00503
SMHB000398	SMTS00605
SMHB000398	SMTS00834
SMHB000398	SMTS00944
SMHB000398	SMTS00956
SMHB000398	SMTS00959
SMHB000398	SMTS00960
SMHB000398	SMTS00961
SMHB000398	SMTS01009
SMHB000398	SMTS01082
SMHB000398	SMTS01455
SMHB000398	SMTS01549
SMHB000398	SMTS01559
SMHB000398	SMTS01683
SMHB000398	SMTS01684
SMHB000398	SMTS01705
SMHB000398	SMTS01708
SMHB000398	SMTS01727
SMHB000398	SMTS01855
SMHB000398	SMTS01860
SMHB000399	SMTS00035
SMHB000399	SMTS00045
SMHB000399	SMTS00191
SMHB000399	SMTS00257
SMHB000399	SMTS00258
SMHB000399	SMTS00347
SMHB000399	SMTS00348
SMHB000399	SMTS00467
SMHB000399	SMTS00549
SMHB000399	SMTS00550
SMHB000399	SMTS00551
SMHB000399	SMTS00555
SMHB000399	SMTS00866
SMHB000399	SMTS02114
SMHB000399	SMTS02156
SMHB000401	SMTS00274
SMHB000401	SMTS00419
SMHB000401	SMTS00425
SMHB000401	SMTS01994
SMHB000401	SMTS02012
SMHB000402	SMTS00109
SMHB000402	SMTS00114
SMHB000402	SMTS00287
SMHB000402	SMTS00296
SMHB000402	SMTS00399
SMHB000402	SMTS00546
SMHB000402	SMTS00547
SMHB000402	SMTS00569
SMHB000402	SMTS00762
SMHB000402	SMTS01027
SMHB000402	SMTS01063
SMHB000402	SMTS01066
SMHB000402	SMTS01067
SMHB000402	SMTS01068
SMHB000402	SMTS01085
SMHB000402	SMTS01118
SMHB000402	SMTS01265
SMHB000402	SMTS01266
SMHB000402	SMTS01267
SMHB000402	SMTS01269
SMHB000402	SMTS01362
SMHB000402	SMTS01371
SMHB000402	SMTS01382
SMHB000402	SMTS01383
SMHB000402	SMTS01386
SMHB000402	SMTS01399
SMHB000402	SMTS01407
SMHB000402	SMTS01408
SMHB000402	SMTS01412
SMHB000402	SMTS01414
SMHB000402	SMTS01606
SMHB000402	SMTS01641
SMHB000402	SMTS01720
SMHB000403	SMTS00624
SMHB000403	SMTS00626
SMHB000403	SMTS00739
SMHB000403	SMTS00840
SMHB000403	SMTS00861
SMHB000403	SMTS00977
SMHB000403	SMTS01027
SMHB000403	SMTS01232
SMHB000403	SMTS01280
SMHB000403	SMTS01963
SMHB000404	SMTS00491
SMHB000404	SMTS00642
SMHB000404	SMTS00857
SMHB000404	SMTS00858
SMHB000404	SMTS02054
SMHB000405	SMTS00172
SMHB000405	SMTS00174
SMHB000405	SMTS00342
SMHB000405	SMTS00382
SMHB000405	SMTS00412
SMHB000405	SMTS00457
SMHB000405	SMTS00461
SMHB000405	SMTS00464
SMHB000405	SMTS00466
SMHB000405	SMTS00627
SMHB000405	SMTS00642
SMHB000405	SMTS00906
SMHB000405	SMTS00977
SMHB000405	SMTS01010
SMHB000405	SMTS01119
SMHB000405	SMTS01277
SMHB000405	SMTS01296
SMHB000405	SMTS01599
SMHB000405	SMTS01658
SMHB000405	SMTS01664
SMHB000405	SMTS01666
SMHB000405	SMTS01670
SMHB000405	SMTS01711
SMHB000405	SMTS01935
SMHB000405	SMTS02010
SMHB000405	SMTS02074
SMHB000406	SMTS00457
SMHB000406	SMTS00458
SMHB000406	SMTS00869
SMHB000406	SMTS00870
SMHB000406	SMTS00871
SMHB000406	SMTS01130
SMHB000406	SMTS01161
SMHB000406	SMTS02010
SMHB000406	SMTS02074
SMHB000407	SMTS00018
SMHB000407	SMTS00081
SMHB000407	SMTS00138
SMHB000407	SMTS00212
SMHB000407	SMTS00226
SMHB000407	SMTS00290
SMHB000407	SMTS00351
SMHB000407	SMTS00379
SMHB000407	SMTS00506
SMHB000407	SMTS00511
SMHB000407	SMTS00520
SMHB000407	SMTS00606
SMHB000407	SMTS00645
SMHB000407	SMTS00658
SMHB000407	SMTS00662
SMHB000407	SMTS00663
SMHB000407	SMTS00682
SMHB000407	SMTS00696
SMHB000407	SMTS00732
SMHB000407	SMTS00733
SMHB000407	SMTS00823
SMHB000407	SMTS00962
SMHB000407	SMTS01051
SMHB000407	SMTS01052
SMHB000407	SMTS01113
SMHB000407	SMTS01153
SMHB000407	SMTS01155
SMHB000407	SMTS01279
SMHB000407	SMTS01294
SMHB000407	SMTS01349
SMHB000407	SMTS01356
SMHB000407	SMTS01438
SMHB000407	SMTS01515
SMHB000407	SMTS01533
SMHB000407	SMTS01540
SMHB000407	SMTS01542
SMHB000407	SMTS01548
SMHB000407	SMTS01555
SMHB000407	SMTS01556
SMHB000407	SMTS01561
SMHB000407	SMTS01562
SMHB000407	SMTS01571
SMHB000407	SMTS02089
SMHB000407	SMTS02221
SMHB000407	SMTS02231
SMHB000407	SMTS02244
SMHB000408	SMTS00250
SMHB000408	SMTS00281
SMHB000408	SMTS00642
SMHB000408	SMTS00764
SMHB000408	SMTS00815
SMHB000408	SMTS01061
SMHB000408	SMTS01199
SMHB000408	SMTS01204
SMHB000408	SMTS01206
SMHB000408	SMTS01207
SMHB000408	SMTS01317
SMHB000408	SMTS01586
SMHB000408	SMTS01591
SMHB000408	SMTS01645
SMHB000408	SMTS01646
SMHB000408	SMTS01648
SMHB000408	SMTS01649
SMHB000408	SMTS01947
SMHB000408	SMTS02046
SMHB000408	SMTS02068
SMHB000408	SMTS02362
SMHB000409	SMTS00048
SMHB000409	SMTS00050
SMHB000409	SMTS00122
SMHB000409	SMTS00123
SMHB000409	SMTS00388
SMHB000409	SMTS00568
SMHB000409	SMTS00583
SMHB000409	SMTS00584
SMHB000409	SMTS00585
SMHB000409	SMTS00717
SMHB000409	SMTS01440
SMHB000409	SMTS01680
SMHB000409	SMTS02277
SMHB000410	SMTS00280
SMHB000410	SMTS00470
SMHB000410	SMTS00473
SMHB000410	SMTS00483
SMHB000410	SMTS00487
SMHB000410	SMTS00541
SMHB000410	SMTS00624
SMHB000410	SMTS00625
SMHB000410	SMTS00626
SMHB000410	SMTS00779
SMHB000410	SMTS00857
SMHB000410	SMTS00858
SMHB000410	SMTS00861
SMHB000410	SMTS00863
SMHB000410	SMTS00873
SMHB000410	SMTS00923
SMHB000410	SMTS01049
SMHB000410	SMTS01110
SMHB000410	SMTS01116
SMHB000410	SMTS01231
SMHB000410	SMTS01232
SMHB000410	SMTS01283
SMHB000410	SMTS01284
SMHB000410	SMTS01453
SMHB000410	SMTS01599
SMHB000410	SMTS01687
SMHB000410	SMTS01689
SMHB000410	SMTS01733
SMHB000411	SMTS00013
SMHB000411	SMTS00038
SMHB000411	SMTS00141
SMHB000411	SMTS00180
SMHB000411	SMTS00232
SMHB000411	SMTS00266
SMHB000411	SMTS00274
SMHB000411	SMTS00364
SMHB000411	SMTS00413
SMHB000411	SMTS00419
SMHB000411	SMTS00422
SMHB000411	SMTS00425
SMHB000411	SMTS00450
SMHB000411	SMTS00465
SMHB000411	SMTS00466
SMHB000411	SMTS00501
SMHB000411	SMTS00647
SMHB000411	SMTS00796
SMHB000411	SMTS00827
SMHB000411	SMTS00884
SMHB000411	SMTS00922
SMHB000411	SMTS00939
SMHB000411	SMTS01010
SMHB000411	SMTS01115
SMHB000411	SMTS01296
SMHB000411	SMTS01416
SMHB000411	SMTS01656
SMHB000411	SMTS01666
SMHB000411	SMTS01669
SMHB000411	SMTS01670
SMHB000411	SMTS01711
SMHB000412	SMTS00100
SMHB000412	SMTS00101
SMHB000412	SMTS00107
SMHB000412	SMTS00118
SMHB000412	SMTS00137
SMHB000412	SMTS00283
SMHB000412	SMTS00284
SMHB000412	SMTS00288
SMHB000412	SMTS00289
SMHB000412	SMTS00526
SMHB000412	SMTS00527
SMHB000412	SMTS00800
SMHB000412	SMTS00983
SMHB000412	SMTS01200
SMHB000412	SMTS01298
SMHB000412	SMTS01570
SMHB000412	SMTS01586
SMHB000412	SMTS01599
SMHB000412	SMTS01650
SMHB000412	SMTS01651
SMHB000412	SMTS01676
SMHB000412	SMTS01677
SMHB000412	SMTS01678
SMHB000412	SMTS01703
SMHB000412	SMTS02043
SMHB000413	SMTS00104
SMHB000413	SMTS00274
SMHB000413	SMTS00394
SMHB000413	SMTS00395
SMHB000413	SMTS00397
SMHB000413	SMTS00400
SMHB000413	SMTS00419
SMHB000413	SMTS00425
SMHB000413	SMTS00435
SMHB000413	SMTS00541
SMHB000413	SMTS00729
SMHB000413	SMTS00768
SMHB000413	SMTS00779
SMHB000413	SMTS00822
SMHB000413	SMTS00824
SMHB000413	SMTS00836
SMHB000413	SMTS00931
SMHB000413	SMTS01120
SMHB000413	SMTS01231
SMHB000413	SMTS01275
SMHB000413	SMTS01453
SMHB000413	SMTS01465
SMHB000413	SMTS01466
SMHB000413	SMTS01467
SMHB000413	SMTS01468
SMHB000413	SMTS01469
SMHB000413	SMTS01476
SMHB000413	SMTS01477
SMHB000413	SMTS01481
SMHB000413	SMTS01484
SMHB000413	SMTS01486
SMHB000413	SMTS01492
SMHB000413	SMTS01689
SMHB000413	SMTS01941
SMHB000413	SMTS01984
SMHB000413	SMTS01996
SMHB000414	SMTS00068
SMHB000414	SMTS00069
SMHB000414	SMTS00180
SMHB000414	SMTS00253
SMHB000414	SMTS00283
SMHB000414	SMTS00284
SMHB000414	SMTS00288
SMHB000414	SMTS00289
SMHB000414	SMTS00437
SMHB000414	SMTS00524
SMHB000414	SMTS00525
SMHB000414	SMTS00526
SMHB000414	SMTS00527
SMHB000414	SMTS00531
SMHB000414	SMTS00533
SMHB000414	SMTS00755
SMHB000414	SMTS00756
SMHB000414	SMTS00757
SMHB000414	SMTS00793
SMHB000414	SMTS00800
SMHB000414	SMTS00879
SMHB000414	SMTS00983
SMHB000414	SMTS01210
SMHB000414	SMTS01211
SMHB000414	SMTS01260
SMHB000414	SMTS01298
SMHB000414	SMTS01490
SMHB000414	SMTS01586
SMHB000414	SMTS01790
SMHB000414	SMTS02259
SMHB000415	SMTS00015
SMHB000415	SMTS00109
SMHB000415	SMTS00113
SMHB000415	SMTS00142
SMHB000415	SMTS00212
SMHB000415	SMTS00283
SMHB000415	SMTS00284
SMHB000415	SMTS00285
SMHB000415	SMTS00288
SMHB000415	SMTS00289
SMHB000415	SMTS00292
SMHB000415	SMTS00299
SMHB000415	SMTS00402
SMHB000415	SMTS00732
SMHB000415	SMTS00733
SMHB000415	SMTS00800
SMHB000415	SMTS00811
SMHB000415	SMTS00878
SMHB000415	SMTS00892
SMHB000415	SMTS00983
SMHB000415	SMTS00984
SMHB000415	SMTS01182
SMHB000415	SMTS01195
SMHB000415	SMTS01241
SMHB000415	SMTS01279
SMHB000415	SMTS01298
SMHB000415	SMTS01305
SMHB000415	SMTS01306
SMHB000415	SMTS01365
SMHB000415	SMTS01375
SMHB000415	SMTS01392
SMHB000415	SMTS01413
SMHB000415	SMTS01548
SMHB000415	SMTS01555
SMHB000415	SMTS01556
SMHB000415	SMTS01562
SMHB000415	SMTS01586
SMHB000415	SMTS01642
SMHB000415	SMTS02003
SMHB000416	SMTS00283
SMHB000416	SMTS00284
SMHB000416	SMTS00289
SMHB000416	SMTS00305
SMHB000416	SMTS00435
SMHB000416	SMTS00546
SMHB000416	SMTS00800
SMHB000416	SMTS00968
SMHB000416	SMTS00983
SMHB000416	SMTS00997
SMHB000416	SMTS00999
SMHB000416	SMTS01118
SMHB000416	SMTS01298
SMHB000416	SMTS01480
SMHB000416	SMTS01579
SMHB000416	SMTS01586
SMHB000416	SMTS01686
SMHB000416	SMTS01802
SMHB000416	SMTS01803
SMHB000416	SMTS01971
SMHB000416	SMTS02076
SMHB000416	SMTS02173
SMHB000416	SMTS02260
SMHB000416	SMTS02262
SMHB000417	SMTS00202
SMHB000417	SMTS00435
SMHB000417	SMTS00997
SMHB000417	SMTS00999
SMHB000417	SMTS01480
SMHB000417	SMTS01802
SMHB000417	SMTS01803
SMHB000417	SMTS01884
SMHB000417	SMTS01921
SMHB000417	SMTS02003
SMHB000417	SMTS02253
SMHB000417	SMTS02325
SMHB000418	SMTS00015
SMHB000418	SMTS00063
SMHB000418	SMTS00068
SMHB000418	SMTS00069
SMHB000418	SMTS00253
SMHB000418	SMTS00280
SMHB000418	SMTS00283
SMHB000418	SMTS00284
SMHB000418	SMTS00285
SMHB000418	SMTS00288
SMHB000418	SMTS00289
SMHB000418	SMTS00292
SMHB000418	SMTS00376
SMHB000418	SMTS00379
SMHB000418	SMTS00385
SMHB000418	SMTS00386
SMHB000418	SMTS00437
SMHB000418	SMTS00452
SMHB000418	SMTS00473
SMHB000418	SMTS00476
SMHB000418	SMTS00477
SMHB000418	SMTS00478
SMHB000418	SMTS00479
SMHB000418	SMTS00481
SMHB000418	SMTS00518
SMHB000418	SMTS00544
SMHB000418	SMTS00712
SMHB000418	SMTS00755
SMHB000418	SMTS00756
SMHB000418	SMTS00757
SMHB000418	SMTS00759
SMHB000418	SMTS00800
SMHB000418	SMTS00816
SMHB000418	SMTS00817
SMHB000418	SMTS00892
SMHB000418	SMTS00950
SMHB000418	SMTS00951
SMHB000418	SMTS00983
SMHB000418	SMTS00984
SMHB000418	SMTS01121
SMHB000418	SMTS01122
SMHB000418	SMTS01125
SMHB000418	SMTS01126
SMHB000418	SMTS01127
SMHB000418	SMTS01132
SMHB000418	SMTS01133
SMHB000418	SMTS01134
SMHB000418	SMTS01135
SMHB000418	SMTS01157
SMHB000418	SMTS01161
SMHB000418	SMTS01175
SMHB000418	SMTS01180
SMHB000418	SMTS01182
SMHB000418	SMTS01195
SMHB000418	SMTS01210
SMHB000418	SMTS01211
SMHB000418	SMTS01233
SMHB000418	SMTS01234
SMHB000418	SMTS01241
SMHB000418	SMTS01297
SMHB000418	SMTS01298
SMHB000418	SMTS01302
SMHB000418	SMTS01305
SMHB000418	SMTS01306
SMHB000418	SMTS01318
SMHB000418	SMTS01319
SMHB000418	SMTS01441
SMHB000418	SMTS01586
SMHB000418	SMTS01642
SMHB000418	SMTS01840
SMHB000419	SMTS00005
SMHB000419	SMTS00015
SMHB000419	SMTS00018
SMHB000419	SMTS00029
SMHB000419	SMTS00283
SMHB000419	SMTS00284
SMHB000419	SMTS00289
SMHB000419	SMTS00379
SMHB000419	SMTS00658
SMHB000419	SMTS00719
SMHB000419	SMTS00800
SMHB000419	SMTS00983
SMHB000419	SMTS01123
SMHB000419	SMTS01294
SMHB000419	SMTS01298
SMHB000419	SMTS01586
SMHB000419	SMTS01757
SMHB000419	SMTS01758
SMHB000420	SMTS00048
SMHB000420	SMTS00050
SMHB000420	SMTS00107
SMHB000420	SMTS00118
SMHB000420	SMTS00137
SMHB000420	SMTS00183
SMHB000420	SMTS00201
SMHB000420	SMTS00213
SMHB000420	SMTS00380
SMHB000420	SMTS00388
SMHB000420	SMTS00524
SMHB000420	SMTS00525
SMHB000420	SMTS00526
SMHB000420	SMTS00527
SMHB000420	SMTS00531
SMHB000420	SMTS00533
SMHB000420	SMTS00610
SMHB000420	SMTS00717
SMHB000420	SMTS00776
SMHB000420	SMTS01200
SMHB000420	SMTS01260
SMHB000420	SMTS01440
SMHB000420	SMTS01570
SMHB000420	SMTS01599
SMHB000420	SMTS01650
SMHB000420	SMTS01651
SMHB000420	SMTS01680
SMHB000420	SMTS01703
SMHB000420	SMTS01707
SMHB000420	SMTS01813
SMHB000420	SMTS02053
SMHB000421	SMTS00038
SMHB000421	SMTS00266
SMHB000421	SMTS00274
SMHB000421	SMTS00419
SMHB000421	SMTS00425
SMHB000421	SMTS00650
SMHB000422	SMTS00086
SMHB000422	SMTS00230
SMHB000422	SMTS00233
SMHB000422	SMTS00281
SMHB000422	SMTS00404
SMHB000422	SMTS00470
SMHB000422	SMTS00496
SMHB000422	SMTS00510
SMHB000422	SMTS00597
SMHB000422	SMTS00628
SMHB000422	SMTS00786
SMHB000422	SMTS00795
SMHB000422	SMTS00876
SMHB000422	SMTS01110
SMHB000422	SMTS01162
SMHB000422	SMTS01645
SMHB000422	SMTS01646
SMHB000422	SMTS01649
SMHB000422	SMTS01750
SMHB000422	SMTS01889
SMHB000423	SMTS00241
SMHB000423	SMTS00545
SMHB000423	SMTS00546
SMHB000423	SMTS00548
SMHB000423	SMTS00549
SMHB000423	SMTS00550
SMHB000423	SMTS00551
SMHB000423	SMTS00555
SMHB000423	SMTS00558
SMHB000423	SMTS00586
SMHB000423	SMTS00595
SMHB000423	SMTS00718
SMHB000423	SMTS00803
SMHB000423	SMTS00804
SMHB000423	SMTS00805
SMHB000423	SMTS00811
SMHB000423	SMTS00904
SMHB000423	SMTS01087
SMHB000423	SMTS01118
SMHB000423	SMTS01260
SMHB000423	SMTS01470
SMHB000423	SMTS01472
SMHB000423	SMTS01478
SMHB000423	SMTS01479
SMHB000423	SMTS01493
SMHB000424	SMTS00012
SMHB000424	SMTS00038
SMHB000424	SMTS00067
SMHB000424	SMTS00266
SMHB000424	SMTS00274
SMHB000424	SMTS00413
SMHB000424	SMTS00419
SMHB000424	SMTS00425
SMHB000424	SMTS00436
SMHB000424	SMTS00463
SMHB000424	SMTS00520
SMHB000424	SMTS00606
SMHB000424	SMTS00683
SMHB000424	SMTS00974
SMHB000424	SMTS01032
SMHB000424	SMTS01041
SMHB000424	SMTS01042
SMHB000424	SMTS01153
SMHB000424	SMTS01155
SMHB000424	SMTS01533
SMHB000424	SMTS01540
SMHB000424	SMTS01542
SMHB000424	SMTS01656
SMHB000424	SMTS01692
SMHB000424	SMTS02231
SMHB000424	SMTS02244
SMHB000424	SMTS02335
SMHB000425	SMTS00026
SMHB000425	SMTS00027
SMHB000425	SMTS00030
SMHB000425	SMTS00032
SMHB000425	SMTS00033
SMHB000425	SMTS00038
SMHB000425	SMTS00059
SMHB000425	SMTS00114
SMHB000425	SMTS00263
SMHB000425	SMTS00266
SMHB000425	SMTS00274
SMHB000425	SMTS00306
SMHB000425	SMTS00419
SMHB000425	SMTS00424
SMHB000425	SMTS00425
SMHB000425	SMTS00488
SMHB000425	SMTS00518
SMHB000425	SMTS00546
SMHB000425	SMTS00631
SMHB000425	SMTS00632
SMHB000425	SMTS00633
SMHB000425	SMTS00636
SMHB000425	SMTS00637
SMHB000425	SMTS00638
SMHB000425	SMTS00639
SMHB000425	SMTS00641
SMHB000425	SMTS00647
SMHB000425	SMTS00712
SMHB000425	SMTS00714
SMHB000425	SMTS00797
SMHB000425	SMTS00816
SMHB000425	SMTS00817
SMHB000425	SMTS00828
SMHB000425	SMTS00867
SMHB000425	SMTS00950
SMHB000425	SMTS00951
SMHB000425	SMTS01088
SMHB000425	SMTS01106
SMHB000425	SMTS01118
SMHB000425	SMTS01119
SMHB000425	SMTS01121
SMHB000425	SMTS01122
SMHB000425	SMTS01125
SMHB000425	SMTS01126
SMHB000425	SMTS01127
SMHB000425	SMTS01132
SMHB000425	SMTS01133
SMHB000425	SMTS01134
SMHB000425	SMTS01135
SMHB000425	SMTS01288
SMHB000425	SMTS01336
SMHB000425	SMTS01346
SMHB000425	SMTS01351
SMHB000425	SMTS01360
SMHB000425	SMTS01424
SMHB000425	SMTS01441
SMHB000425	SMTS01457
SMHB000425	SMTS01499
SMHB000425	SMTS01564
SMHB000425	SMTS01669
SMHB000425	SMTS01683
SMHB000425	SMTS01699
SMHB000425	SMTS01700
SMHB000425	SMTS02364
SMHB000426	SMTS00016
SMHB000426	SMTS00389
SMHB000426	SMTS00440
SMHB000426	SMTS00451
SMHB000426	SMTS00456
SMHB000426	SMTS00486
SMHB000426	SMTS00518
SMHB000426	SMTS00541
SMHB000426	SMTS00582
SMHB000426	SMTS00642
SMHB000426	SMTS00688
SMHB000426	SMTS00692
SMHB000426	SMTS00705
SMHB000426	SMTS00712
SMHB000426	SMTS00779
SMHB000426	SMTS00783
SMHB000426	SMTS00816
SMHB000426	SMTS00817
SMHB000426	SMTS00848
SMHB000426	SMTS00849
SMHB000426	SMTS00850
SMHB000426	SMTS00851
SMHB000426	SMTS00852
SMHB000426	SMTS00854
SMHB000426	SMTS00856
SMHB000426	SMTS00857
SMHB000426	SMTS00858
SMHB000426	SMTS00859
SMHB000426	SMTS00892
SMHB000426	SMTS00950
SMHB000426	SMTS00951
SMHB000426	SMTS00963
SMHB000426	SMTS00976
SMHB000426	SMTS01024
SMHB000426	SMTS01119
SMHB000426	SMTS01121
SMHB000426	SMTS01122
SMHB000426	SMTS01125
SMHB000426	SMTS01126
SMHB000426	SMTS01127
SMHB000426	SMTS01132
SMHB000426	SMTS01133
SMHB000426	SMTS01134
SMHB000426	SMTS01135
SMHB000426	SMTS01231
SMHB000426	SMTS01241
SMHB000426	SMTS01439
SMHB000426	SMTS01441
SMHB000426	SMTS01450
SMHB000426	SMTS01453
SMHB000426	SMTS01501
SMHB000426	SMTS01513
SMHB000426	SMTS01591
SMHB000426	SMTS01599
SMHB000426	SMTS01624
SMHB000426	SMTS01625
SMHB000426	SMTS01626
SMHB000426	SMTS01642
SMHB000426	SMTS01687
SMHB000426	SMTS01689
SMHB000426	SMTS02068
SMHB000426	SMTS02100
SMHB000426	SMTS02102
SMHB000427	SMTS00012
SMHB000427	SMTS00035
SMHB000427	SMTS00038
SMHB000427	SMTS00058
SMHB000427	SMTS00067
SMHB000427	SMTS00266
SMHB000427	SMTS00274
SMHB000427	SMTS00372
SMHB000427	SMTS00384
SMHB000427	SMTS00407
SMHB000427	SMTS00419
SMHB000427	SMTS00425
SMHB000427	SMTS00436
SMHB000427	SMTS00518
SMHB000427	SMTS00647
SMHB000427	SMTS00712
SMHB000427	SMTS00796
SMHB000427	SMTS00797
SMHB000427	SMTS00816
SMHB000427	SMTS00817
SMHB000427	SMTS00827
SMHB000427	SMTS00866
SMHB000427	SMTS00949
SMHB000427	SMTS00950
SMHB000427	SMTS00951
SMHB000427	SMTS01003
SMHB000427	SMTS01121
SMHB000427	SMTS01122
SMHB000427	SMTS01125
SMHB000427	SMTS01126
SMHB000427	SMTS01127
SMHB000427	SMTS01132
SMHB000427	SMTS01133
SMHB000427	SMTS01134
SMHB000427	SMTS01135
SMHB000427	SMTS01154
SMHB000427	SMTS01156
SMHB000427	SMTS01441
SMHB000427	SMTS01520
SMHB000427	SMTS01521
SMHB000427	SMTS01524
SMHB000427	SMTS01525
SMHB000427	SMTS01526
SMHB000427	SMTS01530
SMHB000427	SMTS01532
SMHB000427	SMTS01534
SMHB000427	SMTS01535
SMHB000427	SMTS01610
SMHB000427	SMTS01669
SMHB000427	SMTS01673
SMHB000427	SMTS01683
SMHB000427	SMTS01684
SMHB000427	SMTS01687
SMHB000427	SMTS01690
SMHB000427	SMTS01691
SMHB000427	SMTS01692
SMHB000427	SMTS02226
SMHB000427	SMTS02236
SMHB000427	SMTS02284
SMHB000428	SMTS00023
SMHB000428	SMTS00046
SMHB000428	SMTS00118
SMHB000428	SMTS00138
SMHB000428	SMTS00167
SMHB000428	SMTS00172
SMHB000428	SMTS00174
SMHB000428	SMTS00288
SMHB000428	SMTS00292
SMHB000428	SMTS00330
SMHB000428	SMTS00338
SMHB000428	SMTS00340
SMHB000428	SMTS00558
SMHB000428	SMTS00990
SMHB000428	SMTS01152
SMHB000428	SMTS01246
SMHB000428	SMTS01318
SMHB000428	SMTS01319
SMHB000428	SMTS01320
SMHB000428	SMTS01526
SMHB000428	SMTS01577
SMHB000428	SMTS01599
SMHB000428	SMTS01867
SMHB000428	SMTS01869
SMHB000428	SMTS01972
SMHB000428	SMTS02007
SMHB000428	SMTS02220
SMHB000428	SMTS02277
SMHB000429	SMTS00351
SMHB000429	SMTS00407
SMHB000429	SMTS00462
SMHB000429	SMTS00611
SMHB000429	SMTS01356
SMHB000429	SMTS01515
SMHB000429	SMTS01518
SMHB000429	SMTS01520
SMHB000429	SMTS01521
SMHB000429	SMTS01524
SMHB000429	SMTS01525
SMHB000429	SMTS01526
SMHB000429	SMTS01530
SMHB000429	SMTS01539
SMHB000429	SMTS02225
SMHB000429	SMTS02241
SMHB000430	SMTS00035
SMHB000430	SMTS00048
SMHB000430	SMTS00280
SMHB000430	SMTS00388
SMHB000430	SMTS00394
SMHB000430	SMTS00395
SMHB000430	SMTS00397
SMHB000430	SMTS00400
SMHB000430	SMTS00435
SMHB000430	SMTS00473
SMHB000430	SMTS00541
SMHB000430	SMTS00558
SMHB000430	SMTS00717
SMHB000430	SMTS00779
SMHB000430	SMTS00866
SMHB000430	SMTS01231
SMHB000430	SMTS01301
SMHB000430	SMTS01440
SMHB000430	SMTS01453
SMHB000430	SMTS01465
SMHB000430	SMTS01466
SMHB000430	SMTS01467
SMHB000430	SMTS01468
SMHB000430	SMTS01469
SMHB000430	SMTS01476
SMHB000430	SMTS01477
SMHB000430	SMTS01481
SMHB000430	SMTS01484
SMHB000430	SMTS01486
SMHB000430	SMTS01492
SMHB000430	SMTS01689
SMHB000430	SMTS02036
SMHB000431	SMTS00274
SMHB000431	SMTS02032
SMHB000431	SMTS02224
SMHB000431	SMTS02331
SMHB000432	SMTS00036
SMHB000432	SMTS00086
SMHB000432	SMTS00142
SMHB000432	SMTS00280
SMHB000432	SMTS00292
SMHB000432	SMTS00437
SMHB000432	SMTS00470
SMHB000432	SMTS00471
SMHB000432	SMTS00473
SMHB000432	SMTS00474
SMHB000432	SMTS00480
SMHB000432	SMTS00483
SMHB000432	SMTS00484
SMHB000432	SMTS00485
SMHB000432	SMTS00486
SMHB000432	SMTS00487
SMHB000432	SMTS00490
SMHB000432	SMTS00492
SMHB000432	SMTS00501
SMHB000432	SMTS00620
SMHB000432	SMTS00621
SMHB000432	SMTS00793
SMHB000432	SMTS00849
SMHB000432	SMTS00851
SMHB000432	SMTS00859
SMHB000432	SMTS00962
SMHB000432	SMTS00983
SMHB000432	SMTS00995
SMHB000432	SMTS01024
SMHB000432	SMTS01110
SMHB000432	SMTS01115
SMHB000432	SMTS01116
SMHB000432	SMTS01240
SMHB000432	SMTS01241
SMHB000432	SMTS01305
SMHB000432	SMTS01306
SMHB000432	SMTS01311
SMHB000432	SMTS01312
SMHB000432	SMTS01314
SMHB000432	SMTS01315
SMHB000432	SMTS01324
SMHB000432	SMTS01365
SMHB000432	SMTS01375
SMHB000432	SMTS01384
SMHB000432	SMTS01392
SMHB000432	SMTS01405
SMHB000432	SMTS01406
SMHB000432	SMTS01407
SMHB000432	SMTS01410
SMHB000432	SMTS01411
SMHB000432	SMTS01413
SMHB000432	SMTS01416
SMHB000432	SMTS01586
SMHB000432	SMTS01604
SMHB000432	SMTS01606
SMHB000432	SMTS01616
SMHB000432	SMTS01618
SMHB000432	SMTS01620
SMHB000432	SMTS01621
SMHB000432	SMTS01622
SMHB000432	SMTS01623
SMHB000432	SMTS01630
SMHB000432	SMTS01641
SMHB000432	SMTS01642
SMHB000432	SMTS01741
SMHB000432	SMTS02193
SMHB000432	SMTS02310
SMHB000433	SMTS00020
SMHB000433	SMTS00021
SMHB000433	SMTS00022
SMHB000433	SMTS00095
SMHB000433	SMTS00206
SMHB000433	SMTS00278
SMHB000433	SMTS00419
SMHB000433	SMTS00425
SMHB000433	SMTS00440
SMHB000433	SMTS00441
SMHB000433	SMTS00520
SMHB000433	SMTS00569
SMHB000433	SMTS00606
SMHB000433	SMTS00684
SMHB000433	SMTS00793
SMHB000433	SMTS00808
SMHB000433	SMTS00809
SMHB000433	SMTS00895
SMHB000433	SMTS01153
SMHB000433	SMTS01155
SMHB000433	SMTS01249
SMHB000433	SMTS01331
SMHB000433	SMTS01333
SMHB000433	SMTS01334
SMHB000433	SMTS01335
SMHB000433	SMTS01520
SMHB000433	SMTS01533
SMHB000433	SMTS01540
SMHB000433	SMTS01542
SMHB000433	SMTS01652
SMHB000433	SMTS01662
SMHB000433	SMTS01968
SMHB000433	SMTS02231
SMHB000433	SMTS02244
SMHB000434	SMTS00035
SMHB000434	SMTS00283
SMHB000434	SMTS00284
SMHB000434	SMTS00288
SMHB000434	SMTS00289
SMHB000434	SMTS00294
SMHB000434	SMTS00306
SMHB000434	SMTS00379
SMHB000434	SMTS00611
SMHB000434	SMTS00800
SMHB000434	SMTS00866
SMHB000434	SMTS00983
SMHB000434	SMTS01133
SMHB000434	SMTS01170
SMHB000434	SMTS01175
SMHB000434	SMTS01288
SMHB000434	SMTS01298
SMHB000434	SMTS01319
SMHB000434	SMTS01586
SMHB000434	SMTS01827
SMHB000434	SMTS01901
SMHB000434	SMTS02318
SMHB000435	SMTS00219
SMHB000435	SMTS00220
SMHB000435	SMTS00221
SMHB000435	SMTS00234
SMHB000435	SMTS00235
SMHB000435	SMTS00236
SMHB000435	SMTS00283
SMHB000435	SMTS00284
SMHB000435	SMTS00288
SMHB000435	SMTS00289
SMHB000435	SMTS00306
SMHB000435	SMTS00374
SMHB000435	SMTS00381
SMHB000435	SMTS00518
SMHB000435	SMTS00536
SMHB000435	SMTS00712
SMHB000435	SMTS00762
SMHB000435	SMTS00800
SMHB000435	SMTS00816
SMHB000435	SMTS00817
SMHB000435	SMTS00935
SMHB000435	SMTS00950
SMHB000435	SMTS00951
SMHB000435	SMTS00983
SMHB000435	SMTS01013
SMHB000435	SMTS01027
SMHB000435	SMTS01121
SMHB000435	SMTS01122
SMHB000435	SMTS01125
SMHB000435	SMTS01126
SMHB000435	SMTS01127
SMHB000435	SMTS01132
SMHB000435	SMTS01133
SMHB000435	SMTS01134
SMHB000435	SMTS01135
SMHB000435	SMTS01150
SMHB000435	SMTS01151
SMHB000435	SMTS01188
SMHB000435	SMTS01230
SMHB000435	SMTS01265
SMHB000435	SMTS01266
SMHB000435	SMTS01267
SMHB000435	SMTS01269
SMHB000435	SMTS01288
SMHB000435	SMTS01289
SMHB000435	SMTS01298
SMHB000435	SMTS01441
SMHB000435	SMTS01586
SMHB000435	SMTS01637
SMHB000436	SMTS00068
SMHB000436	SMTS00069
SMHB000436	SMTS00253
SMHB000436	SMTS00283
SMHB000436	SMTS00285
SMHB000436	SMTS00549
SMHB000436	SMTS00550
SMHB000436	SMTS00551
SMHB000436	SMTS00552
SMHB000436	SMTS00553
SMHB000436	SMTS00555
SMHB000436	SMTS00620
SMHB000436	SMTS00621
SMHB000436	SMTS00755
SMHB000436	SMTS00756
SMHB000436	SMTS00757
SMHB000436	SMTS00794
SMHB000436	SMTS00983
SMHB000436	SMTS01063
SMHB000436	SMTS01065
SMHB000436	SMTS01066
SMHB000436	SMTS01067
SMHB000436	SMTS01068
SMHB000436	SMTS01085
SMHB000436	SMTS01172
SMHB000436	SMTS01173
SMHB000436	SMTS01182
SMHB000436	SMTS01210
SMHB000436	SMTS01211
SMHB000436	SMTS01217
SMHB000436	SMTS01241
SMHB000436	SMTS01299
SMHB000436	SMTS01311
SMHB000436	SMTS01312
SMHB000436	SMTS01314
SMHB000436	SMTS01315
SMHB000436	SMTS01365
SMHB000436	SMTS01392
SMHB000436	SMTS01405
SMHB000436	SMTS01406
SMHB000436	SMTS01407
SMHB000436	SMTS01410
SMHB000436	SMTS01411
SMHB000436	SMTS01413
SMHB000436	SMTS01560
SMHB000436	SMTS01586
SMHB000436	SMTS01606
SMHB000436	SMTS01642
SMHB000437	SMTS00015
SMHB000437	SMTS00065
SMHB000437	SMTS00280
SMHB000437	SMTS00283
SMHB000437	SMTS00284
SMHB000437	SMTS00285
SMHB000437	SMTS00288
SMHB000437	SMTS00289
SMHB000437	SMTS00292
SMHB000437	SMTS00325
SMHB000437	SMTS00376
SMHB000437	SMTS00473
SMHB000437	SMTS00493
SMHB000437	SMTS00506
SMHB000437	SMTS00611
SMHB000437	SMTS00706
SMHB000437	SMTS00709
SMHB000437	SMTS00800
SMHB000437	SMTS00888
SMHB000437	SMTS00889
SMHB000437	SMTS00890
SMHB000437	SMTS00891
SMHB000437	SMTS00892
SMHB000437	SMTS00896
SMHB000437	SMTS00983
SMHB000437	SMTS00984
SMHB000437	SMTS00990
SMHB000437	SMTS00996
SMHB000437	SMTS01116
SMHB000437	SMTS01150
SMHB000437	SMTS01151
SMHB000437	SMTS01175
SMHB000437	SMTS01180
SMHB000437	SMTS01182
SMHB000437	SMTS01193
SMHB000437	SMTS01195
SMHB000437	SMTS01240
SMHB000437	SMTS01241
SMHB000437	SMTS01298
SMHB000437	SMTS01305
SMHB000437	SMTS01306
SMHB000437	SMTS01514
SMHB000437	SMTS01584
SMHB000437	SMTS01586
SMHB000437	SMTS01642
SMHB000437	SMTS01842
SMHB000438	SMTS00023
SMHB000438	SMTS00048
SMHB000438	SMTS00050
SMHB000438	SMTS00107
SMHB000438	SMTS00118
SMHB000438	SMTS00137
SMHB000438	SMTS00340
SMHB000438	SMTS00388
SMHB000438	SMTS00717
SMHB000438	SMTS00742
SMHB000438	SMTS00752
SMHB000438	SMTS01152
SMHB000438	SMTS01200
SMHB000438	SMTS01440
SMHB000438	SMTS01443
SMHB000438	SMTS01570
SMHB000438	SMTS01599
SMHB000438	SMTS01650
SMHB000438	SMTS01651
SMHB000438	SMTS01703
SMHB000438	SMTS01813
SMHB000438	SMTS01867
SMHB000438	SMTS01972
SMHB000439	SMTS00624
SMHB000439	SMTS00626
SMHB000439	SMTS00762
SMHB000439	SMTS00861
SMHB000439	SMTS01232
SMHB000439	SMTS01265
SMHB000439	SMTS01266
SMHB000439	SMTS01267
SMHB000439	SMTS01269
SMHB000440	SMTS00015
SMHB000440	SMTS00283
SMHB000440	SMTS00284
SMHB000440	SMTS00285
SMHB000440	SMTS00286
SMHB000440	SMTS00289
SMHB000440	SMTS00293
SMHB000440	SMTS00295
SMHB000440	SMTS00794
SMHB000440	SMTS00800
SMHB000440	SMTS00892
SMHB000440	SMTS00983
SMHB000440	SMTS00984
SMHB000440	SMTS01172
SMHB000440	SMTS01173
SMHB000440	SMTS01175
SMHB000440	SMTS01182
SMHB000440	SMTS01195
SMHB000440	SMTS01217
SMHB000440	SMTS01241
SMHB000440	SMTS01298
SMHB000440	SMTS01299
SMHB000440	SMTS01305
SMHB000440	SMTS01306
SMHB000440	SMTS01308
SMHB000440	SMTS01321
SMHB000440	SMTS01322
SMHB000440	SMTS01336
SMHB000440	SMTS01341
SMHB000440	SMTS01342
SMHB000440	SMTS01343
SMHB000440	SMTS01346
SMHB000440	SMTS01360
SMHB000440	SMTS01361
SMHB000440	SMTS01586
SMHB000440	SMTS01642
SMHB000440	SMTS01786
SMHB000440	SMTS01948
SMHB000440	SMTS02213
SMHB000441	SMTS00026
SMHB000441	SMTS00027
SMHB000441	SMTS00030
SMHB000441	SMTS00032
SMHB000441	SMTS00033
SMHB000441	SMTS00234
SMHB000441	SMTS00263
SMHB000441	SMTS00518
SMHB000441	SMTS00631
SMHB000441	SMTS00632
SMHB000441	SMTS00633
SMHB000441	SMTS00636
SMHB000441	SMTS00637
SMHB000441	SMTS00638
SMHB000441	SMTS00639
SMHB000441	SMTS00641
SMHB000441	SMTS00712
SMHB000441	SMTS00816
SMHB000441	SMTS00817
SMHB000441	SMTS00831
SMHB000441	SMTS00950
SMHB000441	SMTS00951
SMHB000441	SMTS01106
SMHB000441	SMTS01121
SMHB000441	SMTS01122
SMHB000441	SMTS01125
SMHB000441	SMTS01126
SMHB000441	SMTS01127
SMHB000441	SMTS01132
SMHB000441	SMTS01133
SMHB000441	SMTS01134
SMHB000441	SMTS01135
SMHB000441	SMTS01422
SMHB000441	SMTS01424
SMHB000441	SMTS01441
SMHB000441	SMTS01699
SMHB000441	SMTS01700
SMHB000441	SMTS02364
SMHB000442	SMTS00038
SMHB000442	SMTS00094
SMHB000442	SMTS00192
SMHB000442	SMTS00194
SMHB000442	SMTS00266
SMHB000442	SMTS00274
SMHB000442	SMTS00407
SMHB000442	SMTS00419
SMHB000442	SMTS00425
SMHB000442	SMTS00776
SMHB000442	SMTS00815
SMHB000442	SMTS00828
SMHB000442	SMTS00867
SMHB000442	SMTS00978
SMHB000442	SMTS01199
SMHB000442	SMTS01204
SMHB000442	SMTS01206
SMHB000442	SMTS01207
SMHB000442	SMTS01226
SMHB000442	SMTS01457
SMHB000442	SMTS01520
SMHB000442	SMTS01521
SMHB000442	SMTS01524
SMHB000442	SMTS01525
SMHB000442	SMTS01526
SMHB000442	SMTS01530
SMHB000442	SMTS01532
SMHB000442	SMTS01586
SMHB000442	SMTS01641
SMHB000442	SMTS02335
SMHB000443	SMTS00023
SMHB000443	SMTS00035
SMHB000443	SMTS00038
SMHB000443	SMTS00266
SMHB000443	SMTS00274
SMHB000443	SMTS00340
SMHB000443	SMTS00347
SMHB000443	SMTS00348
SMHB000443	SMTS00419
SMHB000443	SMTS00425
SMHB000443	SMTS00450
SMHB000443	SMTS00467
SMHB000443	SMTS00468
SMHB000443	SMTS00520
SMHB000443	SMTS00606
SMHB000443	SMTS00866
SMHB000443	SMTS01052
SMHB000443	SMTS01153
SMHB000443	SMTS01155
SMHB000443	SMTS01533
SMHB000443	SMTS01540
SMHB000443	SMTS01542
SMHB000443	SMTS01630
SMHB000443	SMTS01867
SMHB000443	SMTS01972
SMHB000443	SMTS02112
SMHB000443	SMTS02231
SMHB000443	SMTS02244
SMHB000443	SMTS02284
SMHB000444	SMTS00048
SMHB000444	SMTS00174
SMHB000444	SMTS00340
SMHB000444	SMTS00388
SMHB000444	SMTS00717
SMHB000444	SMTS00768
SMHB000444	SMTS00858
SMHB000444	SMTS00931
SMHB000444	SMTS01277
SMHB000444	SMTS01440
SMHB000445	SMTS00016
SMHB000445	SMTS00024
SMHB000445	SMTS00025
SMHB000445	SMTS00045
SMHB000445	SMTS00118
SMHB000445	SMTS00213
SMHB000445	SMTS00230
SMHB000445	SMTS00242
SMHB000445	SMTS00389
SMHB000445	SMTS00393
SMHB000445	SMTS00400
SMHB000445	SMTS00414
SMHB000445	SMTS00435
SMHB000445	SMTS00501
SMHB000445	SMTS00582
SMHB000445	SMTS00602
SMHB000445	SMTS00617
SMHB000445	SMTS00619
SMHB000445	SMTS00628
SMHB000445	SMTS00642
SMHB000445	SMTS00668
SMHB000445	SMTS00670
SMHB000445	SMTS00688
SMHB000445	SMTS00783
SMHB000445	SMTS00785
SMHB000445	SMTS00786
SMHB000445	SMTS00787
SMHB000445	SMTS00876
SMHB000445	SMTS00893
SMHB000445	SMTS00902
SMHB000445	SMTS00905
SMHB000445	SMTS00908
SMHB000445	SMTS00909
SMHB000445	SMTS00910
SMHB000445	SMTS00965
SMHB000445	SMTS00966
SMHB000445	SMTS00967
SMHB000445	SMTS00969
SMHB000445	SMTS00976
SMHB000445	SMTS01025
SMHB000445	SMTS01050
SMHB000445	SMTS01107
SMHB000445	SMTS01162
SMHB000445	SMTS01349
SMHB000445	SMTS01416
SMHB000445	SMTS01477
SMHB000445	SMTS01481
SMHB000445	SMTS01484
SMHB000445	SMTS01489
SMHB000445	SMTS01501
SMHB000445	SMTS01502
SMHB000445	SMTS01503
SMHB000445	SMTS01599
SMHB000445	SMTS01687
SMHB000445	SMTS02082
SMHB000445	SMTS02342
SMHB000446	SMTS00068
SMHB000446	SMTS00069
SMHB000446	SMTS00109
SMHB000446	SMTS00114
SMHB000446	SMTS00253
SMHB000446	SMTS00490
SMHB000446	SMTS00546
SMHB000446	SMTS00549
SMHB000446	SMTS00550
SMHB000446	SMTS00551
SMHB000446	SMTS00552
SMHB000446	SMTS00553
SMHB000446	SMTS00555
SMHB000446	SMTS00755
SMHB000446	SMTS00756
SMHB000446	SMTS00757
SMHB000446	SMTS00795
SMHB000446	SMTS01063
SMHB000446	SMTS01065
SMHB000446	SMTS01066
SMHB000446	SMTS01067
SMHB000446	SMTS01068
SMHB000446	SMTS01085
SMHB000446	SMTS01088
SMHB000446	SMTS01118
SMHB000446	SMTS01210
SMHB000446	SMTS01211
SMHB000446	SMTS01347
SMHB000446	SMTS01362
SMHB000446	SMTS01379
SMHB000446	SMTS01386
SMHB000446	SMTS01389
SMHB000446	SMTS01414
SMHB000446	SMTS01560
SMHB000447	SMTS00013
SMHB000447	SMTS00035
SMHB000447	SMTS00274
SMHB000447	SMTS00283
SMHB000447	SMTS00284
SMHB000447	SMTS00289
SMHB000447	SMTS00326
SMHB000447	SMTS00327
SMHB000447	SMTS00328
SMHB000447	SMTS00419
SMHB000447	SMTS00422
SMHB000447	SMTS00425
SMHB000447	SMTS00541
SMHB000447	SMTS00779
SMHB000447	SMTS00796
SMHB000447	SMTS00800
SMHB000447	SMTS00858
SMHB000447	SMTS00866
SMHB000447	SMTS00884
SMHB000447	SMTS00890
SMHB000447	SMTS00939
SMHB000447	SMTS00983
SMHB000447	SMTS01011
SMHB000447	SMTS01169
SMHB000447	SMTS01175
SMHB000447	SMTS01177
SMHB000447	SMTS01231
SMHB000447	SMTS01298
SMHB000447	SMTS01300
SMHB000447	SMTS01453
SMHB000447	SMTS01586
SMHB000447	SMTS01656
SMHB000447	SMTS01666
SMHB000447	SMTS01670
SMHB000447	SMTS01689
SMHB000447	SMTS02107
SMHB000447	SMTS02115
SMHB000448	SMTS00615
SMHB000448	SMTS02007
SMHB000448	SMTS02279
SMHB000448	SMTS02350
SMHB000449	SMTS00234
SMHB000449	SMTS00235
SMHB000449	SMTS00236
SMHB000449	SMTS00242
SMHB000449	SMTS00306
SMHB000449	SMTS00394
SMHB000449	SMTS00395
SMHB000449	SMTS00397
SMHB000449	SMTS00400
SMHB000449	SMTS00435
SMHB000449	SMTS00541
SMHB000449	SMTS00739
SMHB000449	SMTS00779
SMHB000449	SMTS00835
SMHB000449	SMTS00839
SMHB000449	SMTS00873
SMHB000449	SMTS00935
SMHB000449	SMTS01013
SMHB000449	SMTS01027
SMHB000449	SMTS01049
SMHB000449	SMTS01231
SMHB000449	SMTS01280
SMHB000449	SMTS01283
SMHB000449	SMTS01284
SMHB000449	SMTS01288
SMHB000449	SMTS01289
SMHB000449	SMTS01453
SMHB000449	SMTS01465
SMHB000449	SMTS01466
SMHB000449	SMTS01467
SMHB000449	SMTS01468
SMHB000449	SMTS01469
SMHB000449	SMTS01476
SMHB000449	SMTS01477
SMHB000449	SMTS01481
SMHB000449	SMTS01484
SMHB000449	SMTS01485
SMHB000449	SMTS01486
SMHB000449	SMTS01492
SMHB000449	SMTS01599
SMHB000449	SMTS01687
SMHB000449	SMTS01689
SMHB000449	SMTS01985
SMHB000449	SMTS02001
SMHB000450	SMTS00045
SMHB000450	SMTS00660
SMHB000450	SMTS00661
SMHB000450	SMTS00767
SMHB000450	SMTS00869
SMHB000450	SMTS00870
SMHB000450	SMTS00871
SMHB000450	SMTS01130
SMHB000450	SMTS01158
SMHB000450	SMTS01675
SMHB000451	SMTS00086
SMHB000451	SMTS00090
SMHB000451	SMTS00141
SMHB000451	SMTS00232
SMHB000451	SMTS00382
SMHB000451	SMTS00413
SMHB000451	SMTS00437
SMHB000451	SMTS00471
SMHB000451	SMTS00492
SMHB000451	SMTS00493
SMHB000451	SMTS00793
SMHB000451	SMTS00903
SMHB000451	SMTS00906
SMHB000451	SMTS01115
SMHB000451	SMTS01116
SMHB000451	SMTS01119
SMHB000451	SMTS01219
SMHB000451	SMTS01227
SMHB000451	SMTS01240
SMHB000451	SMTS01351
SMHB000451	SMTS01630
SMHB000452	SMTS00038
SMHB000452	SMTS00266
SMHB000452	SMTS00274
SMHB000452	SMTS00283
SMHB000452	SMTS00284
SMHB000452	SMTS00289
SMHB000452	SMTS00294
SMHB000452	SMTS00413
SMHB000452	SMTS00419
SMHB000452	SMTS00425
SMHB000452	SMTS00549
SMHB000452	SMTS00550
SMHB000452	SMTS00551
SMHB000452	SMTS00555
SMHB000452	SMTS00611
SMHB000452	SMTS00719
SMHB000452	SMTS00800
SMHB000452	SMTS00983
SMHB000452	SMTS01170
SMHB000452	SMTS01171
SMHB000452	SMTS01175
SMHB000452	SMTS01298
SMHB000452	SMTS01309
SMHB000452	SMTS01586
SMHB000452	SMTS01857
SMHB000453	SMTS00016
SMHB000453	SMTS00389
SMHB000453	SMTS00518
SMHB000453	SMTS00541
SMHB000453	SMTS00582
SMHB000453	SMTS00688
SMHB000453	SMTS00692
SMHB000453	SMTS00693
SMHB000453	SMTS00712
SMHB000453	SMTS00779
SMHB000453	SMTS00816
SMHB000453	SMTS00817
SMHB000453	SMTS00831
SMHB000453	SMTS00934
SMHB000453	SMTS00950
SMHB000453	SMTS00951
SMHB000453	SMTS00963
SMHB000453	SMTS00976
SMHB000453	SMTS01120
SMHB000453	SMTS01121
SMHB000453	SMTS01122
SMHB000453	SMTS01125
SMHB000453	SMTS01126
SMHB000453	SMTS01127
SMHB000453	SMTS01132
SMHB000453	SMTS01133
SMHB000453	SMTS01134
SMHB000453	SMTS01135
SMHB000453	SMTS01231
SMHB000453	SMTS01422
SMHB000453	SMTS01439
SMHB000453	SMTS01441
SMHB000453	SMTS01453
SMHB000453	SMTS01501
SMHB000453	SMTS01513
SMHB000453	SMTS01599
SMHB000453	SMTS01624
SMHB000453	SMTS01625
SMHB000453	SMTS01626
SMHB000453	SMTS01687
SMHB000453	SMTS01689
SMHB000453	SMTS01996
SMHB000453	SMTS02100
SMHB000453	SMTS02102
SMHB000454	SMTS00120
SMHB000454	SMTS00265
SMHB000454	SMTS00306
SMHB000454	SMTS00393
SMHB000454	SMTS00394
SMHB000454	SMTS00395
SMHB000454	SMTS00397
SMHB000454	SMTS00400
SMHB000454	SMTS00435
SMHB000454	SMTS00455
SMHB000454	SMTS00541
SMHB000454	SMTS00779
SMHB000454	SMTS01231
SMHB000454	SMTS01288
SMHB000454	SMTS01453
SMHB000454	SMTS01465
SMHB000454	SMTS01466
SMHB000454	SMTS01467
SMHB000454	SMTS01468
SMHB000454	SMTS01469
SMHB000454	SMTS01476
SMHB000454	SMTS01477
SMHB000454	SMTS01480
SMHB000454	SMTS01481
SMHB000454	SMTS01484
SMHB000454	SMTS01485
SMHB000454	SMTS01486
SMHB000454	SMTS01492
SMHB000454	SMTS01686
SMHB000454	SMTS01687
SMHB000454	SMTS01689
SMHB000454	SMTS01737
SMHB000455	SMTS00309
SMHB000455	SMTS00554
SMHB000455	SMTS00557
SMHB000455	SMTS00558
SMHB000455	SMTS00559
SMHB000455	SMTS00602
SMHB000455	SMTS00897
SMHB000455	SMTS01056
SMHB000455	SMTS01083
SMHB000455	SMTS01087
SMHB000455	SMTS01148
SMHB000455	SMTS01149
SMHB000455	SMTS01431
SMHB000455	SMTS01627
SMHB000455	SMTS01633
SMHB000455	SMTS01636
SMHB000455	SMTS01796
SMHB000455	SMTS02306
SMHB000456	SMTS00074
SMHB000456	SMTS00087
SMHB000456	SMTS00095
SMHB000456	SMTS00107
SMHB000456	SMTS00128
SMHB000456	SMTS00138
SMHB000456	SMTS00280
SMHB000456	SMTS00470
SMHB000456	SMTS00471
SMHB000456	SMTS00473
SMHB000456	SMTS00474
SMHB000456	SMTS00475
SMHB000456	SMTS00480
SMHB000456	SMTS00492
SMHB000456	SMTS00652
SMHB000456	SMTS00656
SMHB000456	SMTS00739
SMHB000456	SMTS00741
SMHB000456	SMTS00793
SMHB000456	SMTS00923
SMHB000456	SMTS01027
SMHB000456	SMTS01029
SMHB000456	SMTS01110
SMHB000456	SMTS01116
SMHB000456	SMTS01240
SMHB000456	SMTS01604
SMHB000456	SMTS01616
SMHB000456	SMTS01618
SMHB000456	SMTS01620
SMHB000456	SMTS01621
SMHB000456	SMTS01622
SMHB000456	SMTS01623
SMHB000456	SMTS01630
SMHB000456	SMTS01686
SMHB000456	SMTS01896
SMHB000456	SMTS02020
SMHB000457	SMTS00008
SMHB000457	SMTS00212
SMHB000457	SMTS00214
SMHB000457	SMTS00283
SMHB000457	SMTS00284
SMHB000457	SMTS00289
SMHB000457	SMTS00294
SMHB000457	SMTS00379
SMHB000457	SMTS00572
SMHB000457	SMTS00575
SMHB000457	SMTS00605
SMHB000457	SMTS00611
SMHB000457	SMTS00729
SMHB000457	SMTS00733
SMHB000457	SMTS00800
SMHB000457	SMTS00983
SMHB000457	SMTS01275
SMHB000457	SMTS01278
SMHB000457	SMTS01279
SMHB000457	SMTS01298
SMHB000457	SMTS01318
SMHB000457	SMTS01319
SMHB000457	SMTS01548
SMHB000457	SMTS01556
SMHB000457	SMTS01561
SMHB000457	SMTS01562
SMHB000457	SMTS01586
SMHB000458	SMTS00092
SMHB000458	SMTS00258
SMHB000458	SMTS00379
SMHB000458	SMTS00452
SMHB000458	SMTS00466
SMHB000458	SMTS00762
SMHB000458	SMTS00973
SMHB000458	SMTS01010
SMHB000458	SMTS01016
SMHB000458	SMTS01017
SMHB000458	SMTS01027
SMHB000458	SMTS01031
SMHB000458	SMTS01035
SMHB000458	SMTS01039
SMHB000458	SMTS01119
SMHB000458	SMTS01265
SMHB000458	SMTS01266
SMHB000458	SMTS01267
SMHB000458	SMTS01269
SMHB000458	SMTS01296
SMHB000458	SMTS01318
SMHB000458	SMTS01319
SMHB000458	SMTS01711
SMHB000458	SMTS01968
SMHB000458	SMTS02072
SMHB000458	SMTS02156
SMHB000458	SMTS02279
SMHB000459	SMTS00312
SMHB000459	SMTS00405
SMHB000459	SMTS00571
SMHB000459	SMTS00693
SMHB000459	SMTS00739
SMHB000459	SMTS00768
SMHB000459	SMTS00869
SMHB000459	SMTS00870
SMHB000459	SMTS00871
SMHB000459	SMTS00931
SMHB000459	SMTS00934
SMHB000459	SMTS00974
SMHB000459	SMTS01130
SMHB000460	SMTS00234
SMHB000460	SMTS00235
SMHB000460	SMTS00236
SMHB000460	SMTS00350
SMHB000460	SMTS00935
SMHB000460	SMTS01013
SMHB000460	SMTS01289
SMHB000460	SMTS01774
SMHB000460	SMTS01858
SMHB000460	SMTS02342
SMHB000461	SMTS00012
SMHB000461	SMTS00067
SMHB000461	SMTS00322
SMHB000461	SMTS00545
SMHB000461	SMTS00546
SMHB000461	SMTS00548
SMHB000461	SMTS00549
SMHB000461	SMTS00550
SMHB000461	SMTS00551
SMHB000461	SMTS00555
SMHB000461	SMTS00718
SMHB000461	SMTS00797
SMHB000461	SMTS00803
SMHB000461	SMTS00804
SMHB000461	SMTS00805
SMHB000461	SMTS00811
SMHB000461	SMTS00913
SMHB000461	SMTS01118
SMHB000461	SMTS01336
SMHB000461	SMTS01339
SMHB000461	SMTS01341
SMHB000461	SMTS01342
SMHB000461	SMTS01343
SMHB000461	SMTS01346
SMHB000461	SMTS01360
SMHB000461	SMTS01361
SMHB000461	SMTS01610
SMHB000461	SMTS01683
SMHB000461	SMTS01684
SMHB000461	SMTS02346
SMHB000462	SMTS00038
SMHB000462	SMTS00138
SMHB000462	SMTS00266
SMHB000462	SMTS00274
SMHB000462	SMTS00413
SMHB000462	SMTS00419
SMHB000462	SMTS00425
SMHB000462	SMTS00450
SMHB000462	SMTS00462
SMHB000462	SMTS00466
SMHB000462	SMTS00491
SMHB000462	SMTS00506
SMHB000462	SMTS00511
SMHB000462	SMTS00535
SMHB000462	SMTS00600
SMHB000462	SMTS00647
SMHB000462	SMTS00648
SMHB000462	SMTS00657
SMHB000462	SMTS00674
SMHB000462	SMTS00893
SMHB000462	SMTS00916
SMHB000462	SMTS00925
SMHB000462	SMTS00962
SMHB000462	SMTS01010
SMHB000462	SMTS01109
SMHB000462	SMTS01296
SMHB000462	SMTS01356
SMHB000462	SMTS01417
SMHB000462	SMTS01515
SMHB000462	SMTS01518
SMHB000462	SMTS01529
SMHB000462	SMTS01561
SMHB000462	SMTS01566
SMHB000462	SMTS01571
SMHB000462	SMTS01666
SMHB000462	SMTS01670
SMHB000462	SMTS01711
SMHB000462	SMTS01912
SMHB000463	SMTS00090
SMHB000463	SMTS00283
SMHB000463	SMTS00284
SMHB000463	SMTS00289
SMHB000463	SMTS00334
SMHB000463	SMTS00524
SMHB000463	SMTS00525
SMHB000463	SMTS00531
SMHB000463	SMTS00534
SMHB000463	SMTS00800
SMHB000463	SMTS00890
SMHB000463	SMTS00969
SMHB000463	SMTS00983
SMHB000463	SMTS01159
SMHB000463	SMTS01169
SMHB000463	SMTS01174
SMHB000463	SMTS01175
SMHB000463	SMTS01177
SMHB000463	SMTS01298
SMHB000463	SMTS01300
SMHB000463	SMTS01586
SMHB000464	SMTS00015
SMHB000464	SMTS00283
SMHB000464	SMTS00285
SMHB000464	SMTS00292
SMHB000464	SMTS00397
SMHB000464	SMTS00549
SMHB000464	SMTS00550
SMHB000464	SMTS00551
SMHB000464	SMTS00555
SMHB000464	SMTS00573
SMHB000464	SMTS00586
SMHB000464	SMTS00595
SMHB000464	SMTS00892
SMHB000464	SMTS00904
SMHB000464	SMTS00984
SMHB000464	SMTS01182
SMHB000464	SMTS01195
SMHB000464	SMTS01258
SMHB000464	SMTS01305
SMHB000464	SMTS01589
SMHB000464	SMTS01608
SMHB000464	SMTS01610
SMHB000465	SMTS00031
SMHB000465	SMTS00043
SMHB000465	SMTS00114
SMHB000465	SMTS00118
SMHB000465	SMTS00139
SMHB000465	SMTS00258
SMHB000465	SMTS00316
SMHB000465	SMTS00392
SMHB000465	SMTS00393
SMHB000465	SMTS00394
SMHB000465	SMTS00395
SMHB000465	SMTS00397
SMHB000465	SMTS00400
SMHB000465	SMTS00435
SMHB000465	SMTS00541
SMHB000465	SMTS00546
SMHB000465	SMTS00622
SMHB000465	SMTS00634
SMHB000465	SMTS00702
SMHB000465	SMTS00779
SMHB000465	SMTS00838
SMHB000465	SMTS00912
SMHB000465	SMTS01081
SMHB000465	SMTS01082
SMHB000465	SMTS01108
SMHB000465	SMTS01118
SMHB000465	SMTS01146
SMHB000465	SMTS01231
SMHB000465	SMTS01280
SMHB000465	SMTS01453
SMHB000465	SMTS01464
SMHB000465	SMTS01465
SMHB000465	SMTS01466
SMHB000465	SMTS01467
SMHB000465	SMTS01468
SMHB000465	SMTS01469
SMHB000465	SMTS01475
SMHB000465	SMTS01476
SMHB000465	SMTS01477
SMHB000465	SMTS01481
SMHB000465	SMTS01484
SMHB000465	SMTS01486
SMHB000465	SMTS01489
SMHB000465	SMTS01492
SMHB000465	SMTS01508
SMHB000465	SMTS01599
SMHB000465	SMTS01689
SMHB000465	SMTS01697
SMHB000465	SMTS01985
SMHB000465	SMTS02177
SMHB000466	SMTS00118
SMHB000466	SMTS00466
SMHB000466	SMTS00541
SMHB000466	SMTS00642
SMHB000466	SMTS00643
SMHB000466	SMTS00779
SMHB000466	SMTS00857
SMHB000466	SMTS00858
SMHB000466	SMTS00860
SMHB000466	SMTS00863
SMHB000466	SMTS00973
SMHB000466	SMTS01010
SMHB000466	SMTS01016
SMHB000466	SMTS01017
SMHB000466	SMTS01031
SMHB000466	SMTS01035
SMHB000466	SMTS01039
SMHB000466	SMTS01231
SMHB000466	SMTS01296
SMHB000466	SMTS01453
SMHB000466	SMTS01593
SMHB000466	SMTS01599
SMHB000466	SMTS01687
SMHB000466	SMTS01689
SMHB000466	SMTS01711
SMHB000466	SMTS01733
SMHB000466	SMTS01779
SMHB000466	SMTS01968
SMHB000466	SMTS02065
SMHB000467	SMTS00213
SMHB000467	SMTS00626
SMHB000467	SMTS00729
SMHB000467	SMTS00768
SMHB000467	SMTS00858
SMHB000467	SMTS00931
SMHB000467	SMTS01275
SMHB000467	SMTS01662
SMHB000467	SMTS02197
SMHB000467	SMTS02198
SMHB000467	SMTS02348
SMHB000468	SMTS00213
SMHB000468	SMTS00549
SMHB000468	SMTS00550
SMHB000468	SMTS00551
SMHB000468	SMTS00555
SMHB000468	SMTS00562
SMHB000468	SMTS00563
SMHB000468	SMTS00564
SMHB000468	SMTS00569
SMHB000468	SMTS00577
SMHB000468	SMTS00578
SMHB000468	SMTS00579
SMHB000468	SMTS01189
SMHB000468	SMTS01260
SMHB000468	SMTS01470
SMHB000468	SMTS01472
SMHB000468	SMTS01478
SMHB000468	SMTS01479
SMHB000468	SMTS01493
SMHB000468	SMTS01635
SMHB000468	SMTS01698
SMHB000469	SMTS00139
SMHB000469	SMTS00187
SMHB000469	SMTS00233
SMHB000469	SMTS00280
SMHB000469	SMTS00319
SMHB000469	SMTS00405
SMHB000469	SMTS00437
SMHB000469	SMTS00470
SMHB000469	SMTS00473
SMHB000469	SMTS00486
SMHB000469	SMTS00501
SMHB000469	SMTS00597
SMHB000469	SMTS00599
SMHB000469	SMTS00600
SMHB000469	SMTS00620
SMHB000469	SMTS00621
SMHB000469	SMTS00651
SMHB000469	SMTS00721
SMHB000469	SMTS00727
SMHB000469	SMTS00735
SMHB000469	SMTS00743
SMHB000469	SMTS00744
SMHB000469	SMTS00752
SMHB000469	SMTS00768
SMHB000469	SMTS00833
SMHB000469	SMTS00849
SMHB000469	SMTS00851
SMHB000469	SMTS00859
SMHB000469	SMTS00923
SMHB000469	SMTS00931
SMHB000469	SMTS00944
SMHB000469	SMTS00949
SMHB000469	SMTS00955
SMHB000469	SMTS00956
SMHB000469	SMTS00959
SMHB000469	SMTS00960
SMHB000469	SMTS00961
SMHB000469	SMTS00983
SMHB000469	SMTS01024
SMHB000469	SMTS01110
SMHB000469	SMTS01116
SMHB000469	SMTS01147
SMHB000469	SMTS01152
SMHB000469	SMTS01241
SMHB000469	SMTS01311
SMHB000469	SMTS01312
SMHB000469	SMTS01314
SMHB000469	SMTS01315
SMHB000469	SMTS01336
SMHB000469	SMTS01341
SMHB000469	SMTS01342
SMHB000469	SMTS01343
SMHB000469	SMTS01346
SMHB000469	SMTS01360
SMHB000469	SMTS01361
SMHB000469	SMTS01365
SMHB000469	SMTS01388
SMHB000469	SMTS01392
SMHB000469	SMTS01397
SMHB000469	SMTS01400
SMHB000469	SMTS01405
SMHB000469	SMTS01406
SMHB000469	SMTS01411
SMHB000469	SMTS01416
SMHB000469	SMTS01446
SMHB000469	SMTS01447
SMHB000469	SMTS01455
SMHB000469	SMTS01586
SMHB000469	SMTS01592
SMHB000469	SMTS01642
SMHB000470	SMTS00015
SMHB000470	SMTS00045
SMHB000470	SMTS00283
SMHB000470	SMTS00285
SMHB000470	SMTS00292
SMHB000470	SMTS00452
SMHB000470	SMTS00762
SMHB000470	SMTS00892
SMHB000470	SMTS00893
SMHB000470	SMTS00984
SMHB000470	SMTS01027
SMHB000470	SMTS01182
SMHB000470	SMTS01195
SMHB000470	SMTS01265
SMHB000470	SMTS01266
SMHB000470	SMTS01267
SMHB000470	SMTS01269
SMHB000470	SMTS01305
SMHB000471	SMTS00280
SMHB000471	SMTS00470
SMHB000471	SMTS00473
SMHB000471	SMTS00620
SMHB000471	SMTS00621
SMHB000471	SMTS00762
SMHB000471	SMTS00983
SMHB000471	SMTS01069
SMHB000471	SMTS01110
SMHB000471	SMTS01116
SMHB000471	SMTS01187
SMHB000471	SMTS01241
SMHB000471	SMTS01265
SMHB000471	SMTS01266
SMHB000471	SMTS01267
SMHB000471	SMTS01269
SMHB000471	SMTS01311
SMHB000471	SMTS01312
SMHB000471	SMTS01314
SMHB000471	SMTS01315
SMHB000471	SMTS01317
SMHB000471	SMTS01586
SMHB000471	SMTS01642
SMHB000471	SMTS02046
SMHB000471	SMTS02054
SMHB000472	SMTS00229
SMHB000472	SMTS00296
SMHB000472	SMTS00430
SMHB000472	SMTS00457
SMHB000472	SMTS00545
SMHB000472	SMTS00546
SMHB000472	SMTS00548
SMHB000472	SMTS00549
SMHB000472	SMTS00550
SMHB000472	SMTS00551
SMHB000472	SMTS00555
SMHB000472	SMTS00718
SMHB000472	SMTS00803
SMHB000472	SMTS00804
SMHB000472	SMTS00805
SMHB000472	SMTS00811
SMHB000472	SMTS00812
SMHB000472	SMTS01014
SMHB000472	SMTS01027
SMHB000472	SMTS01088
SMHB000472	SMTS01118
SMHB000472	SMTS01367
SMHB000472	SMTS01599
SMHB000472	SMTS01641
SMHB000472	SMTS01690
SMHB000472	SMTS01717
SMHB000472	SMTS01739
SMHB000472	SMTS01771
SMHB000472	SMTS01943
SMHB000472	SMTS02013
SMHB000472	SMTS02109
SMHB000472	SMTS02203
SMHB000472	SMTS02235
SMHB000473	SMTS00060
SMHB000473	SMTS00065
SMHB000473	SMTS00706
SMHB000473	SMTS00709
SMHB000473	SMTS00996
SMHB000473	SMTS01230
SMHB000473	SMTS01288
SMHB000473	SMTS01514
SMHB000473	SMTS01589
SMHB000473	SMTS01902
SMHB000474	SMTS00036
SMHB000474	SMTS00280
SMHB000474	SMTS00473
SMHB000474	SMTS00474
SMHB000474	SMTS00620
SMHB000474	SMTS00621
SMHB000474	SMTS00983
SMHB000474	SMTS01110
SMHB000474	SMTS01116
SMHB000474	SMTS01175
SMHB000474	SMTS01241
SMHB000474	SMTS01311
SMHB000474	SMTS01312
SMHB000474	SMTS01314
SMHB000474	SMTS01315
SMHB000474	SMTS01365
SMHB000474	SMTS01392
SMHB000474	SMTS01405
SMHB000474	SMTS01406
SMHB000474	SMTS01407
SMHB000474	SMTS01410
SMHB000474	SMTS01411
SMHB000474	SMTS01413
SMHB000474	SMTS01586
SMHB000474	SMTS01606
SMHB000474	SMTS01608
SMHB000474	SMTS01610
SMHB000474	SMTS01616
SMHB000474	SMTS01618
SMHB000474	SMTS01620
SMHB000474	SMTS01621
SMHB000474	SMTS01622
SMHB000474	SMTS01623
SMHB000474	SMTS01642
SMHB000475	SMTS00065
SMHB000475	SMTS00068
SMHB000475	SMTS00240
SMHB000475	SMTS00405
SMHB000475	SMTS00542
SMHB000475	SMTS00543
SMHB000475	SMTS00620
SMHB000475	SMTS00621
SMHB000475	SMTS00706
SMHB000475	SMTS00709
SMHB000475	SMTS00710
SMHB000475	SMTS00760
SMHB000475	SMTS00768
SMHB000475	SMTS00789
SMHB000475	SMTS00790
SMHB000475	SMTS00829
SMHB000475	SMTS00931
SMHB000475	SMTS00932
SMHB000475	SMTS00977
SMHB000475	SMTS00983
SMHB000475	SMTS00996
SMHB000475	SMTS01097
SMHB000475	SMTS01210
SMHB000475	SMTS01211
SMHB000475	SMTS01311
SMHB000475	SMTS01312
SMHB000475	SMTS01314
SMHB000475	SMTS01315
SMHB000475	SMTS01316
SMHB000475	SMTS01514
SMHB000475	SMTS01586
SMHB000475	SMTS01661
SMHB000475	SMTS01693
SMHB000476	SMTS00042
SMHB000476	SMTS00044
SMHB000476	SMTS00089
SMHB000476	SMTS00146
SMHB000476	SMTS00152
SMHB000476	SMTS00153
SMHB000476	SMTS00154
SMHB000476	SMTS00155
SMHB000476	SMTS01246
SMHB000476	SMTS01686
SMHB000476	SMTS02003
SMHB000476	SMTS02048
SMHB000476	SMTS02052
SMHB000476	SMTS02159
SMHB000477	SMTS00450
SMHB000477	SMTS00746
SMHB000477	SMTS01574
SMHB000477	SMTS01593
SMHB000477	SMTS01594
SMHB000477	SMTS02010
SMHB000477	SMTS02034
SMHB000477	SMTS02037
SMHB000477	SMTS02074
SMHB000477	SMTS02355
SMHB000478	SMTS00075
SMHB000478	SMTS00082
SMHB000478	SMTS00085
SMHB000478	SMTS00096
SMHB000478	SMTS00102
SMHB000478	SMTS00280
SMHB000478	SMTS00283
SMHB000478	SMTS00284
SMHB000478	SMTS00287
SMHB000478	SMTS00288
SMHB000478	SMTS00289
SMHB000478	SMTS00296
SMHB000478	SMTS00470
SMHB000478	SMTS00473
SMHB000478	SMTS00474
SMHB000478	SMTS00800
SMHB000478	SMTS00926
SMHB000478	SMTS00983
SMHB000478	SMTS01027
SMHB000478	SMTS01110
SMHB000478	SMTS01116
SMHB000478	SMTS01119
SMHB000478	SMTS01139
SMHB000478	SMTS01298
SMHB000478	SMTS01350
SMHB000478	SMTS01586
SMHB000478	SMTS01599
SMHB000478	SMTS01608
SMHB000478	SMTS01610
SMHB000478	SMTS01616
SMHB000478	SMTS01618
SMHB000478	SMTS01620
SMHB000478	SMTS01621
SMHB000478	SMTS01622
SMHB000478	SMTS01623
SMHB000478	SMTS01686
SMHB000478	SMTS01717
SMHB000478	SMTS01748
SMHB000478	SMTS01749
SMHB000478	SMTS02023
SMHB000479	SMTS00546
SMHB000479	SMTS01027
SMHB000479	SMTS01118
SMHB000479	SMTS01940
SMHB000479	SMTS02007
SMHB000479	SMTS02059
SMHB000479	SMTS02130
SMHB000479	SMTS02248
SMHB000479	SMTS02344
SMHB000480	SMTS00095
SMHB000480	SMTS00322
SMHB000480	SMTS00379
SMHB000480	SMTS00382
SMHB000480	SMTS00501
SMHB000480	SMTS00569
SMHB000480	SMTS00682
SMHB000480	SMTS00739
SMHB000480	SMTS00762
SMHB000480	SMTS00793
SMHB000480	SMTS00839
SMHB000480	SMTS00873
SMHB000480	SMTS00906
SMHB000480	SMTS00955
SMHB000480	SMTS00965
SMHB000480	SMTS00966
SMHB000480	SMTS00967
SMHB000480	SMTS01014
SMHB000480	SMTS01027
SMHB000480	SMTS01049
SMHB000480	SMTS01088
SMHB000480	SMTS01109
SMHB000480	SMTS01265
SMHB000480	SMTS01266
SMHB000480	SMTS01267
SMHB000480	SMTS01269
SMHB000480	SMTS01280
SMHB000480	SMTS01283
SMHB000480	SMTS01284
SMHB000480	SMTS01318
SMHB000480	SMTS01319
SMHB000480	SMTS01349
SMHB000480	SMTS01416
SMHB000480	SMTS01439
SMHB000480	SMTS01526
SMHB000480	SMTS01624
SMHB000480	SMTS01625
SMHB000480	SMTS01626
SMHB000480	SMTS01641
SMHB000480	SMTS01690
SMHB000480	SMTS01717
SMHB000480	SMTS01943
SMHB000480	SMTS01985
SMHB000480	SMTS02346
SMHB000481	SMTS00118
SMHB000481	SMTS00258
SMHB000481	SMTS00506
SMHB000481	SMTS00549
SMHB000481	SMTS00550
SMHB000481	SMTS00551
SMHB000481	SMTS00555
SMHB000481	SMTS00617
SMHB000481	SMTS00619
SMHB000481	SMTS00642
SMHB000481	SMTS00783
SMHB000481	SMTS00857
SMHB000481	SMTS00858
SMHB000481	SMTS00965
SMHB000481	SMTS00966
SMHB000481	SMTS00967
SMHB000481	SMTS00969
SMHB000481	SMTS01494
SMHB000482	SMTS00045
SMHB000482	SMTS00093
SMHB000482	SMTS00213
SMHB000482	SMTS00242
SMHB000482	SMTS00317
SMHB000482	SMTS00318
SMHB000482	SMTS00323
SMHB000482	SMTS00324
SMHB000482	SMTS00390
SMHB000482	SMTS00450
SMHB000482	SMTS00969
SMHB000482	SMTS01113
SMHB000482	SMTS01236
SMHB000482	SMTS01260
SMHB000482	SMTS01566
SMHB000482	SMTS01571
SMHB000482	SMTS01816
SMHB000482	SMTS02342
SMHB000482	SMTS02343
SMHB000483	SMTS00016
SMHB000483	SMTS00045
SMHB000483	SMTS00094
SMHB000483	SMTS00128
SMHB000483	SMTS00149
SMHB000483	SMTS00157
SMHB000483	SMTS00163
SMHB000483	SMTS00180
SMHB000483	SMTS00400
SMHB000483	SMTS00404
SMHB000483	SMTS00405
SMHB000483	SMTS00414
SMHB000483	SMTS00451
SMHB000483	SMTS00482
SMHB000483	SMTS00541
SMHB000483	SMTS00571
SMHB000483	SMTS00587
SMHB000483	SMTS00624
SMHB000483	SMTS00625
SMHB000483	SMTS00626
SMHB000483	SMTS00652
SMHB000483	SMTS00656
SMHB000483	SMTS00668
SMHB000483	SMTS00670
SMHB000483	SMTS00688
SMHB000483	SMTS00692
SMHB000483	SMTS00693
SMHB000483	SMTS00745
SMHB000483	SMTS00752
SMHB000483	SMTS00768
SMHB000483	SMTS00779
SMHB000483	SMTS00840
SMHB000483	SMTS00867
SMHB000483	SMTS00873
SMHB000483	SMTS00915
SMHB000483	SMTS00931
SMHB000483	SMTS00934
SMHB000483	SMTS00977
SMHB000483	SMTS01029
SMHB000483	SMTS01049
SMHB000483	SMTS01050
SMHB000483	SMTS01147
SMHB000483	SMTS01152
SMHB000483	SMTS01160
SMHB000483	SMTS01231
SMHB000483	SMTS01283
SMHB000483	SMTS01284
SMHB000483	SMTS01324
SMHB000483	SMTS01326
SMHB000483	SMTS01439
SMHB000483	SMTS01446
SMHB000483	SMTS01447
SMHB000483	SMTS01453
SMHB000483	SMTS01461
SMHB000483	SMTS01462
SMHB000483	SMTS01484
SMHB000483	SMTS01485
SMHB000483	SMTS01502
SMHB000483	SMTS01513
SMHB000483	SMTS01687
SMHB000483	SMTS01689
SMHB000483	SMTS01911
SMHB000483	SMTS02100
SMHB000483	SMTS02102
SMHB000484	SMTS00068
SMHB000484	SMTS00069
SMHB000484	SMTS00229
SMHB000484	SMTS00253
SMHB000484	SMTS00756
SMHB000484	SMTS00757
SMHB000484	SMTS01210
SMHB000484	SMTS01211
SMHB000484	SMTS01739
SMHB000484	SMTS02292
SMHB000485	SMTS00060
SMHB000485	SMTS00255
SMHB000485	SMTS00312
SMHB000485	SMTS00437
SMHB000485	SMTS00501
SMHB000485	SMTS00591
SMHB000485	SMTS00645
SMHB000485	SMTS00652
SMHB000485	SMTS00655
SMHB000485	SMTS00783
SMHB000485	SMTS00893
SMHB000485	SMTS00917
SMHB000485	SMTS00924
SMHB000485	SMTS00998
SMHB000485	SMTS01088
SMHB000485	SMTS01113
SMHB000485	SMTS01117
SMHB000485	SMTS01241
SMHB000485	SMTS01403
SMHB000485	SMTS01416
SMHB000485	SMTS01502
SMHB000485	SMTS01628
SMHB000485	SMTS01641
SMHB000485	SMTS02193
SMHB000486	SMTS00045
SMHB000486	SMTS00062
SMHB000486	SMTS00143
SMHB000486	SMTS00144
SMHB000486	SMTS00146
SMHB000486	SMTS00147
SMHB000486	SMTS00156
SMHB000486	SMTS00157
SMHB000486	SMTS00162
SMHB000486	SMTS00180
SMHB000486	SMTS00292
SMHB000486	SMTS00431
SMHB000486	SMTS00437
SMHB000486	SMTS00614
SMHB000486	SMTS00615
SMHB000486	SMTS00693
SMHB000486	SMTS00793
SMHB000486	SMTS00794
SMHB000486	SMTS00893
SMHB000486	SMTS00934
SMHB000486	SMTS01180
SMHB000486	SMTS01219
SMHB000486	SMTS01227
SMHB000486	SMTS01241
SMHB000486	SMTS01321
SMHB000486	SMTS01322
SMHB000486	SMTS01360
SMHB000486	SMTS01361
SMHB000486	SMTS01413
SMHB000486	SMTS01628
SMHB000486	SMTS01642
SMHB000486	SMTS01786
SMHB000486	SMTS01948
SMHB000486	SMTS02131
SMHB000487	SMTS00035
SMHB000487	SMTS00038
SMHB000487	SMTS00191
SMHB000487	SMTS00230
SMHB000487	SMTS00235
SMHB000487	SMTS00236
SMHB000487	SMTS00239
SMHB000487	SMTS00266
SMHB000487	SMTS00274
SMHB000487	SMTS00419
SMHB000487	SMTS00425
SMHB000487	SMTS00866
SMHB000487	SMTS00935
SMHB000487	SMTS01013
SMHB000487	SMTS01289
SMHB000487	SMTS02269
SMHB000487	SMTS02270
SMHB000488	SMTS00172
SMHB000488	SMTS00174
SMHB000488	SMTS00379
SMHB000488	SMTS00571
SMHB000488	SMTS00627
SMHB000488	SMTS00762
SMHB000488	SMTS01027
SMHB000488	SMTS01265
SMHB000488	SMTS01266
SMHB000488	SMTS01267
SMHB000488	SMTS01269
SMHB000488	SMTS01277
SMHB000488	SMTS01318
SMHB000488	SMTS01319
SMHB000489	SMTS00042
SMHB000489	SMTS00044
SMHB000489	SMTS00059
SMHB000489	SMTS00109
SMHB000489	SMTS00114
SMHB000489	SMTS00146
SMHB000489	SMTS00152
SMHB000489	SMTS00153
SMHB000489	SMTS00154
SMHB000489	SMTS00155
SMHB000489	SMTS00171
SMHB000489	SMTS00187
SMHB000489	SMTS00329
SMHB000489	SMTS00330
SMHB000489	SMTS00331
SMHB000489	SMTS00333
SMHB000489	SMTS00335
SMHB000489	SMTS00336
SMHB000489	SMTS00393
SMHB000489	SMTS00409
SMHB000489	SMTS00435
SMHB000489	SMTS00546
SMHB000489	SMTS00560
SMHB000489	SMTS00576
SMHB000489	SMTS00591
SMHB000489	SMTS00617
SMHB000489	SMTS00619
SMHB000489	SMTS01023
SMHB000489	SMTS01056
SMHB000489	SMTS01057
SMHB000489	SMTS01062
SMHB000489	SMTS01085
SMHB000489	SMTS01118
SMHB000489	SMTS01148
SMHB000489	SMTS01149
SMHB000489	SMTS01480
SMHB000489	SMTS01599
SMHB000489	SMTS01683
SMHB000489	SMTS01684
SMHB000489	SMTS01765
SMHB000489	SMTS01928
SMHB000490	SMTS00035
SMHB000490	SMTS00254
SMHB000490	SMTS00330
SMHB000490	SMTS00338
SMHB000490	SMTS00549
SMHB000490	SMTS00550
SMHB000490	SMTS00551
SMHB000490	SMTS00552
SMHB000490	SMTS00553
SMHB000490	SMTS00555
SMHB000490	SMTS00558
SMHB000490	SMTS00604
SMHB000490	SMTS00866
SMHB000490	SMTS00940
SMHB000490	SMTS00941
SMHB000490	SMTS01063
SMHB000490	SMTS01065
SMHB000490	SMTS01066
SMHB000490	SMTS01067
SMHB000490	SMTS01068
SMHB000490	SMTS01085
SMHB000490	SMTS01100
SMHB000490	SMTS02284
SMHB000491	SMTS00188
SMHB000491	SMTS00549
SMHB000491	SMTS00882
SMHB000491	SMTS01066
SMHB000491	SMTS01067
SMHB000491	SMTS01068
SMHB000491	SMTS01070
SMHB000491	SMTS01073
SMHB000491	SMTS01085
SMHB000491	SMTS01455
SMHB000491	SMTS01684
SMHB000491	SMTS01696
SMHB000491	SMTS01701
SMHB000491	SMTS01727
SMHB000491	SMTS01810
SMHB000491	SMTS01987
SMHB000491	SMTS02108
SMHB000491	SMTS02175
SMHB000492	SMTS00104
SMHB000492	SMTS01052
SMHB000492	SMTS01053
SMHB000492	SMTS01139
SMHB000492	SMTS01446
SMHB000492	SMTS01845
SMHB000492	SMTS02033
SMHB000492	SMTS02254
SMHB000492	SMTS02268
SMHB000492	SMTS02271
SMHB000492	SMTS02272
SMHB000492	SMTS02273
SMHB000492	SMTS02274
SMHB000492	SMTS02275
SMHB000492	SMTS02276
SMHB000493	SMTS00010
SMHB000493	SMTS00011
SMHB000493	SMTS00124
SMHB000493	SMTS00126
SMHB000493	SMTS00128
SMHB000493	SMTS00184
SMHB000493	SMTS00389
SMHB000493	SMTS00404
SMHB000493	SMTS00582
SMHB000493	SMTS00650
SMHB000493	SMTS00773
SMHB000493	SMTS00776
SMHB000493	SMTS00778
SMHB000493	SMTS00780
SMHB000493	SMTS00781
SMHB000493	SMTS00784
SMHB000493	SMTS00822
SMHB000493	SMTS00824
SMHB000493	SMTS00901
SMHB000493	SMTS00906
SMHB000493	SMTS00919
SMHB000493	SMTS00920
SMHB000493	SMTS00921
SMHB000493	SMTS00927
SMHB000493	SMTS00976
SMHB000493	SMTS00978
SMHB000493	SMTS01160
SMHB000493	SMTS01501
SMHB000493	SMTS01607
SMHB000493	SMTS01918
SMHB000493	SMTS01941
SMHB000493	SMTS02026
SMHB000494	SMTS00121
SMHB000494	SMTS00134
SMHB000494	SMTS00178
SMHB000494	SMTS00184
SMHB000494	SMTS00202
SMHB000494	SMTS00203
SMHB000494	SMTS00693
SMHB000494	SMTS00736
SMHB000494	SMTS00934
SMHB000494	SMTS00963
SMHB000494	SMTS01593
SMHB000494	SMTS01686
SMHB000494	SMTS01779
SMHB000494	SMTS01998
SMHB000495	SMTS00109
SMHB000495	SMTS00110
SMHB000495	SMTS00111
SMHB000495	SMTS00115
SMHB000495	SMTS00231
SMHB000495	SMTS00329
SMHB000495	SMTS00330
SMHB000495	SMTS00332
SMHB000495	SMTS00333
SMHB000495	SMTS00335
SMHB000495	SMTS00336
SMHB000495	SMTS00406
SMHB000495	SMTS00549
SMHB000495	SMTS00550
SMHB000495	SMTS00551
SMHB000495	SMTS00552
SMHB000495	SMTS00553
SMHB000495	SMTS00554
SMHB000495	SMTS00555
SMHB000495	SMTS00557
SMHB000495	SMTS00559
SMHB000495	SMTS00805
SMHB000495	SMTS01056
SMHB000495	SMTS01057
SMHB000495	SMTS01059
SMHB000495	SMTS01060
SMHB000495	SMTS01061
SMHB000495	SMTS01063
SMHB000495	SMTS01065
SMHB000495	SMTS01066
SMHB000495	SMTS01067
SMHB000495	SMTS01068
SMHB000495	SMTS01070
SMHB000495	SMTS01071
SMHB000495	SMTS01072
SMHB000495	SMTS01073
SMHB000495	SMTS01081
SMHB000495	SMTS01082
SMHB000495	SMTS01085
SMHB000495	SMTS01093
SMHB000495	SMTS01148
SMHB000495	SMTS01149
SMHB000496	SMTS00068
SMHB000496	SMTS00069
SMHB000496	SMTS00218
SMHB000496	SMTS00253
SMHB000496	SMTS00306
SMHB000496	SMTS00339
SMHB000496	SMTS00381
SMHB000496	SMTS00549
SMHB000496	SMTS00550
SMHB000496	SMTS00551
SMHB000496	SMTS00555
SMHB000496	SMTS00753
SMHB000496	SMTS00756
SMHB000496	SMTS00757
SMHB000496	SMTS00845
SMHB000496	SMTS01210
SMHB000496	SMTS01211
SMHB000496	SMTS01288
SMHB000496	SMTS01612
SMHB000496	SMTS02264
SMHB000496	SMTS02349
SMHB000497	SMTS00019
SMHB000497	SMTS00045
SMHB000497	SMTS00399
SMHB000497	SMTS00548
SMHB000497	SMTS00549
SMHB000497	SMTS00550
SMHB000497	SMTS00551
SMHB000497	SMTS00555
SMHB000497	SMTS00718
SMHB000497	SMTS00803
SMHB000497	SMTS00804
SMHB000497	SMTS00805
SMHB000497	SMTS00811
SMHB000498	SMTS00109
SMHB000498	SMTS00114
SMHB000498	SMTS00524
SMHB000498	SMTS00525
SMHB000498	SMTS00529
SMHB000498	SMTS00530
SMHB000498	SMTS00546
SMHB000498	SMTS00549
SMHB000498	SMTS00550
SMHB000498	SMTS00551
SMHB000498	SMTS00555
SMHB000498	SMTS00558
SMHB000498	SMTS00561
SMHB000498	SMTS00602
SMHB000498	SMTS00969
SMHB000498	SMTS01063
SMHB000498	SMTS01066
SMHB000498	SMTS01067
SMHB000498	SMTS01068
SMHB000498	SMTS01085
SMHB000498	SMTS01118
SMHB000498	SMTS01919
SMHB000498	SMTS01920
SMHB000499	SMTS00021
SMHB000499	SMTS00022
SMHB000499	SMTS00024
SMHB000499	SMTS00028
SMHB000499	SMTS00030
SMHB000499	SMTS00043
SMHB000499	SMTS00067
SMHB000499	SMTS00090
SMHB000499	SMTS00092
SMHB000499	SMTS00141
SMHB000499	SMTS00213
SMHB000499	SMTS00219
SMHB000499	SMTS00232
SMHB000499	SMTS00234
SMHB000499	SMTS00235
SMHB000499	SMTS00236
SMHB000499	SMTS00242
SMHB000499	SMTS00265
SMHB000499	SMTS00288
SMHB000499	SMTS00306
SMHB000499	SMTS00316
SMHB000499	SMTS00329
SMHB000499	SMTS00335
SMHB000499	SMTS00379
SMHB000499	SMTS00413
SMHB000499	SMTS00437
SMHB000499	SMTS00449
SMHB000499	SMTS00501
SMHB000499	SMTS00512
SMHB000499	SMTS00513
SMHB000499	SMTS00514
SMHB000499	SMTS00515
SMHB000499	SMTS00516
SMHB000499	SMTS00517
SMHB000499	SMTS00518
SMHB000499	SMTS00549
SMHB000499	SMTS00562
SMHB000499	SMTS00563
SMHB000499	SMTS00564
SMHB000499	SMTS00577
SMHB000499	SMTS00578
SMHB000499	SMTS00579
SMHB000499	SMTS00600
SMHB000499	SMTS00615
SMHB000499	SMTS00638
SMHB000499	SMTS00650
SMHB000499	SMTS00657
SMHB000499	SMTS00712
SMHB000499	SMTS00797
SMHB000499	SMTS00816
SMHB000499	SMTS00817
SMHB000499	SMTS00823
SMHB000499	SMTS00838
SMHB000499	SMTS00879
SMHB000499	SMTS00893
SMHB000499	SMTS00903
SMHB000499	SMTS00916
SMHB000499	SMTS00922
SMHB000499	SMTS00925
SMHB000499	SMTS00935
SMHB000499	SMTS00942
SMHB000499	SMTS00950
SMHB000499	SMTS00951
SMHB000499	SMTS00962
SMHB000499	SMTS01013
SMHB000499	SMTS01050
SMHB000499	SMTS01085
SMHB000499	SMTS01121
SMHB000499	SMTS01122
SMHB000499	SMTS01125
SMHB000499	SMTS01126
SMHB000499	SMTS01127
SMHB000499	SMTS01132
SMHB000499	SMTS01133
SMHB000499	SMTS01134
SMHB000499	SMTS01135
SMHB000499	SMTS01189
SMHB000499	SMTS01230
SMHB000499	SMTS01243
SMHB000499	SMTS01254
SMHB000499	SMTS01255
SMHB000499	SMTS01256
SMHB000499	SMTS01257
SMHB000499	SMTS01260
SMHB000499	SMTS01289
SMHB000499	SMTS01318
SMHB000499	SMTS01319
SMHB000499	SMTS01336
SMHB000499	SMTS01341
SMHB000499	SMTS01342
SMHB000499	SMTS01343
SMHB000499	SMTS01346
SMHB000499	SMTS01360
SMHB000499	SMTS01361
SMHB000499	SMTS01416
SMHB000499	SMTS01417
SMHB000499	SMTS01439
SMHB000499	SMTS01441
SMHB000499	SMTS01483
SMHB000499	SMTS01491
SMHB000499	SMTS01520
SMHB000499	SMTS01566
SMHB000499	SMTS01603
SMHB000499	SMTS01624
SMHB000499	SMTS01625
SMHB000499	SMTS01626
SMHB000499	SMTS01659
SMHB000499	SMTS01683
SMHB000499	SMTS01684
SMHB000499	SMTS01697
SMHB000500	SMTS00141
SMHB000500	SMTS00205
SMHB000500	SMTS00394
SMHB000500	SMTS00395
SMHB000500	SMTS00397
SMHB000500	SMTS00400
SMHB000500	SMTS00435
SMHB000500	SMTS00501
SMHB000500	SMTS00541
SMHB000500	SMTS00565
SMHB000500	SMTS00568
SMHB000500	SMTS00581
SMHB000500	SMTS00583
SMHB000500	SMTS00584
SMHB000500	SMTS00585
SMHB000500	SMTS00587
SMHB000500	SMTS00590
SMHB000500	SMTS00591
SMHB000500	SMTS00617
SMHB000500	SMTS00619
SMHB000500	SMTS00765
SMHB000500	SMTS00779
SMHB000500	SMTS00874
SMHB000500	SMTS00906
SMHB000500	SMTS00910
SMHB000500	SMTS00915
SMHB000500	SMTS00944
SMHB000500	SMTS00945
SMHB000500	SMTS00956
SMHB000500	SMTS00959
SMHB000500	SMTS00960
SMHB000500	SMTS00961
SMHB000500	SMTS00972
SMHB000500	SMTS01025
SMHB000500	SMTS01082
SMHB000500	SMTS01231
SMHB000500	SMTS01292
SMHB000500	SMTS01293
SMHB000500	SMTS01416
SMHB000500	SMTS01453
SMHB000500	SMTS01465
SMHB000500	SMTS01466
SMHB000500	SMTS01467
SMHB000500	SMTS01468
SMHB000500	SMTS01469
SMHB000500	SMTS01476
SMHB000500	SMTS01477
SMHB000500	SMTS01481
SMHB000500	SMTS01484
SMHB000500	SMTS01485
SMHB000500	SMTS01486
SMHB000500	SMTS01492
SMHB000500	SMTS01506
SMHB000500	SMTS01599
SMHB000500	SMTS01639
SMHB000500	SMTS01689
SMHB000500	SMTS01722
SMHB000500	SMTS01853
SMHB000500	SMTS02002
SMHB000501	SMTS00104
SMHB000501	SMTS00196
SMHB000501	SMTS00266
SMHB000501	SMTS00274
SMHB000501	SMTS00419
SMHB000501	SMTS00425
SMHB000501	SMTS00541
SMHB000501	SMTS00779
SMHB000501	SMTS00815
SMHB000501	SMTS00828
SMHB000501	SMTS01199
SMHB000501	SMTS01204
SMHB000501	SMTS01206
SMHB000501	SMTS01207
SMHB000501	SMTS01231
SMHB000501	SMTS01453
SMHB000501	SMTS01457
SMHB000501	SMTS01586
SMHB000501	SMTS01689
SMHB000501	SMTS02254
SMHB000502	SMTS00298
SMHB000502	SMTS00299
SMHB000502	SMTS00301
SMHB000502	SMTS00407
SMHB000502	SMTS00815
SMHB000502	SMTS01199
SMHB000502	SMTS01206
SMHB000502	SMTS01207
SMHB000502	SMTS01239
SMHB000502	SMTS01241
SMHB000502	SMTS01515
SMHB000502	SMTS01520
SMHB000502	SMTS01521
SMHB000502	SMTS01524
SMHB000502	SMTS01525
SMHB000502	SMTS01526
SMHB000502	SMTS01530
SMHB000502	SMTS01531
SMHB000502	SMTS01532
SMHB000502	SMTS01534
SMHB000502	SMTS01543
SMHB000502	SMTS01586
SMHB000502	SMTS01642
SMHB000502	SMTS02150
SMHB000502	SMTS02242
SMHB000502	SMTS02243
SMHB000503	SMTS00016
SMHB000503	SMTS00118
SMHB000503	SMTS00225
SMHB000503	SMTS00227
SMHB000503	SMTS00405
SMHB000503	SMTS00688
SMHB000503	SMTS00768
SMHB000503	SMTS00776
SMHB000503	SMTS00931
SMHB000503	SMTS00977
SMHB000503	SMTS00978
SMHB000503	SMTS01321
SMHB000503	SMTS01489
SMHB000503	SMTS01599
SMHB000503	SMTS02138
SMHB000504	SMTS00023
SMHB000504	SMTS00283
SMHB000504	SMTS00284
SMHB000504	SMTS00288
SMHB000504	SMTS00289
SMHB000504	SMTS00340
SMHB000504	SMTS00493
SMHB000504	SMTS00752
SMHB000504	SMTS00793
SMHB000504	SMTS00800
SMHB000504	SMTS00903
SMHB000504	SMTS00983
SMHB000504	SMTS01147
SMHB000504	SMTS01150
SMHB000504	SMTS01151
SMHB000504	SMTS01152
SMHB000504	SMTS01240
SMHB000504	SMTS01298
SMHB000504	SMTS01351
SMHB000504	SMTS01518
SMHB000504	SMTS01586
SMHB000504	SMTS01822
SMHB000504	SMTS01867
SMHB000504	SMTS01972
SMHB000505	SMTS00281
SMHB000505	SMTS00283
SMHB000505	SMTS00284
SMHB000505	SMTS00288
SMHB000505	SMTS00289
SMHB000505	SMTS00430
SMHB000505	SMTS00470
SMHB000505	SMTS00800
SMHB000505	SMTS00983
SMHB000505	SMTS01110
SMHB000505	SMTS01298
SMHB000505	SMTS01586
SMHB000505	SMTS01608
SMHB000505	SMTS01610
SMHB000505	SMTS01645
SMHB000505	SMTS01646
SMHB000505	SMTS01647
SMHB000505	SMTS01649
SMHB000505	SMTS02110
SMHB000506	SMTS00015
SMHB000506	SMTS00068
SMHB000506	SMTS00069
SMHB000506	SMTS00071
SMHB000506	SMTS00072
SMHB000506	SMTS00253
SMHB000506	SMTS00283
SMHB000506	SMTS00284
SMHB000506	SMTS00285
SMHB000506	SMTS00289
SMHB000506	SMTS00620
SMHB000506	SMTS00621
SMHB000506	SMTS00755
SMHB000506	SMTS00756
SMHB000506	SMTS00757
SMHB000506	SMTS00800
SMHB000506	SMTS00892
SMHB000506	SMTS00983
SMHB000506	SMTS00984
SMHB000506	SMTS01051
SMHB000506	SMTS01175
SMHB000506	SMTS01180
SMHB000506	SMTS01182
SMHB000506	SMTS01195
SMHB000506	SMTS01210
SMHB000506	SMTS01211
SMHB000506	SMTS01241
SMHB000506	SMTS01298
SMHB000506	SMTS01305
SMHB000506	SMTS01306
SMHB000506	SMTS01311
SMHB000506	SMTS01312
SMHB000506	SMTS01314
SMHB000506	SMTS01315
SMHB000506	SMTS01321
SMHB000506	SMTS01365
SMHB000506	SMTS01392
SMHB000506	SMTS01398
SMHB000506	SMTS01405
SMHB000506	SMTS01406
SMHB000506	SMTS01407
SMHB000506	SMTS01410
SMHB000506	SMTS01411
SMHB000506	SMTS01413
SMHB000506	SMTS01586
SMHB000506	SMTS01606
SMHB000507	SMTS00035
SMHB000507	SMTS00082
SMHB000507	SMTS00085
SMHB000507	SMTS00191
SMHB000507	SMTS00281
SMHB000507	SMTS00283
SMHB000507	SMTS00284
SMHB000507	SMTS00289
SMHB000507	SMTS00347
SMHB000507	SMTS00467
SMHB000507	SMTS00470
SMHB000507	SMTS00764
SMHB000507	SMTS00800
SMHB000507	SMTS00866
SMHB000507	SMTS00983
SMHB000507	SMTS01110
SMHB000507	SMTS01298
SMHB000507	SMTS01317
SMHB000507	SMTS01350
SMHB000507	SMTS01586
SMHB000507	SMTS01608
SMHB000507	SMTS01610
SMHB000507	SMTS01645
SMHB000507	SMTS01646
SMHB000507	SMTS01648
SMHB000507	SMTS01649
SMHB000507	SMTS01751
SMHB000507	SMTS02046
SMHB000507	SMTS02112
SMHB000508	SMTS00048
SMHB000508	SMTS00050
SMHB000508	SMTS00137
SMHB000508	SMTS00196
SMHB000508	SMTS00330
SMHB000508	SMTS00338
SMHB000508	SMTS00388
SMHB000508	SMTS00541
SMHB000508	SMTS00558
SMHB000508	SMTS00717
SMHB000508	SMTS00752
SMHB000508	SMTS00779
SMHB000508	SMTS01152
SMHB000508	SMTS01200
SMHB000508	SMTS01231
SMHB000508	SMTS01440
SMHB000508	SMTS01453
SMHB000508	SMTS01570
SMHB000508	SMTS01650
SMHB000508	SMTS01651
SMHB000508	SMTS01689
SMHB000508	SMTS01703
SMHB000508	SMTS01813
SMHB000509	SMTS00234
SMHB000509	SMTS00235
SMHB000509	SMTS00236
SMHB000509	SMTS00306
SMHB000509	SMTS00383
SMHB000509	SMTS00490
SMHB000509	SMTS00762
SMHB000509	SMTS00933
SMHB000509	SMTS00935
SMHB000509	SMTS01013
SMHB000509	SMTS01044
SMHB000509	SMTS01131
SMHB000509	SMTS01145
SMHB000509	SMTS01183
SMHB000509	SMTS01217
SMHB000509	SMTS01248
SMHB000509	SMTS01265
SMHB000509	SMTS01266
SMHB000509	SMTS01267
SMHB000509	SMTS01269
SMHB000509	SMTS01288
SMHB000509	SMTS01289
SMHB000509	SMTS01362
SMHB000509	SMTS01373
SMHB000509	SMTS01384
SMHB000509	SMTS01386
SMHB000509	SMTS01394
SMHB000509	SMTS01414
SMHB000509	SMTS01657
SMHB000509	SMTS01658
SMHB000509	SMTS01660
SMHB000509	SMTS01667
SMHB000509	SMTS01671
SMHB000509	SMTS01672
SMHB000509	SMTS02163
SMHB000509	SMTS02164
SMHB000510	SMTS00016
SMHB000510	SMTS00137
SMHB000510	SMTS00275
SMHB000510	SMTS00392
SMHB000510	SMTS00511
SMHB000510	SMTS00541
SMHB000510	SMTS00688
SMHB000510	SMTS00692
SMHB000510	SMTS00742
SMHB000510	SMTS00779
SMHB000510	SMTS00783
SMHB000510	SMTS00828
SMHB000510	SMTS01152
SMHB000510	SMTS01164
SMHB000510	SMTS01166
SMHB000510	SMTS01200
SMHB000510	SMTS01231
SMHB000510	SMTS01453
SMHB000510	SMTS01456
SMHB000510	SMTS01458
SMHB000510	SMTS01459
SMHB000510	SMTS01460
SMHB000510	SMTS01461
SMHB000510	SMTS01463
SMHB000510	SMTS01513
SMHB000510	SMTS01570
SMHB000510	SMTS01650
SMHB000510	SMTS01651
SMHB000510	SMTS01689
SMHB000510	SMTS01703
SMHB000510	SMTS01715
SMHB000510	SMTS01992
SMHB000510	SMTS01993
SMHB000510	SMTS02100
SMHB000510	SMTS02102
SMHB000511	SMTS00023
SMHB000511	SMTS00048
SMHB000511	SMTS00050
SMHB000511	SMTS00137
SMHB000511	SMTS00340
SMHB000511	SMTS00388
SMHB000511	SMTS00717
SMHB000511	SMTS00742
SMHB000511	SMTS00752
SMHB000511	SMTS01152
SMHB000511	SMTS01200
SMHB000511	SMTS01440
SMHB000511	SMTS01570
SMHB000511	SMTS01650
SMHB000511	SMTS01651
SMHB000511	SMTS01703
SMHB000511	SMTS01813
SMHB000511	SMTS01867
SMHB000511	SMTS01972
SMHB000512	SMTS00045
SMHB000512	SMTS00057
SMHB000512	SMTS00238
SMHB000512	SMTS00254
SMHB000512	SMTS00309
SMHB000512	SMTS00393
SMHB000512	SMTS00435
SMHB000512	SMTS00549
SMHB000512	SMTS00550
SMHB000512	SMTS00551
SMHB000512	SMTS00555
SMHB000512	SMTS00562
SMHB000512	SMTS00563
SMHB000512	SMTS00564
SMHB000512	SMTS00577
SMHB000512	SMTS00578
SMHB000512	SMTS00579
SMHB000512	SMTS00604
SMHB000512	SMTS00652
SMHB000512	SMTS00653
SMHB000512	SMTS00667
SMHB000512	SMTS00894
SMHB000512	SMTS00911
SMHB000512	SMTS00970
SMHB000512	SMTS01028
SMHB000512	SMTS01189
SMHB000512	SMTS01260
SMHB000512	SMTS01324
SMHB000512	SMTS01325
SMHB000512	SMTS01326
SMHB000512	SMTS01477
SMHB000512	SMTS01480
SMHB000512	SMTS01481
SMHB000512	SMTS01489
SMHB000512	SMTS01551
SMHB000512	SMTS01553
SMHB000512	SMTS01554
SMHB000513	SMTS00094
SMHB000513	SMTS00192
SMHB000513	SMTS00194
SMHB000513	SMTS00393
SMHB000513	SMTS00394
SMHB000513	SMTS00395
SMHB000513	SMTS00397
SMHB000513	SMTS00400
SMHB000513	SMTS00435
SMHB000513	SMTS00541
SMHB000513	SMTS00779
SMHB000513	SMTS01231
SMHB000513	SMTS01453
SMHB000513	SMTS01465
SMHB000513	SMTS01466
SMHB000513	SMTS01467
SMHB000513	SMTS01468
SMHB000513	SMTS01469
SMHB000513	SMTS01476
SMHB000513	SMTS01477
SMHB000513	SMTS01480
SMHB000513	SMTS01481
SMHB000513	SMTS01484
SMHB000513	SMTS01485
SMHB000513	SMTS01486
SMHB000513	SMTS01492
SMHB000513	SMTS01689
SMHB000513	SMTS01737
SMHB000513	SMTS02020
SMHB000514	SMTS00178
SMHB000514	SMTS00234
SMHB000514	SMTS00235
SMHB000514	SMTS00236
SMHB000514	SMTS00306
SMHB000514	SMTS00312
SMHB000514	SMTS00393
SMHB000514	SMTS00435
SMHB000514	SMTS00833
SMHB000514	SMTS00837
SMHB000514	SMTS00935
SMHB000514	SMTS00963
SMHB000514	SMTS01013
SMHB000514	SMTS01120
SMHB000514	SMTS01288
SMHB000514	SMTS01289
SMHB000514	SMTS01480
SMHB000514	SMTS01599
SMHB000514	SMTS01960
SMHB000514	SMTS01996
SMHB000514	SMTS02277
SMHB000515	SMTS00015
SMHB000515	SMTS00139
SMHB000515	SMTS00283
SMHB000515	SMTS00284
SMHB000515	SMTS00288
SMHB000515	SMTS00289
SMHB000515	SMTS00322
SMHB000515	SMTS00413
SMHB000515	SMTS00470
SMHB000515	SMTS00501
SMHB000515	SMTS00517
SMHB000515	SMTS00617
SMHB000515	SMTS00619
SMHB000515	SMTS00651
SMHB000515	SMTS00652
SMHB000515	SMTS00655
SMHB000515	SMTS00793
SMHB000515	SMTS00800
SMHB000515	SMTS00878
SMHB000515	SMTS00893
SMHB000515	SMTS00917
SMHB000515	SMTS00924
SMHB000515	SMTS00955
SMHB000515	SMTS00983
SMHB000515	SMTS00999
SMHB000515	SMTS01109
SMHB000515	SMTS01110
SMHB000515	SMTS01119
SMHB000515	SMTS01179
SMHB000515	SMTS01196
SMHB000515	SMTS01208
SMHB000515	SMTS01209
SMHB000515	SMTS01219
SMHB000515	SMTS01222
SMHB000515	SMTS01225
SMHB000515	SMTS01226
SMHB000515	SMTS01227
SMHB000515	SMTS01240
SMHB000515	SMTS01298
SMHB000515	SMTS01321
SMHB000515	SMTS01329
SMHB000515	SMTS01336
SMHB000515	SMTS01339
SMHB000515	SMTS01341
SMHB000515	SMTS01342
SMHB000515	SMTS01343
SMHB000515	SMTS01346
SMHB000515	SMTS01360
SMHB000515	SMTS01361
SMHB000515	SMTS01416
SMHB000515	SMTS01582
SMHB000515	SMTS01586
SMHB000515	SMTS01608
SMHB000515	SMTS01610
SMHB000515	SMTS01659
SMHB000515	SMTS01750
SMHB000515	SMTS02003
SMHB000515	SMTS02346
SMHB000516	SMTS00016
SMHB000516	SMTS00118
SMHB000516	SMTS00234
SMHB000516	SMTS00235
SMHB000516	SMTS00236
SMHB000516	SMTS00306
SMHB000516	SMTS00379
SMHB000516	SMTS00541
SMHB000516	SMTS00615
SMHB000516	SMTS00688
SMHB000516	SMTS00692
SMHB000516	SMTS00776
SMHB000516	SMTS00777
SMHB000516	SMTS00779
SMHB000516	SMTS00782
SMHB000516	SMTS00935
SMHB000516	SMTS01013
SMHB000516	SMTS01231
SMHB000516	SMTS01288
SMHB000516	SMTS01289
SMHB000516	SMTS01318
SMHB000516	SMTS01319
SMHB000516	SMTS01423
SMHB000516	SMTS01453
SMHB000516	SMTS01513
SMHB000516	SMTS01599
SMHB000516	SMTS01689
SMHB000516	SMTS02100
SMHB000516	SMTS02102
SMHB000517	SMTS00470
SMHB000517	SMTS01027
SMHB000517	SMTS01088
SMHB000517	SMTS01110
SMHB000517	SMTS01608
SMHB000517	SMTS01610
SMHB000517	SMTS01740
SMHB000517	SMTS02279
SMHB000517	SMTS02316
SMHB000518	SMTS00015
SMHB000518	SMTS00018
SMHB000518	SMTS00091
SMHB000518	SMTS00283
SMHB000518	SMTS00284
SMHB000518	SMTS00285
SMHB000518	SMTS00289
SMHB000518	SMTS00290
SMHB000518	SMTS00379
SMHB000518	SMTS00614
SMHB000518	SMTS00620
SMHB000518	SMTS00621
SMHB000518	SMTS00658
SMHB000518	SMTS00800
SMHB000518	SMTS00892
SMHB000518	SMTS00983
SMHB000518	SMTS00984
SMHB000518	SMTS01175
SMHB000518	SMTS01180
SMHB000518	SMTS01182
SMHB000518	SMTS01195
SMHB000518	SMTS01241
SMHB000518	SMTS01294
SMHB000518	SMTS01298
SMHB000518	SMTS01305
SMHB000518	SMTS01306
SMHB000518	SMTS01311
SMHB000518	SMTS01312
SMHB000518	SMTS01314
SMHB000518	SMTS01315
SMHB000518	SMTS01365
SMHB000518	SMTS01392
SMHB000518	SMTS01405
SMHB000518	SMTS01406
SMHB000518	SMTS01407
SMHB000518	SMTS01410
SMHB000518	SMTS01411
SMHB000518	SMTS01413
SMHB000518	SMTS01586
SMHB000518	SMTS01606
SMHB000519	SMTS00142
SMHB000519	SMTS00283
SMHB000519	SMTS00284
SMHB000519	SMTS00289
SMHB000519	SMTS00356
SMHB000519	SMTS00357
SMHB000519	SMTS00360
SMHB000519	SMTS00361
SMHB000519	SMTS00363
SMHB000519	SMTS00365
SMHB000519	SMTS00368
SMHB000519	SMTS00369
SMHB000519	SMTS00373
SMHB000519	SMTS00376
SMHB000519	SMTS00611
SMHB000519	SMTS00800
SMHB000519	SMTS00983
SMHB000519	SMTS01095
SMHB000519	SMTS01298
SMHB000519	SMTS01330
SMHB000519	SMTS01336
SMHB000519	SMTS01341
SMHB000519	SMTS01342
SMHB000519	SMTS01343
SMHB000519	SMTS01586
SMHB000519	SMTS01968
SMHB000520	SMTS00023
SMHB000520	SMTS00048
SMHB000520	SMTS00050
SMHB000520	SMTS00128
SMHB000520	SMTS00137
SMHB000520	SMTS00330
SMHB000520	SMTS00338
SMHB000520	SMTS00340
SMHB000520	SMTS00388
SMHB000520	SMTS00394
SMHB000520	SMTS00395
SMHB000520	SMTS00397
SMHB000520	SMTS00400
SMHB000520	SMTS00435
SMHB000520	SMTS00541
SMHB000520	SMTS00549
SMHB000520	SMTS00550
SMHB000520	SMTS00551
SMHB000520	SMTS00555
SMHB000520	SMTS00558
SMHB000520	SMTS00717
SMHB000520	SMTS00752
SMHB000520	SMTS00779
SMHB000520	SMTS00822
SMHB000520	SMTS00824
SMHB000520	SMTS01152
SMHB000520	SMTS01200
SMHB000520	SMTS01231
SMHB000520	SMTS01440
SMHB000520	SMTS01446
SMHB000520	SMTS01453
SMHB000520	SMTS01465
SMHB000520	SMTS01466
SMHB000520	SMTS01467
SMHB000520	SMTS01468
SMHB000520	SMTS01469
SMHB000520	SMTS01476
SMHB000520	SMTS01477
SMHB000520	SMTS01481
SMHB000520	SMTS01484
SMHB000520	SMTS01485
SMHB000520	SMTS01486
SMHB000520	SMTS01492
SMHB000520	SMTS01570
SMHB000520	SMTS01650
SMHB000520	SMTS01651
SMHB000520	SMTS01689
SMHB000520	SMTS01703
SMHB000520	SMTS01813
SMHB000520	SMTS01867
SMHB000520	SMTS01941
SMHB000520	SMTS01972
SMHB000521	SMTS00405
SMHB000521	SMTS00721
SMHB000521	SMTS00727
SMHB000521	SMTS00731
SMHB000521	SMTS00735
SMHB000521	SMTS00739
SMHB000521	SMTS00743
SMHB000521	SMTS00744
SMHB000521	SMTS00768
SMHB000521	SMTS00873
SMHB000521	SMTS00931
SMHB000521	SMTS00981
SMHB000521	SMTS01027
SMHB000521	SMTS01049
SMHB000521	SMTS01280
SMHB000521	SMTS01283
SMHB000521	SMTS01284
SMHB000521	SMTS01985
SMHB000522	SMTS00470
SMHB000522	SMTS00711
SMHB000522	SMTS01030
SMHB000522	SMTS01054
SMHB000522	SMTS01110
SMHB000522	SMTS01608
SMHB000522	SMTS01610
SMHB000523	SMTS00035
SMHB000523	SMTS00075
SMHB000523	SMTS00082
SMHB000523	SMTS00191
SMHB000523	SMTS00274
SMHB000523	SMTS00283
SMHB000523	SMTS00284
SMHB000523	SMTS00289
SMHB000523	SMTS00347
SMHB000523	SMTS00467
SMHB000523	SMTS00470
SMHB000523	SMTS00800
SMHB000523	SMTS00866
SMHB000523	SMTS00983
SMHB000523	SMTS01110
SMHB000523	SMTS01298
SMHB000523	SMTS01586
SMHB000523	SMTS01608
SMHB000523	SMTS01610
SMHB000523	SMTS02112
SMHB000523	SMTS02331
SMHB000523	SMTS02341
SMHB000524	SMTS00080
SMHB000524	SMTS00258
SMHB000524	SMTS00379
SMHB000524	SMTS00615
SMHB000524	SMTS00774
SMHB000524	SMTS00776
SMHB000524	SMTS00857
SMHB000524	SMTS00858
SMHB000524	SMTS00870
SMHB000524	SMTS00871
SMHB000524	SMTS00978
SMHB000524	SMTS01130
SMHB000524	SMTS01280
SMHB000524	SMTS01318
SMHB000524	SMTS01319
SMHB000524	SMTS01444
SMHB000524	SMTS01985
SMHB000524	SMTS01991
SMHB000524	SMTS01998
SMHB000524	SMTS02219
SMHB000525	SMTS00035
SMHB000525	SMTS00118
SMHB000525	SMTS00191
SMHB000525	SMTS00347
SMHB000525	SMTS00349
SMHB000525	SMTS00394
SMHB000525	SMTS00395
SMHB000525	SMTS00397
SMHB000525	SMTS00400
SMHB000525	SMTS00435
SMHB000525	SMTS00541
SMHB000525	SMTS00647
SMHB000525	SMTS00649
SMHB000525	SMTS00779
SMHB000525	SMTS00866
SMHB000525	SMTS01055
SMHB000525	SMTS01231
SMHB000525	SMTS01453
SMHB000525	SMTS01465
SMHB000525	SMTS01466
SMHB000525	SMTS01467
SMHB000525	SMTS01468
SMHB000525	SMTS01469
SMHB000525	SMTS01476
SMHB000525	SMTS01477
SMHB000525	SMTS01481
SMHB000525	SMTS01484
SMHB000525	SMTS01485
SMHB000525	SMTS01486
SMHB000525	SMTS01492
SMHB000525	SMTS01593
SMHB000525	SMTS01689
SMHB000525	SMTS02330
SMHB000526	SMTS00012
SMHB000526	SMTS00024
SMHB000526	SMTS00067
SMHB000526	SMTS00104
SMHB000526	SMTS00187
SMHB000526	SMTS00272
SMHB000526	SMTS00436
SMHB000526	SMTS00494
SMHB000526	SMTS00549
SMHB000526	SMTS00550
SMHB000526	SMTS00551
SMHB000526	SMTS00555
SMHB000526	SMTS00588
SMHB000526	SMTS00592
SMHB000526	SMTS00593
SMHB000526	SMTS00594
SMHB000526	SMTS00882
SMHB000526	SMTS00930
SMHB000526	SMTS01439
SMHB000526	SMTS01599
SMHB000526	SMTS01624
SMHB000526	SMTS01625
SMHB000526	SMTS01626
SMHB000526	SMTS01683
SMHB000526	SMTS01684
SMHB000526	SMTS01692
SMHB000526	SMTS01781
SMHB000526	SMTS02108
SMHB000527	SMTS00013
SMHB000527	SMTS00030
SMHB000527	SMTS00081
SMHB000527	SMTS00105
SMHB000527	SMTS00141
SMHB000527	SMTS00187
SMHB000527	SMTS00200
SMHB000527	SMTS00252
SMHB000527	SMTS00266
SMHB000527	SMTS00274
SMHB000527	SMTS00419
SMHB000527	SMTS00422
SMHB000527	SMTS00425
SMHB000527	SMTS00436
SMHB000527	SMTS00501
SMHB000527	SMTS00518
SMHB000527	SMTS00580
SMHB000527	SMTS00591
SMHB000527	SMTS00605
SMHB000527	SMTS00651
SMHB000527	SMTS00662
SMHB000527	SMTS00663
SMHB000527	SMTS00712
SMHB000527	SMTS00796
SMHB000527	SMTS00816
SMHB000527	SMTS00817
SMHB000527	SMTS00882
SMHB000527	SMTS00884
SMHB000527	SMTS00898
SMHB000527	SMTS00899
SMHB000527	SMTS00922
SMHB000527	SMTS00923
SMHB000527	SMTS00939
SMHB000527	SMTS00950
SMHB000527	SMTS00951
SMHB000527	SMTS00962
SMHB000527	SMTS01009
SMHB000527	SMTS01015
SMHB000527	SMTS01029
SMHB000527	SMTS01043
SMHB000527	SMTS01119
SMHB000527	SMTS01121
SMHB000527	SMTS01122
SMHB000527	SMTS01125
SMHB000527	SMTS01126
SMHB000527	SMTS01127
SMHB000527	SMTS01132
SMHB000527	SMTS01133
SMHB000527	SMTS01134
SMHB000527	SMTS01135
SMHB000527	SMTS01293
SMHB000527	SMTS01416
SMHB000527	SMTS01439
SMHB000527	SMTS01441
SMHB000527	SMTS01624
SMHB000527	SMTS01625
SMHB000527	SMTS01626
SMHB000527	SMTS01656
SMHB000527	SMTS01666
SMHB000527	SMTS01669
SMHB000527	SMTS01670
SMHB000527	SMTS01705
SMHB000527	SMTS01708
SMHB000527	SMTS01713
SMHB000527	SMTS01856
SMHB000527	SMTS02108
SMHB000528	SMTS00016
SMHB000528	SMTS00017
SMHB000528	SMTS00223
SMHB000528	SMTS00225
SMHB000528	SMTS00227
SMHB000528	SMTS00319
SMHB000528	SMTS00394
SMHB000528	SMTS00395
SMHB000528	SMTS00397
SMHB000528	SMTS00400
SMHB000528	SMTS00408
SMHB000528	SMTS00409
SMHB000528	SMTS00435
SMHB000528	SMTS00500
SMHB000528	SMTS00541
SMHB000528	SMTS00567
SMHB000528	SMTS00568
SMHB000528	SMTS00583
SMHB000528	SMTS00584
SMHB000528	SMTS00585
SMHB000528	SMTS00688
SMHB000528	SMTS00779
SMHB000528	SMTS00802
SMHB000528	SMTS00944
SMHB000528	SMTS00956
SMHB000528	SMTS00959
SMHB000528	SMTS00960
SMHB000528	SMTS00961
SMHB000528	SMTS01074
SMHB000528	SMTS01231
SMHB000528	SMTS01253
SMHB000528	SMTS01323
SMHB000528	SMTS01336
SMHB000528	SMTS01339
SMHB000528	SMTS01341
SMHB000528	SMTS01342
SMHB000528	SMTS01343
SMHB000528	SMTS01346
SMHB000528	SMTS01360
SMHB000528	SMTS01361
SMHB000528	SMTS01453
SMHB000528	SMTS01455
SMHB000528	SMTS01465
SMHB000528	SMTS01466
SMHB000528	SMTS01467
SMHB000528	SMTS01468
SMHB000528	SMTS01469
SMHB000528	SMTS01476
SMHB000528	SMTS01477
SMHB000528	SMTS01481
SMHB000528	SMTS01484
SMHB000528	SMTS01485
SMHB000528	SMTS01486
SMHB000528	SMTS01492
SMHB000528	SMTS01683
SMHB000528	SMTS01684
SMHB000528	SMTS01689
SMHB000528	SMTS01725
SMHB000529	SMTS00016
SMHB000529	SMTS00035
SMHB000529	SMTS00191
SMHB000529	SMTS00537
SMHB000529	SMTS00541
SMHB000529	SMTS00688
SMHB000529	SMTS00692
SMHB000529	SMTS00779
SMHB000529	SMTS00824
SMHB000529	SMTS00866
SMHB000529	SMTS01231
SMHB000529	SMTS01453
SMHB000529	SMTS01513
SMHB000529	SMTS01593
SMHB000529	SMTS01689
SMHB000529	SMTS01981
SMHB000529	SMTS01990
SMHB000529	SMTS02100
SMHB000529	SMTS02102
SMHB000529	SMTS02136
SMHB000530	SMTS00037
SMHB000530	SMTS00053
SMHB000530	SMTS00055
SMHB000530	SMTS00240
SMHB000530	SMTS00452
SMHB000530	SMTS00462
SMHB000530	SMTS00760
SMHB000530	SMTS00789
SMHB000530	SMTS00790
SMHB000530	SMTS00829
SMHB000530	SMTS00867
SMHB000530	SMTS01027
SMHB000530	SMTS01097
SMHB000530	SMTS01101
SMHB000530	SMTS01104
SMHB000530	SMTS01105
SMHB000530	SMTS01290
SMHB000530	SMTS01661
SMHB000530	SMTS01693
SMHB000530	SMTS01969
SMHB000530	SMTS02326
SMHB000530	SMTS02338
SMHB000531	SMTS00940
SMHB000531	SMTS00941
SMHB000531	SMTS01100
SMHB000531	SMTS01321
SMHB000531	SMTS01989
SMHB000531	SMTS02151
SMHB000531	SMTS02359
SMHB000532	SMTS00039
SMHB000532	SMTS00040
SMHB000532	SMTS00139
SMHB000532	SMTS00196
SMHB000532	SMTS00269
SMHB000532	SMTS00274
SMHB000532	SMTS00280
SMHB000532	SMTS00281
SMHB000532	SMTS00442
SMHB000532	SMTS00443
SMHB000532	SMTS00444
SMHB000532	SMTS00445
SMHB000532	SMTS00470
SMHB000532	SMTS00473
SMHB000532	SMTS00541
SMHB000532	SMTS00599
SMHB000532	SMTS00620
SMHB000532	SMTS00621
SMHB000532	SMTS00779
SMHB000532	SMTS00983
SMHB000532	SMTS01110
SMHB000532	SMTS01116
SMHB000532	SMTS01231
SMHB000532	SMTS01311
SMHB000532	SMTS01312
SMHB000532	SMTS01314
SMHB000532	SMTS01315
SMHB000532	SMTS01336
SMHB000532	SMTS01341
SMHB000532	SMTS01342
SMHB000532	SMTS01343
SMHB000532	SMTS01346
SMHB000532	SMTS01360
SMHB000532	SMTS01361
SMHB000532	SMTS01365
SMHB000532	SMTS01392
SMHB000532	SMTS01397
SMHB000532	SMTS01400
SMHB000532	SMTS01405
SMHB000532	SMTS01406
SMHB000532	SMTS01411
SMHB000532	SMTS01453
SMHB000532	SMTS01586
SMHB000532	SMTS01645
SMHB000532	SMTS01646
SMHB000532	SMTS01649
SMHB000532	SMTS01689
SMHB000532	SMTS02328
SMHB000533	SMTS00012
SMHB000533	SMTS00067
SMHB000533	SMTS00105
SMHB000533	SMTS00436
SMHB000533	SMTS00457
SMHB000533	SMTS00466
SMHB000533	SMTS00522
SMHB000533	SMTS00535
SMHB000533	SMTS00588
SMHB000533	SMTS00591
SMHB000533	SMTS00592
SMHB000533	SMTS00593
SMHB000533	SMTS00594
SMHB000533	SMTS00647
SMHB000533	SMTS00648
SMHB000533	SMTS00765
SMHB000533	SMTS00882
SMHB000533	SMTS01009
SMHB000533	SMTS01010
SMHB000533	SMTS01023
SMHB000533	SMTS01296
SMHB000533	SMTS01666
SMHB000533	SMTS01670
SMHB000533	SMTS01683
SMHB000533	SMTS01684
SMHB000533	SMTS01692
SMHB000533	SMTS01705
SMHB000533	SMTS01708
SMHB000533	SMTS01711
SMHB000533	SMTS01781
SMHB000533	SMTS01912
SMHB000533	SMTS02010
SMHB000533	SMTS02074
SMHB000533	SMTS02108
SMHB000533	SMTS02330
SMHB000533	SMTS02355
SMHB000534	SMTS00045
SMHB000534	SMTS00217
SMHB000534	SMTS00287
SMHB000534	SMTS00296
SMHB000534	SMTS00353
SMHB000534	SMTS00393
SMHB000534	SMTS00411
SMHB000534	SMTS00435
SMHB000534	SMTS00457
SMHB000534	SMTS00746
SMHB000534	SMTS00999
SMHB000534	SMTS01111
SMHB000534	SMTS01112
SMHB000534	SMTS01480
SMHB000534	SMTS01740
SMHB000534	SMTS01804
SMHB000534	SMTS01844
SMHB000534	SMTS02009
SMHB000534	SMTS02010
SMHB000534	SMTS02042
SMHB000534	SMTS02074
SMHB000535	SMTS00024
SMHB000535	SMTS00230
SMHB000535	SMTS00239
SMHB000535	SMTS00249
SMHB000535	SMTS00317
SMHB000535	SMTS00318
SMHB000535	SMTS00320
SMHB000535	SMTS00323
SMHB000535	SMTS00324
SMHB000535	SMTS00404
SMHB000535	SMTS00494
SMHB000535	SMTS00501
SMHB000535	SMTS00752
SMHB000535	SMTS00944
SMHB000535	SMTS00947
SMHB000535	SMTS00956
SMHB000535	SMTS00959
SMHB000535	SMTS00960
SMHB000535	SMTS00961
SMHB000535	SMTS01025
SMHB000535	SMTS01113
SMHB000535	SMTS01152
SMHB000535	SMTS01416
SMHB000535	SMTS01446
SMHB000535	SMTS01640
SMHB000535	SMTS01960
SMHB000535	SMTS02081
SMHB000536	SMTS00045
SMHB000536	SMTS00217
SMHB000536	SMTS00287
SMHB000536	SMTS00296
SMHB000536	SMTS00353
SMHB000536	SMTS00393
SMHB000536	SMTS00435
SMHB000536	SMTS00457
SMHB000536	SMTS00651
SMHB000536	SMTS00652
SMHB000536	SMTS00654
SMHB000536	SMTS00746
SMHB000536	SMTS00999
SMHB000536	SMTS01111
SMHB000536	SMTS01112
SMHB000536	SMTS01450
SMHB000536	SMTS01480
SMHB000536	SMTS01566
SMHB000536	SMTS01740
SMHB000536	SMTS01804
SMHB000536	SMTS01844
SMHB000536	SMTS02009
SMHB000536	SMTS02010
SMHB000536	SMTS02042
SMHB000536	SMTS02074
SMHB000537	SMTS00019
SMHB000537	SMTS00090
SMHB000537	SMTS00240
SMHB000537	SMTS00314
SMHB000537	SMTS00506
SMHB000537	SMTS00542
SMHB000537	SMTS00543
SMHB000537	SMTS00651
SMHB000537	SMTS00760
SMHB000537	SMTS00789
SMHB000537	SMTS00790
SMHB000537	SMTS00793
SMHB000537	SMTS00829
SMHB000537	SMTS00903
SMHB000537	SMTS00932
SMHB000537	SMTS00962
SMHB000537	SMTS01038
SMHB000537	SMTS01097
SMHB000537	SMTS01113
SMHB000537	SMTS01331
SMHB000537	SMTS01334
SMHB000537	SMTS01335
SMHB000537	SMTS01351
SMHB000537	SMTS01661
SMHB000537	SMTS01693
SMHB000537	SMTS01698
SMHB000537	SMTS01880
SMHB000537	SMTS02207
SMHB000538	SMTS00016
SMHB000538	SMTS00017
SMHB000538	SMTS00223
SMHB000538	SMTS00225
SMHB000538	SMTS00227
SMHB000538	SMTS00319
SMHB000538	SMTS00394
SMHB000538	SMTS00395
SMHB000538	SMTS00397
SMHB000538	SMTS00400
SMHB000538	SMTS00408
SMHB000538	SMTS00409
SMHB000538	SMTS00435
SMHB000538	SMTS00521
SMHB000538	SMTS00541
SMHB000538	SMTS00567
SMHB000538	SMTS00568
SMHB000538	SMTS00583
SMHB000538	SMTS00584
SMHB000538	SMTS00585
SMHB000538	SMTS00688
SMHB000538	SMTS00779
SMHB000538	SMTS00802
SMHB000538	SMTS00944
SMHB000538	SMTS00956
SMHB000538	SMTS00959
SMHB000538	SMTS00960
SMHB000538	SMTS00961
SMHB000538	SMTS01074
SMHB000538	SMTS01231
SMHB000538	SMTS01253
SMHB000538	SMTS01453
SMHB000538	SMTS01455
SMHB000538	SMTS01465
SMHB000538	SMTS01466
SMHB000538	SMTS01467
SMHB000538	SMTS01468
SMHB000538	SMTS01469
SMHB000538	SMTS01476
SMHB000538	SMTS01477
SMHB000538	SMTS01481
SMHB000538	SMTS01484
SMHB000538	SMTS01485
SMHB000538	SMTS01486
SMHB000538	SMTS01492
SMHB000538	SMTS01683
SMHB000538	SMTS01684
SMHB000538	SMTS01689
SMHB000538	SMTS01725
SMHB000539	SMTS00549
SMHB000539	SMTS00550
SMHB000539	SMTS00551
SMHB000539	SMTS00552
SMHB000539	SMTS00553
SMHB000539	SMTS00555
SMHB000539	SMTS00642
SMHB000539	SMTS01063
SMHB000539	SMTS01065
SMHB000539	SMTS01066
SMHB000539	SMTS01067
SMHB000539	SMTS01068
SMHB000539	SMTS01085
SMHB000539	SMTS02054
SMHB000540	SMTS00016
SMHB000540	SMTS00518
SMHB000540	SMTS00688
SMHB000540	SMTS00690
SMHB000540	SMTS00691
SMHB000540	SMTS00712
SMHB000540	SMTS00816
SMHB000540	SMTS00817
SMHB000540	SMTS00820
SMHB000540	SMTS00950
SMHB000540	SMTS00951
SMHB000540	SMTS01000
SMHB000540	SMTS01001
SMHB000540	SMTS01002
SMHB000540	SMTS01003
SMHB000540	SMTS01004
SMHB000540	SMTS01005
SMHB000540	SMTS01006
SMHB000540	SMTS01007
SMHB000540	SMTS01029
SMHB000540	SMTS01121
SMHB000540	SMTS01122
SMHB000540	SMTS01125
SMHB000540	SMTS01126
SMHB000540	SMTS01127
SMHB000540	SMTS01132
SMHB000540	SMTS01133
SMHB000540	SMTS01134
SMHB000540	SMTS01135
SMHB000540	SMTS01439
SMHB000540	SMTS01441
SMHB000540	SMTS01624
SMHB000540	SMTS01625
SMHB000540	SMTS01626
SMHB000540	SMTS02137
SMHB000540	SMTS02311
SMHB000540	SMTS02314
SMHB000541	SMTS00065
SMHB000541	SMTS00242
SMHB000541	SMTS00310
SMHB000541	SMTS00350
SMHB000541	SMTS00389
SMHB000541	SMTS00462
SMHB000541	SMTS00573
SMHB000541	SMTS00582
SMHB000541	SMTS00586
SMHB000541	SMTS00595
SMHB000541	SMTS00652
SMHB000541	SMTS00655
SMHB000541	SMTS00685
SMHB000541	SMTS00696
SMHB000541	SMTS00697
SMHB000541	SMTS00706
SMHB000541	SMTS00709
SMHB000541	SMTS00716
SMHB000541	SMTS00893
SMHB000541	SMTS00896
SMHB000541	SMTS00904
SMHB000541	SMTS00976
SMHB000541	SMTS00990
SMHB000541	SMTS00996
SMHB000541	SMTS01113
SMHB000541	SMTS01418
SMHB000541	SMTS01436
SMHB000541	SMTS01501
SMHB000541	SMTS01514
SMHB000541	SMTS01584
SMHB000541	SMTS01698
SMHB000541	SMTS01774
SMHB000541	SMTS02028
SMHB000541	SMTS02342
SMHB000542	SMTS00114
SMHB000542	SMTS00213
SMHB000542	SMTS00242
SMHB000542	SMTS00317
SMHB000542	SMTS00318
SMHB000542	SMTS00323
SMHB000542	SMTS00324
SMHB000542	SMTS00334
SMHB000542	SMTS00389
SMHB000542	SMTS00399
SMHB000542	SMTS00518
SMHB000542	SMTS00546
SMHB000542	SMTS00582
SMHB000542	SMTS00712
SMHB000542	SMTS00816
SMHB000542	SMTS00817
SMHB000542	SMTS00828
SMHB000542	SMTS00912
SMHB000542	SMTS00950
SMHB000542	SMTS00951
SMHB000542	SMTS00976
SMHB000542	SMTS01025
SMHB000542	SMTS01118
SMHB000542	SMTS01121
SMHB000542	SMTS01122
SMHB000542	SMTS01125
SMHB000542	SMTS01126
SMHB000542	SMTS01127
SMHB000542	SMTS01132
SMHB000542	SMTS01133
SMHB000542	SMTS01134
SMHB000542	SMTS01135
SMHB000542	SMTS01441
SMHB000542	SMTS01457
SMHB000542	SMTS01501
SMHB000542	SMTS01502
SMHB000542	SMTS01816
SMHB000543	SMTS00137
SMHB000543	SMTS00774
SMHB000543	SMTS00776
SMHB000543	SMTS00822
SMHB000543	SMTS00824
SMHB000543	SMTS00869
SMHB000543	SMTS00870
SMHB000543	SMTS00871
SMHB000543	SMTS00978
SMHB000543	SMTS00980
SMHB000543	SMTS01130
SMHB000543	SMTS01200
SMHB000543	SMTS01570
SMHB000543	SMTS01650
SMHB000543	SMTS01651
SMHB000543	SMTS01703
SMHB000543	SMTS01813
SMHB000543	SMTS01941
SMHB000543	SMTS01970
SMHB000544	SMTS00057
SMHB000544	SMTS00438
SMHB000544	SMTS00439
SMHB000544	SMTS00447
SMHB000544	SMTS00667
SMHB000544	SMTS00681
SMHB000544	SMTS00713
SMHB000544	SMTS00799
SMHB000544	SMTS00894
SMHB000544	SMTS00970
SMHB000544	SMTS01028
SMHB000544	SMTS01331
SMHB000544	SMTS01333
SMHB000544	SMTS01334
SMHB000544	SMTS01335
SMHB000544	SMTS01551
SMHB000544	SMTS01553
SMHB000544	SMTS01554
SMHB000544	SMTS01644
SMHB000544	SMTS01682
SMHB000544	SMTS02249
SMHB000545	SMTS00023
SMHB000545	SMTS00048
SMHB000545	SMTS00050
SMHB000545	SMTS00187
SMHB000545	SMTS00225
SMHB000545	SMTS00227
SMHB000545	SMTS00233
SMHB000545	SMTS00340
SMHB000545	SMTS00388
SMHB000545	SMTS00457
SMHB000545	SMTS00531
SMHB000545	SMTS00532
SMHB000545	SMTS00534
SMHB000545	SMTS00591
SMHB000545	SMTS00597
SMHB000545	SMTS00635
SMHB000545	SMTS00717
SMHB000545	SMTS00776
SMHB000545	SMTS00961
SMHB000545	SMTS00974
SMHB000545	SMTS00978
SMHB000545	SMTS01023
SMHB000545	SMTS01159
SMHB000545	SMTS01440
SMHB000545	SMTS01867
SMHB000545	SMTS01972
SMHB000545	SMTS02010
SMHB000545	SMTS02043
SMHB000545	SMTS02074
SMHB000545	SMTS02139
SMHB000546	SMTS00035
SMHB000546	SMTS00104
SMHB000546	SMTS00191
SMHB000546	SMTS00394
SMHB000546	SMTS00395
SMHB000546	SMTS00397
SMHB000546	SMTS00400
SMHB000546	SMTS00435
SMHB000546	SMTS00541
SMHB000546	SMTS00549
SMHB000546	SMTS00550
SMHB000546	SMTS00551
SMHB000546	SMTS00552
SMHB000546	SMTS00553
SMHB000546	SMTS00555
SMHB000546	SMTS00779
SMHB000546	SMTS00866
SMHB000546	SMTS00930
SMHB000546	SMTS01063
SMHB000546	SMTS01065
SMHB000546	SMTS01066
SMHB000546	SMTS01067
SMHB000546	SMTS01068
SMHB000546	SMTS01085
SMHB000546	SMTS01231
SMHB000546	SMTS01453
SMHB000546	SMTS01465
SMHB000546	SMTS01466
SMHB000546	SMTS01467
SMHB000546	SMTS01468
SMHB000546	SMTS01469
SMHB000546	SMTS01476
SMHB000546	SMTS01477
SMHB000546	SMTS01481
SMHB000546	SMTS01484
SMHB000546	SMTS01485
SMHB000546	SMTS01486
SMHB000546	SMTS01492
SMHB000546	SMTS01689
SMHB000546	SMTS01996
SMHB000546	SMTS02025
SMHB000547	SMTS00045
SMHB000547	SMTS00255
SMHB000547	SMTS01078
SMHB000547	SMTS01079
SMHB000547	SMTS01091
SMHB000548	SMTS00045
SMHB000548	SMTS01078
SMHB000548	SMTS01079
SMHB000548	SMTS01091
SMHB000549	SMTS00490
SMHB000549	SMTS00549
SMHB000549	SMTS00550
SMHB000549	SMTS00551
SMHB000549	SMTS00554
SMHB000549	SMTS00555
SMHB000549	SMTS00557
SMHB000549	SMTS00559
SMHB000549	SMTS00620
SMHB000549	SMTS00621
SMHB000549	SMTS00983
SMHB000549	SMTS01056
SMHB000549	SMTS01081
SMHB000549	SMTS01082
SMHB000549	SMTS01148
SMHB000549	SMTS01149
SMHB000549	SMTS01311
SMHB000549	SMTS01312
SMHB000549	SMTS01314
SMHB000549	SMTS01315
SMHB000549	SMTS01316
SMHB000549	SMTS01362
SMHB000549	SMTS01384
SMHB000549	SMTS01386
SMHB000549	SMTS01401
SMHB000549	SMTS01405
SMHB000549	SMTS01406
SMHB000549	SMTS01411
SMHB000549	SMTS01414
SMHB000549	SMTS01586
SMHB000549	SMTS02056
SMHB000550	SMTS00104
SMHB000550	SMTS00281
SMHB000550	SMTS00394
SMHB000550	SMTS00395
SMHB000550	SMTS00397
SMHB000550	SMTS00400
SMHB000550	SMTS00435
SMHB000550	SMTS00541
SMHB000550	SMTS00764
SMHB000550	SMTS00779
SMHB000550	SMTS00930
SMHB000550	SMTS01231
SMHB000550	SMTS01317
SMHB000550	SMTS01453
SMHB000550	SMTS01465
SMHB000550	SMTS01466
SMHB000550	SMTS01467
SMHB000550	SMTS01468
SMHB000550	SMTS01469
SMHB000550	SMTS01476
SMHB000550	SMTS01477
SMHB000550	SMTS01481
SMHB000550	SMTS01484
SMHB000550	SMTS01485
SMHB000550	SMTS01486
SMHB000550	SMTS01492
SMHB000550	SMTS01645
SMHB000550	SMTS01646
SMHB000550	SMTS01648
SMHB000550	SMTS01649
SMHB000550	SMTS01689
SMHB000550	SMTS02046
SMHB000551	SMTS00016
SMHB000551	SMTS00042
SMHB000551	SMTS00044
SMHB000551	SMTS00146
SMHB000551	SMTS00152
SMHB000551	SMTS00153
SMHB000551	SMTS00154
SMHB000551	SMTS00155
SMHB000551	SMTS00171
SMHB000551	SMTS00178
SMHB000551	SMTS00283
SMHB000551	SMTS00285
SMHB000551	SMTS00286
SMHB000551	SMTS00293
SMHB000551	SMTS00295
SMHB000551	SMTS00394
SMHB000551	SMTS00395
SMHB000551	SMTS00397
SMHB000551	SMTS00400
SMHB000551	SMTS00431
SMHB000551	SMTS00435
SMHB000551	SMTS00541
SMHB000551	SMTS00565
SMHB000551	SMTS00568
SMHB000551	SMTS00581
SMHB000551	SMTS00583
SMHB000551	SMTS00584
SMHB000551	SMTS00585
SMHB000551	SMTS00587
SMHB000551	SMTS00590
SMHB000551	SMTS00688
SMHB000551	SMTS00779
SMHB000551	SMTS00783
SMHB000551	SMTS00828
SMHB000551	SMTS00915
SMHB000551	SMTS01025
SMHB000551	SMTS01182
SMHB000551	SMTS01231
SMHB000551	SMTS01241
SMHB000551	SMTS01291
SMHB000551	SMTS01299
SMHB000551	SMTS01305
SMHB000551	SMTS01308
SMHB000551	SMTS01453
SMHB000551	SMTS01460
SMHB000551	SMTS01461
SMHB000551	SMTS01462
SMHB000551	SMTS01463
SMHB000551	SMTS01465
SMHB000551	SMTS01466
SMHB000551	SMTS01467
SMHB000551	SMTS01468
SMHB000551	SMTS01469
SMHB000551	SMTS01476
SMHB000551	SMTS01477
SMHB000551	SMTS01481
SMHB000551	SMTS01484
SMHB000551	SMTS01485
SMHB000551	SMTS01486
SMHB000551	SMTS01492
SMHB000551	SMTS01599
SMHB000551	SMTS01642
SMHB000551	SMTS01689
SMHB000551	SMTS02233
SMHB000552	SMTS00255
SMHB000552	SMTS00272
SMHB000552	SMTS00501
SMHB000552	SMTS00518
SMHB000552	SMTS00545
SMHB000552	SMTS00546
SMHB000552	SMTS00548
SMHB000552	SMTS00549
SMHB000552	SMTS00550
SMHB000552	SMTS00551
SMHB000552	SMTS00552
SMHB000552	SMTS00553
SMHB000552	SMTS00555
SMHB000552	SMTS00693
SMHB000552	SMTS00712
SMHB000552	SMTS00718
SMHB000552	SMTS00803
SMHB000552	SMTS00804
SMHB000552	SMTS00805
SMHB000552	SMTS00811
SMHB000552	SMTS00816
SMHB000552	SMTS00817
SMHB000552	SMTS00917
SMHB000552	SMTS00924
SMHB000552	SMTS00934
SMHB000552	SMTS00950
SMHB000552	SMTS00951
SMHB000552	SMTS01063
SMHB000552	SMTS01065
SMHB000552	SMTS01066
SMHB000552	SMTS01067
SMHB000552	SMTS01068
SMHB000552	SMTS01074
SMHB000552	SMTS01075
SMHB000552	SMTS01085
SMHB000552	SMTS01088
SMHB000552	SMTS01109
SMHB000552	SMTS01118
SMHB000552	SMTS01121
SMHB000552	SMTS01122
SMHB000552	SMTS01125
SMHB000552	SMTS01126
SMHB000552	SMTS01127
SMHB000552	SMTS01132
SMHB000552	SMTS01133
SMHB000552	SMTS01134
SMHB000552	SMTS01135
SMHB000552	SMTS01416
SMHB000552	SMTS01439
SMHB000552	SMTS01441
SMHB000552	SMTS01624
SMHB000552	SMTS01625
SMHB000552	SMTS01626
SMHB000552	SMTS02104
SMHB000553	SMTS00068
SMHB000553	SMTS00069
SMHB000553	SMTS00253
SMHB000553	SMTS00755
SMHB000553	SMTS00756
SMHB000553	SMTS00757
SMHB000553	SMTS00793
SMHB000553	SMTS01088
SMHB000553	SMTS01210
SMHB000553	SMTS01211
SMHB000553	SMTS01216
SMHB000553	SMTS01217
SMHB000553	SMTS01218
SMHB000554	SMTS00024
SMHB000554	SMTS00331
SMHB000554	SMTS00337
SMHB000554	SMTS00549
SMHB000554	SMTS00550
SMHB000554	SMTS00551
SMHB000554	SMTS00555
SMHB000554	SMTS00560
SMHB000554	SMTS00794
SMHB000554	SMTS01216
SMHB000554	SMTS01217
SMHB000554	SMTS01218
SMHB000554	SMTS01219
SMHB000554	SMTS01227
SMHB000554	SMTS01327
SMHB000554	SMTS01793
SMHB000555	SMTS00065
SMHB000555	SMTS00068
SMHB000555	SMTS00069
SMHB000555	SMTS00216
SMHB000555	SMTS00253
SMHB000555	SMTS00283
SMHB000555	SMTS00284
SMHB000555	SMTS00289
SMHB000555	SMTS00611
SMHB000555	SMTS00706
SMHB000555	SMTS00709
SMHB000555	SMTS00755
SMHB000555	SMTS00756
SMHB000555	SMTS00757
SMHB000555	SMTS00800
SMHB000555	SMTS00896
SMHB000555	SMTS00983
SMHB000555	SMTS00990
SMHB000555	SMTS00996
SMHB000555	SMTS01150
SMHB000555	SMTS01198
SMHB000555	SMTS01210
SMHB000555	SMTS01211
SMHB000555	SMTS01298
SMHB000555	SMTS01330
SMHB000555	SMTS01336
SMHB000555	SMTS01341
SMHB000555	SMTS01342
SMHB000555	SMTS01343
SMHB000555	SMTS01514
SMHB000555	SMTS01515
SMHB000555	SMTS01584
SMHB000555	SMTS01586
SMHB000556	SMTS00038
SMHB000556	SMTS00466
SMHB000556	SMTS00541
SMHB000556	SMTS00620
SMHB000556	SMTS00621
SMHB000556	SMTS00779
SMHB000556	SMTS00857
SMHB000556	SMTS00858
SMHB000556	SMTS00860
SMHB000556	SMTS00863
SMHB000556	SMTS00983
SMHB000556	SMTS01010
SMHB000556	SMTS01119
SMHB000556	SMTS01231
SMHB000556	SMTS01241
SMHB000556	SMTS01296
SMHB000556	SMTS01311
SMHB000556	SMTS01312
SMHB000556	SMTS01314
SMHB000556	SMTS01315
SMHB000556	SMTS01365
SMHB000556	SMTS01392
SMHB000556	SMTS01405
SMHB000556	SMTS01406
SMHB000556	SMTS01407
SMHB000556	SMTS01410
SMHB000556	SMTS01411
SMHB000556	SMTS01413
SMHB000556	SMTS01453
SMHB000556	SMTS01586
SMHB000556	SMTS01606
SMHB000556	SMTS01687
SMHB000556	SMTS01689
SMHB000556	SMTS01711
SMHB000556	SMTS01733
SMHB000556	SMTS01912
SMHB000557	SMTS00012
SMHB000557	SMTS00013
SMHB000557	SMTS00067
SMHB000557	SMTS00105
SMHB000557	SMTS00106
SMHB000557	SMTS00114
SMHB000557	SMTS00317
SMHB000557	SMTS00318
SMHB000557	SMTS00320
SMHB000557	SMTS00323
SMHB000557	SMTS00324
SMHB000557	SMTS00354
SMHB000557	SMTS00363
SMHB000557	SMTS00416
SMHB000557	SMTS00418
SMHB000557	SMTS00422
SMHB000557	SMTS00436
SMHB000557	SMTS00501
SMHB000557	SMTS00502
SMHB000557	SMTS00503
SMHB000557	SMTS00546
SMHB000557	SMTS00651
SMHB000557	SMTS00739
SMHB000557	SMTS00796
SMHB000557	SMTS00884
SMHB000557	SMTS00906
SMHB000557	SMTS00922
SMHB000557	SMTS00939
SMHB000557	SMTS00944
SMHB000557	SMTS00956
SMHB000557	SMTS00959
SMHB000557	SMTS00960
SMHB000557	SMTS00961
SMHB000557	SMTS01009
SMHB000557	SMTS01027
SMHB000557	SMTS01095
SMHB000557	SMTS01118
SMHB000557	SMTS01416
SMHB000557	SMTS01450
SMHB000557	SMTS01656
SMHB000557	SMTS01666
SMHB000557	SMTS01669
SMHB000557	SMTS01670
SMHB000557	SMTS01692
SMHB000557	SMTS01705
SMHB000557	SMTS01708
SMHB000558	SMTS00042
SMHB000558	SMTS00044
SMHB000558	SMTS00146
SMHB000558	SMTS00152
SMHB000558	SMTS00153
SMHB000558	SMTS00154
SMHB000558	SMTS00155
SMHB000558	SMTS00171
SMHB000558	SMTS00283
SMHB000558	SMTS00285
SMHB000558	SMTS00286
SMHB000558	SMTS00293
SMHB000558	SMTS00295
SMHB000558	SMTS00431
SMHB000558	SMTS00541
SMHB000558	SMTS00779
SMHB000558	SMTS00857
SMHB000558	SMTS00858
SMHB000558	SMTS00859
SMHB000558	SMTS00863
SMHB000558	SMTS01182
SMHB000558	SMTS01231
SMHB000558	SMTS01241
SMHB000558	SMTS01291
SMHB000558	SMTS01299
SMHB000558	SMTS01305
SMHB000558	SMTS01308
SMHB000558	SMTS01453
SMHB000558	SMTS01642
SMHB000558	SMTS01677
SMHB000558	SMTS01678
SMHB000558	SMTS01679
SMHB000558	SMTS01681
SMHB000558	SMTS01687
SMHB000558	SMTS01689
SMHB000558	SMTS02156
SMHB000558	SMTS02157
SMHB000558	SMTS02233
SMHB000559	SMTS00135
SMHB000559	SMTS00137
SMHB000559	SMTS00541
SMHB000559	SMTS00779
SMHB000559	SMTS00881
SMHB000559	SMTS01200
SMHB000559	SMTS01231
SMHB000559	SMTS01453
SMHB000559	SMTS01570
SMHB000559	SMTS01650
SMHB000559	SMTS01651
SMHB000559	SMTS01689
SMHB000559	SMTS01703
SMHB000559	SMTS01814
SMHB000560	SMTS00393
SMHB000560	SMTS00394
SMHB000560	SMTS00395
SMHB000560	SMTS00397
SMHB000560	SMTS00400
SMHB000560	SMTS00435
SMHB000560	SMTS00541
SMHB000560	SMTS00567
SMHB000560	SMTS00568
SMHB000560	SMTS00583
SMHB000560	SMTS00584
SMHB000560	SMTS00585
SMHB000560	SMTS00779
SMHB000560	SMTS01231
SMHB000560	SMTS01453
SMHB000560	SMTS01465
SMHB000560	SMTS01466
SMHB000560	SMTS01467
SMHB000560	SMTS01468
SMHB000560	SMTS01469
SMHB000560	SMTS01476
SMHB000560	SMTS01477
SMHB000560	SMTS01480
SMHB000560	SMTS01481
SMHB000560	SMTS01484
SMHB000560	SMTS01485
SMHB000560	SMTS01486
SMHB000560	SMTS01492
SMHB000560	SMTS01689
SMHB000561	SMTS02082
SMHB000562	SMTS00060
SMHB000562	SMTS00065
SMHB000562	SMTS00283
SMHB000562	SMTS00284
SMHB000562	SMTS00288
SMHB000562	SMTS00289
SMHB000562	SMTS00405
SMHB000562	SMTS00615
SMHB000562	SMTS00620
SMHB000562	SMTS00621
SMHB000562	SMTS00706
SMHB000562	SMTS00709
SMHB000562	SMTS00768
SMHB000562	SMTS00800
SMHB000562	SMTS00931
SMHB000562	SMTS00977
SMHB000562	SMTS00983
SMHB000562	SMTS00995
SMHB000562	SMTS00996
SMHB000562	SMTS01298
SMHB000562	SMTS01311
SMHB000562	SMTS01312
SMHB000562	SMTS01314
SMHB000562	SMTS01315
SMHB000562	SMTS01316
SMHB000562	SMTS01514
SMHB000562	SMTS01586
SMHB000563	SMTS00048
SMHB000563	SMTS00107
SMHB000563	SMTS00130
SMHB000563	SMTS00137
SMHB000563	SMTS00388
SMHB000563	SMTS00717
SMHB000563	SMTS01200
SMHB000563	SMTS01440
SMHB000563	SMTS01570
SMHB000563	SMTS01650
SMHB000563	SMTS01651
SMHB000563	SMTS01703
SMHB000563	SMTS02293
SMHB000563	SMTS02294
SMHB000564	SMTS00024
SMHB000564	SMTS00057
SMHB000564	SMTS00187
SMHB000564	SMTS00211
SMHB000564	SMTS00233
SMHB000564	SMTS00393
SMHB000564	SMTS00404
SMHB000564	SMTS00411
SMHB000564	SMTS00435
SMHB000564	SMTS00567
SMHB000564	SMTS00568
SMHB000564	SMTS00583
SMHB000564	SMTS00584
SMHB000564	SMTS00585
SMHB000564	SMTS00591
SMHB000564	SMTS00597
SMHB000564	SMTS00667
SMHB000564	SMTS00894
SMHB000564	SMTS00906
SMHB000564	SMTS00961
SMHB000564	SMTS00970
SMHB000564	SMTS01000
SMHB000564	SMTS01001
SMHB000564	SMTS01002
SMHB000564	SMTS01003
SMHB000564	SMTS01004
SMHB000564	SMTS01005
SMHB000564	SMTS01006
SMHB000564	SMTS01007
SMHB000564	SMTS01023
SMHB000564	SMTS01028
SMHB000564	SMTS01043
SMHB000564	SMTS01293
SMHB000564	SMTS01331
SMHB000564	SMTS01333
SMHB000564	SMTS01334
SMHB000564	SMTS01335
SMHB000564	SMTS01480
SMHB000564	SMTS01551
SMHB000564	SMTS01552
SMHB000564	SMTS01553
SMHB000564	SMTS01554
SMHB000564	SMTS01567
SMHB000564	SMTS01856
SMHB000564	SMTS02020
SMHB000565	SMTS00035
SMHB000565	SMTS00191
SMHB000565	SMTS00266
SMHB000565	SMTS00274
SMHB000565	SMTS00394
SMHB000565	SMTS00395
SMHB000565	SMTS00397
SMHB000565	SMTS00400
SMHB000565	SMTS00419
SMHB000565	SMTS00425
SMHB000565	SMTS00435
SMHB000565	SMTS00541
SMHB000565	SMTS00779
SMHB000565	SMTS00866
SMHB000565	SMTS01231
SMHB000565	SMTS01453
SMHB000565	SMTS01465
SMHB000565	SMTS01466
SMHB000565	SMTS01467
SMHB000565	SMTS01468
SMHB000565	SMTS01469
SMHB000565	SMTS01476
SMHB000565	SMTS01477
SMHB000565	SMTS01481
SMHB000565	SMTS01484
SMHB000565	SMTS01485
SMHB000565	SMTS01486
SMHB000565	SMTS01492
SMHB000565	SMTS01689
SMHB000566	SMTS00057
SMHB000566	SMTS00068
SMHB000566	SMTS00069
SMHB000566	SMTS00253
SMHB000566	SMTS00389
SMHB000566	SMTS00399
SMHB000566	SMTS00498
SMHB000566	SMTS00549
SMHB000566	SMTS00550
SMHB000566	SMTS00551
SMHB000566	SMTS00554
SMHB000566	SMTS00555
SMHB000566	SMTS00557
SMHB000566	SMTS00559
SMHB000566	SMTS00582
SMHB000566	SMTS00667
SMHB000566	SMTS00755
SMHB000566	SMTS00756
SMHB000566	SMTS00757
SMHB000566	SMTS00843
SMHB000566	SMTS00894
SMHB000566	SMTS00913
SMHB000566	SMTS00914
SMHB000566	SMTS00970
SMHB000566	SMTS00972
SMHB000566	SMTS00976
SMHB000566	SMTS01028
SMHB000566	SMTS01051
SMHB000566	SMTS01056
SMHB000566	SMTS01081
SMHB000566	SMTS01082
SMHB000566	SMTS01148
SMHB000566	SMTS01149
SMHB000566	SMTS01210
SMHB000566	SMTS01211
SMHB000566	SMTS01324
SMHB000566	SMTS01325
SMHB000566	SMTS01326
SMHB000566	SMTS01455
SMHB000566	SMTS01501
SMHB000566	SMTS01551
SMHB000566	SMTS01553
SMHB000566	SMTS01554
SMHB000566	SMTS01683
SMHB000566	SMTS01684
SMHB000566	SMTS01727
SMHB000566	SMTS02056
SMHB000567	SMTS00035
SMHB000567	SMTS00191
SMHB000567	SMTS00347
SMHB000567	SMTS00467
SMHB000567	SMTS00541
SMHB000567	SMTS00779
SMHB000567	SMTS00866
SMHB000567	SMTS01231
SMHB000567	SMTS01453
SMHB000567	SMTS01689
SMHB000567	SMTS02114
SMHB000568	SMTS00023
SMHB000568	SMTS00048
SMHB000568	SMTS00050
SMHB000568	SMTS00137
SMHB000568	SMTS00330
SMHB000568	SMTS00338
SMHB000568	SMTS00340
SMHB000568	SMTS00388
SMHB000568	SMTS00558
SMHB000568	SMTS00717
SMHB000568	SMTS00742
SMHB000568	SMTS00752
SMHB000568	SMTS00762
SMHB000568	SMTS01152
SMHB000568	SMTS01200
SMHB000568	SMTS01265
SMHB000568	SMTS01266
SMHB000568	SMTS01267
SMHB000568	SMTS01269
SMHB000568	SMTS01440
SMHB000568	SMTS01443
SMHB000568	SMTS01570
SMHB000568	SMTS01650
SMHB000568	SMTS01651
SMHB000568	SMTS01703
SMHB000568	SMTS01813
SMHB000568	SMTS01867
SMHB000568	SMTS01972
SMHB000569	SMTS00035
SMHB000569	SMTS00129
SMHB000569	SMTS00131
SMHB000569	SMTS00137
SMHB000569	SMTS00139
SMHB000569	SMTS00191
SMHB000569	SMTS00283
SMHB000569	SMTS00284
SMHB000569	SMTS00289
SMHB000569	SMTS00351
SMHB000569	SMTS00414
SMHB000569	SMTS00501
SMHB000569	SMTS00519
SMHB000569	SMTS00800
SMHB000569	SMTS00866
SMHB000569	SMTS00928
SMHB000569	SMTS00983
SMHB000569	SMTS01200
SMHB000569	SMTS01298
SMHB000569	SMTS01329
SMHB000569	SMTS01336
SMHB000569	SMTS01341
SMHB000569	SMTS01342
SMHB000569	SMTS01343
SMHB000569	SMTS01350
SMHB000569	SMTS01416
SMHB000569	SMTS01570
SMHB000569	SMTS01586
SMHB000569	SMTS01608
SMHB000569	SMTS01610
SMHB000569	SMTS01650
SMHB000569	SMTS01651
SMHB000569	SMTS01703
SMHB000569	SMTS01813
SMHB000569	SMTS01888
SMHB000570	SMTS00012
SMHB000570	SMTS00067
SMHB000570	SMTS00105
SMHB000570	SMTS00128
SMHB000570	SMTS00321
SMHB000570	SMTS00411
SMHB000570	SMTS00436
SMHB000570	SMTS00501
SMHB000570	SMTS00518
SMHB000570	SMTS00522
SMHB000570	SMTS00591
SMHB000570	SMTS00642
SMHB000570	SMTS00651
SMHB000570	SMTS00652
SMHB000570	SMTS00654
SMHB000570	SMTS00712
SMHB000570	SMTS00798
SMHB000570	SMTS00816
SMHB000570	SMTS00817
SMHB000570	SMTS00882
SMHB000570	SMTS00950
SMHB000570	SMTS00951
SMHB000570	SMTS01009
SMHB000570	SMTS01023
SMHB000570	SMTS01121
SMHB000570	SMTS01122
SMHB000570	SMTS01125
SMHB000570	SMTS01126
SMHB000570	SMTS01127
SMHB000570	SMTS01132
SMHB000570	SMTS01133
SMHB000570	SMTS01134
SMHB000570	SMTS01135
SMHB000570	SMTS01293
SMHB000570	SMTS01416
SMHB000570	SMTS01441
SMHB000570	SMTS01683
SMHB000570	SMTS01684
SMHB000570	SMTS01692
SMHB000570	SMTS01705
SMHB000570	SMTS01708
SMHB000570	SMTS01763
SMHB000570	SMTS01785
SMHB000570	SMTS01856
SMHB000570	SMTS02108
SMHB000570	SMTS02330
SMHB000571	SMTS00057
SMHB000571	SMTS00094
SMHB000571	SMTS00134
SMHB000571	SMTS00192
SMHB000571	SMTS00194
SMHB000571	SMTS00258
SMHB000571	SMTS00510
SMHB000571	SMTS00667
SMHB000571	SMTS00894
SMHB000571	SMTS00970
SMHB000571	SMTS01028
SMHB000571	SMTS01344
SMHB000571	SMTS01345
SMHB000571	SMTS01349
SMHB000571	SMTS01551
SMHB000571	SMTS01553
SMHB000571	SMTS01554
SMHB000571	SMTS01889
SMHB000572	SMTS00057
SMHB000572	SMTS00510
SMHB000572	SMTS00667
SMHB000572	SMTS00894
SMHB000572	SMTS00970
SMHB000572	SMTS01028
SMHB000572	SMTS01344
SMHB000572	SMTS01345
SMHB000572	SMTS01551
SMHB000572	SMTS01553
SMHB000572	SMTS01554
SMHB000572	SMTS01889
SMHB000573	SMTS00067
SMHB000573	SMTS00266
SMHB000573	SMTS00274
SMHB000573	SMTS00419
SMHB000573	SMTS00425
SMHB000573	SMTS00518
SMHB000573	SMTS00712
SMHB000573	SMTS00797
SMHB000573	SMTS00816
SMHB000573	SMTS00817
SMHB000573	SMTS00828
SMHB000573	SMTS00950
SMHB000573	SMTS00951
SMHB000573	SMTS01121
SMHB000573	SMTS01122
SMHB000573	SMTS01125
SMHB000573	SMTS01126
SMHB000573	SMTS01127
SMHB000573	SMTS01132
SMHB000573	SMTS01133
SMHB000573	SMTS01134
SMHB000573	SMTS01135
SMHB000573	SMTS01336
SMHB000573	SMTS01341
SMHB000573	SMTS01342
SMHB000573	SMTS01343
SMHB000573	SMTS01346
SMHB000573	SMTS01360
SMHB000573	SMTS01361
SMHB000573	SMTS01441
SMHB000573	SMTS01457
SMHB000573	SMTS01683
SMHB000573	SMTS01684
SMHB000574	SMTS00118
SMHB000574	SMTS00229
SMHB000574	SMTS00296
SMHB000574	SMTS00430
SMHB000574	SMTS00545
SMHB000574	SMTS00546
SMHB000574	SMTS00548
SMHB000574	SMTS00549
SMHB000574	SMTS00550
SMHB000574	SMTS00551
SMHB000574	SMTS00555
SMHB000574	SMTS00642
SMHB000574	SMTS00718
SMHB000574	SMTS00803
SMHB000574	SMTS00804
SMHB000574	SMTS00805
SMHB000574	SMTS00811
SMHB000574	SMTS00812
SMHB000574	SMTS01014
SMHB000574	SMTS01058
SMHB000574	SMTS01118
SMHB000574	SMTS01367
SMHB000574	SMTS01599
SMHB000574	SMTS01690
SMHB000574	SMTS01717
SMHB000574	SMTS01739
SMHB000574	SMTS01943
SMHB000574	SMTS02054
SMHB000574	SMTS02203
SMHB000574	SMTS02235
SMHB000575	SMTS00405
SMHB000575	SMTS00549
SMHB000575	SMTS00550
SMHB000575	SMTS00551
SMHB000575	SMTS00555
SMHB000575	SMTS00762
SMHB000575	SMTS00768
SMHB000575	SMTS00931
SMHB000575	SMTS00977
SMHB000575	SMTS01265
SMHB000575	SMTS01266
SMHB000575	SMTS01267
SMHB000575	SMTS01269
SMHB000576	SMTS00046
SMHB000576	SMTS00047
SMHB000576	SMTS00065
SMHB000576	SMTS00161
SMHB000576	SMTS00164
SMHB000576	SMTS00165
SMHB000576	SMTS00167
SMHB000576	SMTS00168
SMHB000576	SMTS00169
SMHB000576	SMTS00240
SMHB000576	SMTS00706
SMHB000576	SMTS00709
SMHB000576	SMTS00760
SMHB000576	SMTS00789
SMHB000576	SMTS00790
SMHB000576	SMTS00829
SMHB000576	SMTS00896
SMHB000576	SMTS00990
SMHB000576	SMTS00992
SMHB000576	SMTS00996
SMHB000576	SMTS01097
SMHB000576	SMTS01514
SMHB000576	SMTS01584
SMHB000576	SMTS01661
SMHB000576	SMTS01693
SMHB000577	SMTS00068
SMHB000577	SMTS00069
SMHB000577	SMTS00215
SMHB000577	SMTS00253
SMHB000577	SMTS00283
SMHB000577	SMTS00284
SMHB000577	SMTS00289
SMHB000577	SMTS00294
SMHB000577	SMTS00379
SMHB000577	SMTS00611
SMHB000577	SMTS00755
SMHB000577	SMTS00756
SMHB000577	SMTS00757
SMHB000577	SMTS00800
SMHB000577	SMTS00983
SMHB000577	SMTS00988
SMHB000577	SMTS01170
SMHB000577	SMTS01171
SMHB000577	SMTS01175
SMHB000577	SMTS01210
SMHB000577	SMTS01211
SMHB000577	SMTS01298
SMHB000577	SMTS01318
SMHB000577	SMTS01319
SMHB000577	SMTS01586
SMHB000577	SMTS01641
SMHB000578	SMTS00217
SMHB000578	SMTS00279
SMHB000578	SMTS00414
SMHB000578	SMTS00749
SMHB000578	SMTS01593
SMHB000578	SMTS01718
SMHB000578	SMTS01728
SMHB000578	SMTS01935
SMHB000578	SMTS01996
SMHB000578	SMTS02062
SMHB000578	SMTS02111
SMHB000578	SMTS02141
SMHB000578	SMTS02208
SMHB000579	SMTS00067
SMHB000579	SMTS00391
SMHB000579	SMTS00542
SMHB000579	SMTS00600
SMHB000579	SMTS00718
SMHB000579	SMTS00797
SMHB000579	SMTS00803
SMHB000579	SMTS00805
SMHB000579	SMTS00811
SMHB000579	SMTS00912
SMHB000579	SMTS00932
SMHB000579	SMTS01336
SMHB000579	SMTS01339
SMHB000579	SMTS01341
SMHB000579	SMTS01342
SMHB000579	SMTS01343
SMHB000579	SMTS01346
SMHB000579	SMTS01360
SMHB000579	SMTS01361
SMHB000579	SMTS01608
SMHB000579	SMTS01610
SMHB000579	SMTS01683
SMHB000579	SMTS01684
SMHB000580	SMTS00024
SMHB000580	SMTS00025
SMHB000580	SMTS00045
SMHB000580	SMTS00057
SMHB000580	SMTS00096
SMHB000580	SMTS00102
SMHB000580	SMTS00138
SMHB000580	SMTS00213
SMHB000580	SMTS00238
SMHB000580	SMTS00254
SMHB000580	SMTS00309
SMHB000580	SMTS00389
SMHB000580	SMTS00393
SMHB000580	SMTS00435
SMHB000580	SMTS00501
SMHB000580	SMTS00549
SMHB000580	SMTS00550
SMHB000580	SMTS00551
SMHB000580	SMTS00555
SMHB000580	SMTS00562
SMHB000580	SMTS00563
SMHB000580	SMTS00564
SMHB000580	SMTS00577
SMHB000580	SMTS00578
SMHB000580	SMTS00579
SMHB000580	SMTS00582
SMHB000580	SMTS00591
SMHB000580	SMTS00600
SMHB000580	SMTS00604
SMHB000580	SMTS00617
SMHB000580	SMTS00619
SMHB000580	SMTS00652
SMHB000580	SMTS00653
SMHB000580	SMTS00657
SMHB000580	SMTS00667
SMHB000580	SMTS00674
SMHB000580	SMTS00680
SMHB000580	SMTS00879
SMHB000580	SMTS00893
SMHB000580	SMTS00894
SMHB000580	SMTS00910
SMHB000580	SMTS00911
SMHB000580	SMTS00916
SMHB000580	SMTS00925
SMHB000580	SMTS00926
SMHB000580	SMTS00962
SMHB000580	SMTS00965
SMHB000580	SMTS00966
SMHB000580	SMTS00967
SMHB000580	SMTS00969
SMHB000580	SMTS00970
SMHB000580	SMTS00976
SMHB000580	SMTS01025
SMHB000580	SMTS01028
SMHB000580	SMTS01107
SMHB000580	SMTS01113
SMHB000580	SMTS01189
SMHB000580	SMTS01260
SMHB000580	SMTS01324
SMHB000580	SMTS01325
SMHB000580	SMTS01326
SMHB000580	SMTS01349
SMHB000580	SMTS01364
SMHB000580	SMTS01388
SMHB000580	SMTS01416
SMHB000580	SMTS01417
SMHB000580	SMTS01477
SMHB000580	SMTS01480
SMHB000580	SMTS01481
SMHB000580	SMTS01489
SMHB000580	SMTS01501
SMHB000580	SMTS01502
SMHB000580	SMTS01551
SMHB000580	SMTS01553
SMHB000580	SMTS01554
SMHB000580	SMTS01566
SMHB000580	SMTS01698
SMHB000581	SMTS00057
SMHB000581	SMTS00211
SMHB000581	SMTS00331
SMHB000581	SMTS00438
SMHB000581	SMTS00439
SMHB000581	SMTS00447
SMHB000581	SMTS00496
SMHB000581	SMTS00499
SMHB000581	SMTS00541
SMHB000581	SMTS00554
SMHB000581	SMTS00556
SMHB000581	SMTS00557
SMHB000581	SMTS00559
SMHB000581	SMTS00560
SMHB000581	SMTS00591
SMHB000581	SMTS00605
SMHB000581	SMTS00652
SMHB000581	SMTS00656
SMHB000581	SMTS00667
SMHB000581	SMTS00713
SMHB000581	SMTS00779
SMHB000581	SMTS00853
SMHB000581	SMTS00863
SMHB000581	SMTS00894
SMHB000581	SMTS00956
SMHB000581	SMTS00958
SMHB000581	SMTS00961
SMHB000581	SMTS00962
SMHB000581	SMTS00970
SMHB000581	SMTS01028
SMHB000581	SMTS01056
SMHB000581	SMTS01148
SMHB000581	SMTS01149
SMHB000581	SMTS01231
SMHB000581	SMTS01357
SMHB000581	SMTS01453
SMHB000581	SMTS01551
SMHB000581	SMTS01552
SMHB000581	SMTS01553
SMHB000581	SMTS01554
SMHB000581	SMTS01571
SMHB000581	SMTS01682
SMHB000581	SMTS01689
SMHB000581	SMTS01882
SMHB000581	SMTS01883
SMHB000581	SMTS02020
SMHB000582	SMTS00023
SMHB000582	SMTS00048
SMHB000582	SMTS00090
SMHB000582	SMTS00128
SMHB000582	SMTS00137
SMHB000582	SMTS00150
SMHB000582	SMTS00160
SMHB000582	SMTS00162
SMHB000582	SMTS00172
SMHB000582	SMTS00174
SMHB000582	SMTS00340
SMHB000582	SMTS00388
SMHB000582	SMTS00492
SMHB000582	SMTS00526
SMHB000582	SMTS00527
SMHB000582	SMTS00531
SMHB000582	SMTS00533
SMHB000582	SMTS00717
SMHB000582	SMTS00749
SMHB000582	SMTS00793
SMHB000582	SMTS00903
SMHB000582	SMTS00975
SMHB000582	SMTS01200
SMHB000582	SMTS01351
SMHB000582	SMTS01440
SMHB000582	SMTS01570
SMHB000582	SMTS01650
SMHB000582	SMTS01651
SMHB000582	SMTS01703
SMHB000582	SMTS01867
SMHB000582	SMTS01972
SMHB000583	SMTS00094
SMHB000583	SMTS00137
SMHB000583	SMTS00192
SMHB000583	SMTS00194
SMHB000583	SMTS00330
SMHB000583	SMTS00338
SMHB000583	SMTS00558
SMHB000583	SMTS01152
SMHB000583	SMTS01200
SMHB000583	SMTS01570
SMHB000583	SMTS01650
SMHB000583	SMTS01651
SMHB000583	SMTS01703
SMHB000583	SMTS01813
SMHB000584	SMTS00035
SMHB000584	SMTS00139
SMHB000584	SMTS00191
SMHB000584	SMTS00280
SMHB000584	SMTS00283
SMHB000584	SMTS00284
SMHB000584	SMTS00289
SMHB000584	SMTS00347
SMHB000584	SMTS00348
SMHB000584	SMTS00467
SMHB000584	SMTS00468
SMHB000584	SMTS00470
SMHB000584	SMTS00473
SMHB000584	SMTS00541
SMHB000584	SMTS00779
SMHB000584	SMTS00800
SMHB000584	SMTS00866
SMHB000584	SMTS00983
SMHB000584	SMTS01110
SMHB000584	SMTS01116
SMHB000584	SMTS01231
SMHB000584	SMTS01298
SMHB000584	SMTS01365
SMHB000584	SMTS01366
SMHB000584	SMTS01392
SMHB000584	SMTS01453
SMHB000584	SMTS01586
SMHB000584	SMTS01598
SMHB000584	SMTS01689
SMHB000584	SMTS01750
SMHB000585	SMTS00104
SMHB000585	SMTS00394
SMHB000585	SMTS00395
SMHB000585	SMTS00397
SMHB000585	SMTS00400
SMHB000585	SMTS00435
SMHB000585	SMTS00455
SMHB000585	SMTS00541
SMHB000585	SMTS00549
SMHB000585	SMTS00550
SMHB000585	SMTS00551
SMHB000585	SMTS00555
SMHB000585	SMTS00739
SMHB000585	SMTS00776
SMHB000585	SMTS00779
SMHB000585	SMTS00930
SMHB000585	SMTS00977
SMHB000585	SMTS00978
SMHB000585	SMTS01027
SMHB000585	SMTS01231
SMHB000585	SMTS01285
SMHB000585	SMTS01321
SMHB000585	SMTS01453
SMHB000585	SMTS01465
SMHB000585	SMTS01466
SMHB000585	SMTS01467
SMHB000585	SMTS01468
SMHB000585	SMTS01469
SMHB000585	SMTS01476
SMHB000585	SMTS01477
SMHB000585	SMTS01481
SMHB000585	SMTS01484
SMHB000585	SMTS01485
SMHB000585	SMTS01486
SMHB000585	SMTS01492
SMHB000585	SMTS01689
SMHB000586	SMTS00266
SMHB000586	SMTS00274
SMHB000586	SMTS00419
SMHB000586	SMTS00425
SMHB000586	SMTS00462
SMHB000586	SMTS00466
SMHB000586	SMTS00535
SMHB000586	SMTS00647
SMHB000586	SMTS00648
SMHB000586	SMTS01010
SMHB000586	SMTS01296
SMHB000586	SMTS01515
SMHB000586	SMTS01518
SMHB000586	SMTS01561
SMHB000586	SMTS01624
SMHB000586	SMTS01625
SMHB000586	SMTS01626
SMHB000586	SMTS01666
SMHB000586	SMTS01670
SMHB000586	SMTS01711
SMHB000586	SMTS01912
SMHB000586	SMTS02133
SMHB000587	SMTS00057
SMHB000587	SMTS00096
SMHB000587	SMTS00102
SMHB000587	SMTS00183
SMHB000587	SMTS00201
SMHB000587	SMTS00226
SMHB000587	SMTS00238
SMHB000587	SMTS00281
SMHB000587	SMTS00380
SMHB000587	SMTS00496
SMHB000587	SMTS00610
SMHB000587	SMTS00652
SMHB000587	SMTS00653
SMHB000587	SMTS00667
SMHB000587	SMTS00764
SMHB000587	SMTS00894
SMHB000587	SMTS00911
SMHB000587	SMTS00926
SMHB000587	SMTS00970
SMHB000587	SMTS01028
SMHB000587	SMTS01069
SMHB000587	SMTS01240
SMHB000587	SMTS01317
SMHB000587	SMTS01357
SMHB000587	SMTS01439
SMHB000587	SMTS01551
SMHB000587	SMTS01553
SMHB000587	SMTS01554
SMHB000587	SMTS01624
SMHB000587	SMTS01625
SMHB000587	SMTS01626
SMHB000587	SMTS01645
SMHB000587	SMTS01646
SMHB000587	SMTS01648
SMHB000587	SMTS01649
SMHB000587	SMTS01707
SMHB000587	SMTS02046
SMHB000587	SMTS02054
SMHB000587	SMTS02069
SMHB000588	SMTS00187
SMHB000588	SMTS00233
SMHB000588	SMTS00319
SMHB000588	SMTS00394
SMHB000588	SMTS00395
SMHB000588	SMTS00397
SMHB000588	SMTS00400
SMHB000588	SMTS00435
SMHB000588	SMTS00502
SMHB000588	SMTS00503
SMHB000588	SMTS00541
SMHB000588	SMTS00565
SMHB000588	SMTS00568
SMHB000588	SMTS00581
SMHB000588	SMTS00583
SMHB000588	SMTS00584
SMHB000588	SMTS00585
SMHB000588	SMTS00587
SMHB000588	SMTS00590
SMHB000588	SMTS00597
SMHB000588	SMTS00779
SMHB000588	SMTS00833
SMHB000588	SMTS00915
SMHB000588	SMTS00944
SMHB000588	SMTS00956
SMHB000588	SMTS00959
SMHB000588	SMTS00960
SMHB000588	SMTS00961
SMHB000588	SMTS01009
SMHB000588	SMTS01120
SMHB000588	SMTS01231
SMHB000588	SMTS01453
SMHB000588	SMTS01455
SMHB000588	SMTS01465
SMHB000588	SMTS01466
SMHB000588	SMTS01467
SMHB000588	SMTS01468
SMHB000588	SMTS01469
SMHB000588	SMTS01476
SMHB000588	SMTS01477
SMHB000588	SMTS01481
SMHB000588	SMTS01484
SMHB000588	SMTS01485
SMHB000588	SMTS01486
SMHB000588	SMTS01492
SMHB000588	SMTS01599
SMHB000588	SMTS01683
SMHB000588	SMTS01684
SMHB000588	SMTS01689
SMHB000588	SMTS01705
SMHB000588	SMTS01708
SMHB000588	SMTS01807
SMHB000588	SMTS01996
SMHB000589	SMTS00045
SMHB000589	SMTS00053
SMHB000589	SMTS00055
SMHB000589	SMTS00081
SMHB000589	SMTS00096
SMHB000589	SMTS00102
SMHB000589	SMTS00138
SMHB000589	SMTS00506
SMHB000589	SMTS00528
SMHB000589	SMTS00642
SMHB000589	SMTS00651
SMHB000589	SMTS00657
SMHB000589	SMTS00662
SMHB000589	SMTS00663
SMHB000589	SMTS00674
SMHB000589	SMTS00869
SMHB000589	SMTS00870
SMHB000589	SMTS00871
SMHB000589	SMTS00926
SMHB000589	SMTS00962
SMHB000589	SMTS01101
SMHB000589	SMTS01104
SMHB000589	SMTS01105
SMHB000589	SMTS01130
SMHB000589	SMTS01139
SMHB000589	SMTS01349
SMHB000589	SMTS01566
SMHB000589	SMTS01731
SMHB000589	SMTS02022
SMHB000589	SMTS02335
SMHB000590	SMTS00005
SMHB000590	SMTS00013
SMHB000590	SMTS00023
SMHB000590	SMTS00081
SMHB000590	SMTS00096
SMHB000590	SMTS00102
SMHB000590	SMTS00138
SMHB000590	SMTS00172
SMHB000590	SMTS00174
SMHB000590	SMTS00226
SMHB000590	SMTS00322
SMHB000590	SMTS00340
SMHB000590	SMTS00422
SMHB000590	SMTS00506
SMHB000590	SMTS00520
SMHB000590	SMTS00606
SMHB000590	SMTS00651
SMHB000590	SMTS00657
SMHB000590	SMTS00662
SMHB000590	SMTS00663
SMHB000590	SMTS00674
SMHB000590	SMTS00681
SMHB000590	SMTS00796
SMHB000590	SMTS00799
SMHB000590	SMTS00884
SMHB000590	SMTS00926
SMHB000590	SMTS00939
SMHB000590	SMTS00962
SMHB000590	SMTS01123
SMHB000590	SMTS01153
SMHB000590	SMTS01155
SMHB000590	SMTS01425
SMHB000590	SMTS01439
SMHB000590	SMTS01533
SMHB000590	SMTS01540
SMHB000590	SMTS01542
SMHB000590	SMTS01566
SMHB000590	SMTS01624
SMHB000590	SMTS01625
SMHB000590	SMTS01626
SMHB000590	SMTS01656
SMHB000590	SMTS01666
SMHB000590	SMTS01669
SMHB000590	SMTS01670
SMHB000590	SMTS01867
SMHB000590	SMTS01972
SMHB000590	SMTS02231
SMHB000590	SMTS02244
SMHB000590	SMTS02249
SMHB000590	SMTS02346
SMHB000591	SMTS00048
SMHB000591	SMTS00050
SMHB000591	SMTS00088
SMHB000591	SMTS00304
SMHB000591	SMTS00305
SMHB000591	SMTS00388
SMHB000591	SMTS00393
SMHB000591	SMTS00435
SMHB000591	SMTS00457
SMHB000591	SMTS00526
SMHB000591	SMTS00527
SMHB000591	SMTS00567
SMHB000591	SMTS00568
SMHB000591	SMTS00583
SMHB000591	SMTS00584
SMHB000591	SMTS00585
SMHB000591	SMTS00681
SMHB000591	SMTS00717
SMHB000591	SMTS00799
SMHB000591	SMTS00974
SMHB000591	SMTS01014
SMHB000591	SMTS01440
SMHB000591	SMTS01480
SMHB000591	SMTS01690
SMHB000591	SMTS01717
SMHB000591	SMTS02010
SMHB000591	SMTS02074
SMHB000591	SMTS02159
SMHB000591	SMTS02249
SMHB000591	SMTS02361
SMHB000592	SMTS00015
SMHB000592	SMTS00056
SMHB000592	SMTS00060
SMHB000592	SMTS00065
SMHB000592	SMTS00283
SMHB000592	SMTS00285
SMHB000592	SMTS00292
SMHB000592	SMTS00566
SMHB000592	SMTS00706
SMHB000592	SMTS00709
SMHB000592	SMTS00892
SMHB000592	SMTS00896
SMHB000592	SMTS00984
SMHB000592	SMTS00989
SMHB000592	SMTS00990
SMHB000592	SMTS00993
SMHB000592	SMTS00996
SMHB000592	SMTS01182
SMHB000592	SMTS01195
SMHB000592	SMTS01305
SMHB000592	SMTS01514
SMHB000592	SMTS01584
SMHB000592	SMTS01723
SMHB000593	SMTS00023
SMHB000593	SMTS00093
SMHB000593	SMTS00183
SMHB000593	SMTS00238
SMHB000593	SMTS00340
SMHB000593	SMTS00390
SMHB000593	SMTS00438
SMHB000593	SMTS00439
SMHB000593	SMTS00447
SMHB000593	SMTS00462
SMHB000593	SMTS00651
SMHB000593	SMTS00652
SMHB000593	SMTS00653
SMHB000593	SMTS00657
SMHB000593	SMTS00701
SMHB000593	SMTS00713
SMHB000593	SMTS00911
SMHB000593	SMTS01124
SMHB000593	SMTS01138
SMHB000593	SMTS01140
SMHB000593	SMTS01141
SMHB000593	SMTS01142
SMHB000593	SMTS01236
SMHB000593	SMTS01340
SMHB000593	SMTS01349
SMHB000593	SMTS01617
SMHB000593	SMTS01619
SMHB000593	SMTS01682
SMHB000593	SMTS01867
SMHB000593	SMTS01972
SMHB000593	SMTS02125
SMHB000593	SMTS02342
SMHB000594	SMTS00023
SMHB000594	SMTS00093
SMHB000594	SMTS00172
SMHB000594	SMTS00174
SMHB000594	SMTS00183
SMHB000594	SMTS00340
SMHB000594	SMTS00390
SMHB000594	SMTS00520
SMHB000594	SMTS00606
SMHB000594	SMTS00681
SMHB000594	SMTS00799
SMHB000594	SMTS01153
SMHB000594	SMTS01155
SMHB000594	SMTS01236
SMHB000594	SMTS01533
SMHB000594	SMTS01540
SMHB000594	SMTS01542
SMHB000594	SMTS01867
SMHB000594	SMTS01972
SMHB000594	SMTS02231
SMHB000594	SMTS02244
SMHB000594	SMTS02249
SMHB000594	SMTS02342
SMHB000595	SMTS00009
SMHB000595	SMTS00090
SMHB000595	SMTS00109
SMHB000595	SMTS00110
SMHB000595	SMTS00111
SMHB000595	SMTS00115
SMHB000595	SMTS00138
SMHB000595	SMTS00212
SMHB000595	SMTS00231
SMHB000595	SMTS00379
SMHB000595	SMTS00407
SMHB000595	SMTS00506
SMHB000595	SMTS00511
SMHB000595	SMTS00570
SMHB000595	SMTS00611
SMHB000595	SMTS00732
SMHB000595	SMTS00733
SMHB000595	SMTS00741
SMHB000595	SMTS00793
SMHB000595	SMTS00801
SMHB000595	SMTS00903
SMHB000595	SMTS00929
SMHB000595	SMTS01129
SMHB000595	SMTS01233
SMHB000595	SMTS01234
SMHB000595	SMTS01279
SMHB000595	SMTS01319
SMHB000595	SMTS01351
SMHB000595	SMTS01356
SMHB000595	SMTS01515
SMHB000595	SMTS01520
SMHB000595	SMTS01521
SMHB000595	SMTS01524
SMHB000595	SMTS01525
SMHB000595	SMTS01526
SMHB000595	SMTS01530
SMHB000595	SMTS01539
SMHB000595	SMTS01548
SMHB000595	SMTS01555
SMHB000595	SMTS01556
SMHB000595	SMTS01561
SMHB000595	SMTS01562
SMHB000595	SMTS01761
SMHB000595	SMTS02088
SMHB000595	SMTS02225
SMHB000595	SMTS02241
SMHB000596	SMTS00023
SMHB000596	SMTS00048
SMHB000596	SMTS00050
SMHB000596	SMTS00057
SMHB000596	SMTS00086
SMHB000596	SMTS00096
SMHB000596	SMTS00102
SMHB000596	SMTS00138
SMHB000596	SMTS00330
SMHB000596	SMTS00338
SMHB000596	SMTS00340
SMHB000596	SMTS00387
SMHB000596	SMTS00388
SMHB000596	SMTS00427
SMHB000596	SMTS00429
SMHB000596	SMTS00492
SMHB000596	SMTS00549
SMHB000596	SMTS00550
SMHB000596	SMTS00551
SMHB000596	SMTS00555
SMHB000596	SMTS00558
SMHB000596	SMTS00602
SMHB000596	SMTS00603
SMHB000596	SMTS00657
SMHB000596	SMTS00667
SMHB000596	SMTS00681
SMHB000596	SMTS00717
SMHB000596	SMTS00742
SMHB000596	SMTS00799
SMHB000596	SMTS00846
SMHB000596	SMTS00885
SMHB000596	SMTS00894
SMHB000596	SMTS00926
SMHB000596	SMTS00957
SMHB000596	SMTS01028
SMHB000596	SMTS01052
SMHB000596	SMTS01152
SMHB000596	SMTS01324
SMHB000596	SMTS01325
SMHB000596	SMTS01326
SMHB000596	SMTS01331
SMHB000596	SMTS01333
SMHB000596	SMTS01334
SMHB000596	SMTS01335
SMHB000596	SMTS01439
SMHB000596	SMTS01440
SMHB000596	SMTS01551
SMHB000596	SMTS01553
SMHB000596	SMTS01554
SMHB000596	SMTS01624
SMHB000596	SMTS01625
SMHB000596	SMTS01626
SMHB000596	SMTS01721
SMHB000596	SMTS01867
SMHB000596	SMTS01972
SMHB000596	SMTS02249
SMHB000597	SMTS00281
SMHB000597	SMTS00283
SMHB000597	SMTS00284
SMHB000597	SMTS00288
SMHB000597	SMTS00289
SMHB000597	SMTS00291
SMHB000597	SMTS00800
SMHB000597	SMTS00983
SMHB000597	SMTS00999
SMHB000597	SMTS01298
SMHB000597	SMTS01317
SMHB000597	SMTS01408
SMHB000597	SMTS01586
SMHB000597	SMTS01608
SMHB000597	SMTS01610
SMHB000597	SMTS01645
SMHB000597	SMTS01646
SMHB000597	SMTS01647
SMHB000597	SMTS01649
SMHB000597	SMTS02232
SMHB000598	SMTS00128
SMHB000598	SMTS00234
SMHB000598	SMTS00235
SMHB000598	SMTS00236
SMHB000598	SMTS00358
SMHB000598	SMTS00363
SMHB000598	SMTS00372
SMHB000598	SMTS00373
SMHB000598	SMTS00392
SMHB000598	SMTS00541
SMHB000598	SMTS00779
SMHB000598	SMTS00833
SMHB000598	SMTS00837
SMHB000598	SMTS00935
SMHB000598	SMTS00977
SMHB000598	SMTS01013
SMHB000598	SMTS01164
SMHB000598	SMTS01166
SMHB000598	SMTS01231
SMHB000598	SMTS01289
SMHB000598	SMTS01453
SMHB000598	SMTS01599
SMHB000598	SMTS01600
SMHB000598	SMTS01689
SMHB000598	SMTS01715
SMHB000598	SMTS01716
SMHB000598	SMTS01960
SMHB000598	SMTS02277
SMHB000598	SMTS02324
SMHB000599	SMTS00060
SMHB000599	SMTS00068
SMHB000599	SMTS00069
SMHB000599	SMTS00213
SMHB000599	SMTS00238
SMHB000599	SMTS00253
SMHB000599	SMTS00305
SMHB000599	SMTS00620
SMHB000599	SMTS00621
SMHB000599	SMTS00652
SMHB000599	SMTS00653
SMHB000599	SMTS00731
SMHB000599	SMTS00755
SMHB000599	SMTS00756
SMHB000599	SMTS00757
SMHB000599	SMTS00873
SMHB000599	SMTS00911
SMHB000599	SMTS00965
SMHB000599	SMTS00966
SMHB000599	SMTS00967
SMHB000599	SMTS00981
SMHB000599	SMTS00982
SMHB000599	SMTS00983
SMHB000599	SMTS00989
SMHB000599	SMTS01049
SMHB000599	SMTS01210
SMHB000599	SMTS01211
SMHB000599	SMTS01283
SMHB000599	SMTS01284
SMHB000599	SMTS01311
SMHB000599	SMTS01312
SMHB000599	SMTS01314
SMHB000599	SMTS01315
SMHB000599	SMTS01316
SMHB000599	SMTS01321
SMHB000599	SMTS01548
SMHB000599	SMTS01561
SMHB000599	SMTS01562
SMHB000599	SMTS01586
SMHB000599	SMTS01859
SMHB000600	SMTS00105
SMHB000600	SMTS00113
SMHB000600	SMTS00187
SMHB000600	SMTS00233
SMHB000600	SMTS00244
SMHB000600	SMTS00245
SMHB000600	SMTS00246
SMHB000600	SMTS00247
SMHB000600	SMTS00248
SMHB000600	SMTS00249
SMHB000600	SMTS00490
SMHB000600	SMTS00494
SMHB000600	SMTS00495
SMHB000600	SMTS00597
SMHB000600	SMTS00961
SMHB000600	SMTS01009
SMHB000600	SMTS01362
SMHB000600	SMTS01384
SMHB000600	SMTS01386
SMHB000600	SMTS01414
SMHB000600	SMTS01568
SMHB000600	SMTS01705
SMHB000600	SMTS01708
SMHB000600	SMTS01797
SMHB000601	SMTS00104
SMHB000601	SMTS00306
SMHB000601	SMTS00394
SMHB000601	SMTS00395
SMHB000601	SMTS00397
SMHB000601	SMTS00400
SMHB000601	SMTS00435
SMHB000601	SMTS00541
SMHB000601	SMTS00776
SMHB000601	SMTS00779
SMHB000601	SMTS00930
SMHB000601	SMTS00977
SMHB000601	SMTS00978
SMHB000601	SMTS01231
SMHB000601	SMTS01288
SMHB000601	SMTS01321
SMHB000601	SMTS01453
SMHB000601	SMTS01465
SMHB000601	SMTS01466
SMHB000601	SMTS01467
SMHB000601	SMTS01468
SMHB000601	SMTS01469
SMHB000601	SMTS01476
SMHB000601	SMTS01477
SMHB000601	SMTS01481
SMHB000601	SMTS01484
SMHB000601	SMTS01485
SMHB000601	SMTS01486
SMHB000601	SMTS01492
SMHB000601	SMTS01689
SMHB000601	SMTS02016
SMHB000602	SMTS00035
SMHB000602	SMTS00191
SMHB000602	SMTS00202
SMHB000602	SMTS00203
SMHB000602	SMTS00228
SMHB000602	SMTS00283
SMHB000602	SMTS00284
SMHB000602	SMTS00289
SMHB000602	SMTS00306
SMHB000602	SMTS00393
SMHB000602	SMTS00394
SMHB000602	SMTS00395
SMHB000602	SMTS00397
SMHB000602	SMTS00400
SMHB000602	SMTS00435
SMHB000602	SMTS00541
SMHB000602	SMTS00615
SMHB000602	SMTS00618
SMHB000602	SMTS00779
SMHB000602	SMTS00800
SMHB000602	SMTS00866
SMHB000602	SMTS00868
SMHB000602	SMTS00890
SMHB000602	SMTS00983
SMHB000602	SMTS01169
SMHB000602	SMTS01174
SMHB000602	SMTS01175
SMHB000602	SMTS01177
SMHB000602	SMTS01231
SMHB000602	SMTS01288
SMHB000602	SMTS01298
SMHB000602	SMTS01300
SMHB000602	SMTS01453
SMHB000602	SMTS01465
SMHB000602	SMTS01466
SMHB000602	SMTS01467
SMHB000602	SMTS01468
SMHB000602	SMTS01469
SMHB000602	SMTS01476
SMHB000602	SMTS01477
SMHB000602	SMTS01480
SMHB000602	SMTS01481
SMHB000602	SMTS01484
SMHB000602	SMTS01485
SMHB000602	SMTS01486
SMHB000602	SMTS01492
SMHB000602	SMTS01586
SMHB000602	SMTS01638
SMHB000602	SMTS01689
SMHB000602	SMTS01877
SMHB000603	SMTS00035
SMHB000603	SMTS00137
SMHB000603	SMTS00416
SMHB000603	SMTS00418
SMHB000603	SMTS00541
SMHB000603	SMTS00752
SMHB000603	SMTS00779
SMHB000603	SMTS00866
SMHB000603	SMTS01152
SMHB000603	SMTS01200
SMHB000603	SMTS01231
SMHB000603	SMTS01453
SMHB000603	SMTS01570
SMHB000603	SMTS01598
SMHB000603	SMTS01650
SMHB000603	SMTS01651
SMHB000603	SMTS01689
SMHB000603	SMTS01703
SMHB000603	SMTS01813
SMHB000603	SMTS02284
SMHB000604	SMTS00053
SMHB000604	SMTS00055
SMHB000604	SMTS00057
SMHB000604	SMTS00060
SMHB000604	SMTS00065
SMHB000604	SMTS00211
SMHB000604	SMTS00240
SMHB000604	SMTS00407
SMHB000604	SMTS00524
SMHB000604	SMTS00525
SMHB000604	SMTS00667
SMHB000604	SMTS00706
SMHB000604	SMTS00709
SMHB000604	SMTS00760
SMHB000604	SMTS00789
SMHB000604	SMTS00790
SMHB000604	SMTS00829
SMHB000604	SMTS00894
SMHB000604	SMTS00917
SMHB000604	SMTS00924
SMHB000604	SMTS00970
SMHB000604	SMTS00995
SMHB000604	SMTS00996
SMHB000604	SMTS01028
SMHB000604	SMTS01097
SMHB000604	SMTS01101
SMHB000604	SMTS01104
SMHB000604	SMTS01105
SMHB000604	SMTS01109
SMHB000604	SMTS01239
SMHB000604	SMTS01514
SMHB000604	SMTS01520
SMHB000604	SMTS01521
SMHB000604	SMTS01524
SMHB000604	SMTS01525
SMHB000604	SMTS01526
SMHB000604	SMTS01530
SMHB000604	SMTS01531
SMHB000604	SMTS01532
SMHB000604	SMTS01534
SMHB000604	SMTS01543
SMHB000604	SMTS01551
SMHB000604	SMTS01552
SMHB000604	SMTS01553
SMHB000604	SMTS01554
SMHB000604	SMTS01661
SMHB000604	SMTS01693
SMHB000604	SMTS02242
SMHB000604	SMTS02243
SMHB000605	SMTS00016
SMHB000605	SMTS00065
SMHB000605	SMTS00068
SMHB000605	SMTS00069
SMHB000605	SMTS00128
SMHB000605	SMTS00199
SMHB000605	SMTS00251
SMHB000605	SMTS00253
SMHB000605	SMTS00549
SMHB000605	SMTS00550
SMHB000605	SMTS00551
SMHB000605	SMTS00555
SMHB000605	SMTS00573
SMHB000605	SMTS00586
SMHB000605	SMTS00595
SMHB000605	SMTS00688
SMHB000605	SMTS00706
SMHB000605	SMTS00709
SMHB000605	SMTS00755
SMHB000605	SMTS00756
SMHB000605	SMTS00757
SMHB000605	SMTS00896
SMHB000605	SMTS00904
SMHB000605	SMTS00990
SMHB000605	SMTS00996
SMHB000605	SMTS01210
SMHB000605	SMTS01211
SMHB000605	SMTS01439
SMHB000605	SMTS01514
SMHB000605	SMTS01584
SMHB000605	SMTS01624
SMHB000605	SMTS01625
SMHB000605	SMTS01626
SMHB000606	SMTS00018
SMHB000606	SMTS00035
SMHB000606	SMTS00060
SMHB000606	SMTS00065
SMHB000606	SMTS00137
SMHB000606	SMTS00191
SMHB000606	SMTS00268
SMHB000606	SMTS00269
SMHB000606	SMTS00274
SMHB000606	SMTS00290
SMHB000606	SMTS00379
SMHB000606	SMTS00401
SMHB000606	SMTS00549
SMHB000606	SMTS00550
SMHB000606	SMTS00551
SMHB000606	SMTS00555
SMHB000606	SMTS00615
SMHB000606	SMTS00658
SMHB000606	SMTS00659
SMHB000606	SMTS00706
SMHB000606	SMTS00709
SMHB000606	SMTS00715
SMHB000606	SMTS00866
SMHB000606	SMTS00995
SMHB000606	SMTS00996
SMHB000606	SMTS01200
SMHB000606	SMTS01201
SMHB000606	SMTS01259
SMHB000606	SMTS01294
SMHB000606	SMTS01514
SMHB000606	SMTS01570
SMHB000606	SMTS01650
SMHB000606	SMTS01651
SMHB000606	SMTS01703
SMHB000606	SMTS01769
SMHB000606	SMTS01813
SMHB000606	SMTS01939
SMHB000606	SMTS02179
SMHB000606	SMTS02180
SMHB000607	SMTS00023
SMHB000607	SMTS00048
SMHB000607	SMTS00050
SMHB000607	SMTS00137
SMHB000607	SMTS00340
SMHB000607	SMTS00388
SMHB000607	SMTS00405
SMHB000607	SMTS00548
SMHB000607	SMTS00549
SMHB000607	SMTS00550
SMHB000607	SMTS00551
SMHB000607	SMTS00552
SMHB000607	SMTS00553
SMHB000607	SMTS00555
SMHB000607	SMTS00567
SMHB000607	SMTS00568
SMHB000607	SMTS00583
SMHB000607	SMTS00584
SMHB000607	SMTS00585
SMHB000607	SMTS00717
SMHB000607	SMTS00718
SMHB000607	SMTS00752
SMHB000607	SMTS00768
SMHB000607	SMTS00803
SMHB000607	SMTS00804
SMHB000607	SMTS00805
SMHB000607	SMTS00811
SMHB000607	SMTS00931
SMHB000607	SMTS00977
SMHB000607	SMTS01063
SMHB000607	SMTS01065
SMHB000607	SMTS01066
SMHB000607	SMTS01067
SMHB000607	SMTS01068
SMHB000607	SMTS01085
SMHB000607	SMTS01200
SMHB000607	SMTS01440
SMHB000607	SMTS01489
SMHB000607	SMTS01570
SMHB000607	SMTS01650
SMHB000607	SMTS01651
SMHB000607	SMTS01703
SMHB000607	SMTS01813
SMHB000607	SMTS01867
SMHB000607	SMTS01972
SMHB000608	SMTS00012
SMHB000608	SMTS00067
SMHB000608	SMTS00105
SMHB000608	SMTS00436
SMHB000608	SMTS00457
SMHB000608	SMTS00466
SMHB000608	SMTS00522
SMHB000608	SMTS00535
SMHB000608	SMTS00647
SMHB000608	SMTS00648
SMHB000608	SMTS00882
SMHB000608	SMTS01009
SMHB000608	SMTS01010
SMHB000608	SMTS01296
SMHB000608	SMTS01666
SMHB000608	SMTS01670
SMHB000608	SMTS01683
SMHB000608	SMTS01684
SMHB000608	SMTS01692
SMHB000608	SMTS01705
SMHB000608	SMTS01708
SMHB000608	SMTS01711
SMHB000608	SMTS01782
SMHB000608	SMTS01912
SMHB000608	SMTS02010
SMHB000608	SMTS02074
SMHB000608	SMTS02108
SMHB000608	SMTS02330
SMHB000608	SMTS02355
SMHB000609	SMTS00035
SMHB000609	SMTS00104
SMHB000609	SMTS00137
SMHB000609	SMTS00191
SMHB000609	SMTS00266
SMHB000609	SMTS00274
SMHB000609	SMTS00419
SMHB000609	SMTS00425
SMHB000609	SMTS00611
SMHB000609	SMTS00815
SMHB000609	SMTS00866
SMHB000609	SMTS00930
SMHB000609	SMTS01199
SMHB000609	SMTS01200
SMHB000609	SMTS01206
SMHB000609	SMTS01207
SMHB000609	SMTS01214
SMHB000609	SMTS01570
SMHB000609	SMTS01586
SMHB000609	SMTS01650
SMHB000609	SMTS01651
SMHB000609	SMTS01703
SMHB000609	SMTS01813
SMHB000609	SMTS02021
SMHB000610	SMTS00105
SMHB000610	SMTS00113
SMHB000610	SMTS00187
SMHB000610	SMTS00233
SMHB000610	SMTS00244
SMHB000610	SMTS00245
SMHB000610	SMTS00246
SMHB000610	SMTS00247
SMHB000610	SMTS00248
SMHB000610	SMTS00249
SMHB000610	SMTS00490
SMHB000610	SMTS00494
SMHB000610	SMTS00495
SMHB000610	SMTS00597
SMHB000610	SMTS00961
SMHB000610	SMTS01009
SMHB000610	SMTS01362
SMHB000610	SMTS01384
SMHB000610	SMTS01386
SMHB000610	SMTS01414
SMHB000610	SMTS01568
SMHB000610	SMTS01705
SMHB000610	SMTS01708
SMHB000610	SMTS01797
SMHB000611	SMTS00266
SMHB000611	SMTS00274
SMHB000611	SMTS00387
SMHB000611	SMTS00419
SMHB000611	SMTS00425
SMHB000611	SMTS00450
SMHB000611	SMTS00520
SMHB000611	SMTS00606
SMHB000611	SMTS01032
SMHB000611	SMTS01115
SMHB000611	SMTS01119
SMHB000611	SMTS01153
SMHB000611	SMTS01155
SMHB000611	SMTS01250
SMHB000611	SMTS01251
SMHB000611	SMTS01252
SMHB000611	SMTS01533
SMHB000611	SMTS01540
SMHB000611	SMTS01542
SMHB000611	SMTS01571
SMHB000611	SMTS02231
SMHB000611	SMTS02244
SMHB000612	SMTS00016
SMHB000612	SMTS00446
SMHB000612	SMTS00541
SMHB000612	SMTS00598
SMHB000612	SMTS00688
SMHB000612	SMTS00692
SMHB000612	SMTS00749
SMHB000612	SMTS00751
SMHB000612	SMTS00779
SMHB000612	SMTS00869
SMHB000612	SMTS00870
SMHB000612	SMTS00871
SMHB000612	SMTS00874
SMHB000612	SMTS00974
SMHB000612	SMTS00980
SMHB000612	SMTS01012
SMHB000612	SMTS01130
SMHB000612	SMTS01231
SMHB000612	SMTS01453
SMHB000612	SMTS01505
SMHB000612	SMTS01506
SMHB000612	SMTS01512
SMHB000612	SMTS01513
SMHB000612	SMTS01569
SMHB000612	SMTS01689
SMHB000612	SMTS02100
SMHB000612	SMTS02102
SMHB000612	SMTS02208
SMHB000613	SMTS00016
SMHB000613	SMTS00057
SMHB000613	SMTS00070
SMHB000613	SMTS00125
SMHB000613	SMTS00129
SMHB000613	SMTS00131
SMHB000613	SMTS00187
SMHB000613	SMTS00205
SMHB000613	SMTS00261
SMHB000613	SMTS00262
SMHB000613	SMTS00404
SMHB000613	SMTS00437
SMHB000613	SMTS00494
SMHB000613	SMTS00496
SMHB000613	SMTS00501
SMHB000613	SMTS00617
SMHB000613	SMTS00619
SMHB000613	SMTS00667
SMHB000613	SMTS00668
SMHB000613	SMTS00688
SMHB000613	SMTS00691
SMHB000613	SMTS00748
SMHB000613	SMTS00775
SMHB000613	SMTS00819
SMHB000613	SMTS00821
SMHB000613	SMTS00874
SMHB000613	SMTS00894
SMHB000613	SMTS00906
SMHB000613	SMTS00970
SMHB000613	SMTS01012
SMHB000613	SMTS01028
SMHB000613	SMTS01327
SMHB000613	SMTS01416
SMHB000613	SMTS01450
SMHB000613	SMTS01500
SMHB000613	SMTS01506
SMHB000613	SMTS01551
SMHB000613	SMTS01553
SMHB000613	SMTS01554
SMHB000613	SMTS02137
SMHB000614	SMTS00016
SMHB000614	SMTS00057
SMHB000614	SMTS00404
SMHB000614	SMTS00496
SMHB000614	SMTS00518
SMHB000614	SMTS00667
SMHB000614	SMTS00688
SMHB000614	SMTS00690
SMHB000614	SMTS00691
SMHB000614	SMTS00712
SMHB000614	SMTS00816
SMHB000614	SMTS00817
SMHB000614	SMTS00894
SMHB000614	SMTS00950
SMHB000614	SMTS00951
SMHB000614	SMTS00970
SMHB000614	SMTS01000
SMHB000614	SMTS01001
SMHB000614	SMTS01002
SMHB000614	SMTS01003
SMHB000614	SMTS01004
SMHB000614	SMTS01005
SMHB000614	SMTS01006
SMHB000614	SMTS01007
SMHB000614	SMTS01012
SMHB000614	SMTS01028
SMHB000614	SMTS01121
SMHB000614	SMTS01122
SMHB000614	SMTS01125
SMHB000614	SMTS01126
SMHB000614	SMTS01127
SMHB000614	SMTS01132
SMHB000614	SMTS01133
SMHB000614	SMTS01134
SMHB000614	SMTS01135
SMHB000614	SMTS01327
SMHB000614	SMTS01439
SMHB000614	SMTS01441
SMHB000614	SMTS01450
SMHB000614	SMTS01551
SMHB000614	SMTS01553
SMHB000614	SMTS01554
SMHB000614	SMTS01624
SMHB000614	SMTS01625
SMHB000614	SMTS01626
SMHB000614	SMTS02137
SMHB000615	SMTS00023
SMHB000615	SMTS00048
SMHB000615	SMTS00050
SMHB000615	SMTS00084
SMHB000615	SMTS00340
SMHB000615	SMTS00388
SMHB000615	SMTS00717
SMHB000615	SMTS01440
SMHB000615	SMTS01452
SMHB000615	SMTS01867
SMHB000615	SMTS01972
SMHB000616	SMTS00023
SMHB000616	SMTS00048
SMHB000616	SMTS00050
SMHB000616	SMTS00084
SMHB000616	SMTS00340
SMHB000616	SMTS00388
SMHB000616	SMTS00717
SMHB000616	SMTS01440
SMHB000616	SMTS01452
SMHB000616	SMTS01867
SMHB000616	SMTS01972
SMHB000617	SMTS00283
SMHB000617	SMTS00284
SMHB000617	SMTS00289
SMHB000617	SMTS00356
SMHB000617	SMTS00357
SMHB000617	SMTS00360
SMHB000617	SMTS00361
SMHB000617	SMTS00363
SMHB000617	SMTS00365
SMHB000617	SMTS00368
SMHB000617	SMTS00369
SMHB000617	SMTS00373
SMHB000617	SMTS00416
SMHB000617	SMTS00418
SMHB000617	SMTS00611
SMHB000617	SMTS00800
SMHB000617	SMTS00983
SMHB000617	SMTS01095
SMHB000617	SMTS01298
SMHB000617	SMTS01330
SMHB000617	SMTS01336
SMHB000617	SMTS01341
SMHB000617	SMTS01342
SMHB000617	SMTS01343
SMHB000617	SMTS01586
SMHB000617	SMTS01968
SMHB000618	SMTS00001
SMHB000618	SMTS00015
SMHB000618	SMTS00060
SMHB000618	SMTS00061
SMHB000618	SMTS00062
SMHB000618	SMTS00065
SMHB000618	SMTS00283
SMHB000618	SMTS00284
SMHB000618	SMTS00285
SMHB000618	SMTS00286
SMHB000618	SMTS00289
SMHB000618	SMTS00293
SMHB000618	SMTS00294
SMHB000618	SMTS00295
SMHB000618	SMTS00611
SMHB000618	SMTS00706
SMHB000618	SMTS00709
SMHB000618	SMTS00754
SMHB000618	SMTS00800
SMHB000618	SMTS00892
SMHB000618	SMTS00983
SMHB000618	SMTS00984
SMHB000618	SMTS00996
SMHB000618	SMTS01170
SMHB000618	SMTS01171
SMHB000618	SMTS01175
SMHB000618	SMTS01178
SMHB000618	SMTS01182
SMHB000618	SMTS01195
SMHB000618	SMTS01241
SMHB000618	SMTS01298
SMHB000618	SMTS01299
SMHB000618	SMTS01305
SMHB000618	SMTS01306
SMHB000618	SMTS01308
SMHB000618	SMTS01514
SMHB000618	SMTS01586
SMHB000618	SMTS02214
SMHB000619	SMTS00762
SMHB000619	SMTS01027
SMHB000619	SMTS01265
SMHB000619	SMTS01266
SMHB000619	SMTS01267
SMHB000619	SMTS01269
SMHB000620	SMTS00178
SMHB000620	SMTS00230
SMHB000620	SMTS00234
SMHB000620	SMTS00235
SMHB000620	SMTS00236
SMHB000620	SMTS00628
SMHB000620	SMTS00786
SMHB000620	SMTS00876
SMHB000620	SMTS00935
SMHB000620	SMTS01013
SMHB000620	SMTS01162
SMHB000620	SMTS01289
SMHB000620	SMTS01489
SMHB000620	SMTS01959
SMHB000621	SMTS00023
SMHB000621	SMTS00340
SMHB000621	SMTS00571
SMHB000621	SMTS00742
SMHB000621	SMTS00752
SMHB000621	SMTS01152
SMHB000621	SMTS01446
SMHB000621	SMTS01867
SMHB000621	SMTS01972
SMHB000622	SMTS00490
SMHB000622	SMTS00708
SMHB000622	SMTS00795
SMHB000622	SMTS01181
SMHB000622	SMTS01217
SMHB000622	SMTS01362
SMHB000622	SMTS01373
SMHB000622	SMTS01382
SMHB000622	SMTS01383
SMHB000622	SMTS01386
SMHB000622	SMTS01389
SMHB000622	SMTS01393
SMHB000622	SMTS01394
SMHB000622	SMTS01395
SMHB000622	SMTS01396
SMHB000622	SMTS01412
SMHB000622	SMTS01414
SMHB000622	SMTS01415
SMHB000622	SMTS02202
SMHB000623	SMTS00128
SMHB000623	SMTS00229
SMHB000623	SMTS00353
SMHB000623	SMTS00414
SMHB000623	SMTS00776
SMHB000623	SMTS00978
SMHB000623	SMTS01027
SMHB000623	SMTS01739
SMHB000623	SMTS01935
SMHB000623	SMTS02011
SMHB000623	SMTS02245
SMHB000623	SMTS02316
SMHB000624	SMTS00057
SMHB000624	SMTS00183
SMHB000624	SMTS00240
SMHB000624	SMTS00254
SMHB000624	SMTS00507
SMHB000624	SMTS00509
SMHB000624	SMTS00549
SMHB000624	SMTS00550
SMHB000624	SMTS00551
SMHB000624	SMTS00555
SMHB000624	SMTS00558
SMHB000624	SMTS00561
SMHB000624	SMTS00604
SMHB000624	SMTS00667
SMHB000624	SMTS00760
SMHB000624	SMTS00789
SMHB000624	SMTS00790
SMHB000624	SMTS00829
SMHB000624	SMTS00894
SMHB000624	SMTS00940
SMHB000624	SMTS00941
SMHB000624	SMTS00952
SMHB000624	SMTS00953
SMHB000624	SMTS00954
SMHB000624	SMTS00970
SMHB000624	SMTS01028
SMHB000624	SMTS01097
SMHB000624	SMTS01100
SMHB000624	SMTS01331
SMHB000624	SMTS01333
SMHB000624	SMTS01334
SMHB000624	SMTS01335
SMHB000624	SMTS01551
SMHB000624	SMTS01553
SMHB000624	SMTS01554
SMHB000624	SMTS01661
SMHB000624	SMTS01693
SMHB000625	SMTS00250
SMHB000625	SMTS00407
SMHB000625	SMTS00545
SMHB000625	SMTS00546
SMHB000625	SMTS00548
SMHB000625	SMTS00549
SMHB000625	SMTS00550
SMHB000625	SMTS00551
SMHB000625	SMTS00555
SMHB000625	SMTS00611
SMHB000625	SMTS00718
SMHB000625	SMTS00803
SMHB000625	SMTS00804
SMHB000625	SMTS00805
SMHB000625	SMTS00811
SMHB000625	SMTS00815
SMHB000625	SMTS00860
SMHB000625	SMTS01118
SMHB000625	SMTS01199
SMHB000625	SMTS01204
SMHB000625	SMTS01206
SMHB000625	SMTS01207
SMHB000625	SMTS01518
SMHB000625	SMTS01520
SMHB000625	SMTS01521
SMHB000625	SMTS01524
SMHB000625	SMTS01525
SMHB000625	SMTS01526
SMHB000625	SMTS01530
SMHB000625	SMTS01539
SMHB000625	SMTS01586
SMHB000625	SMTS01947
SMHB000625	SMTS02225
SMHB000625	SMTS02241
SMHB000626	SMTS00094
SMHB000626	SMTS00104
SMHB000626	SMTS00105
SMHB000626	SMTS00192
SMHB000626	SMTS00194
SMHB000626	SMTS00394
SMHB000626	SMTS00395
SMHB000626	SMTS00397
SMHB000626	SMTS00400
SMHB000626	SMTS00435
SMHB000626	SMTS00494
SMHB000626	SMTS00495
SMHB000626	SMTS00541
SMHB000626	SMTS00630
SMHB000626	SMTS00779
SMHB000626	SMTS00930
SMHB000626	SMTS01009
SMHB000626	SMTS01120
SMHB000626	SMTS01231
SMHB000626	SMTS01453
SMHB000626	SMTS01465
SMHB000626	SMTS01466
SMHB000626	SMTS01467
SMHB000626	SMTS01468
SMHB000626	SMTS01469
SMHB000626	SMTS01476
SMHB000626	SMTS01477
SMHB000626	SMTS01481
SMHB000626	SMTS01484
SMHB000626	SMTS01485
SMHB000626	SMTS01486
SMHB000626	SMTS01492
SMHB000626	SMTS01599
SMHB000626	SMTS01689
SMHB000626	SMTS01705
SMHB000626	SMTS01708
SMHB000626	SMTS01996
SMHB000627	SMTS00023
SMHB000627	SMTS00048
SMHB000627	SMTS00137
SMHB000627	SMTS00150
SMHB000627	SMTS00160
SMHB000627	SMTS00162
SMHB000627	SMTS00172
SMHB000627	SMTS00174
SMHB000627	SMTS00340
SMHB000627	SMTS00388
SMHB000627	SMTS00526
SMHB000627	SMTS00527
SMHB000627	SMTS00531
SMHB000627	SMTS00533
SMHB000627	SMTS00717
SMHB000627	SMTS01200
SMHB000627	SMTS01440
SMHB000627	SMTS01570
SMHB000627	SMTS01650
SMHB000627	SMTS01651
SMHB000627	SMTS01703
SMHB000627	SMTS01867
SMHB000627	SMTS01972
SMHB000628	SMTS00186
SMHB000628	SMTS00255
SMHB000628	SMTS00329
SMHB000628	SMTS00330
SMHB000628	SMTS00332
SMHB000628	SMTS00333
SMHB000628	SMTS00335
SMHB000628	SMTS00336
SMHB000628	SMTS00406
SMHB000628	SMTS00411
SMHB000628	SMTS00502
SMHB000628	SMTS00503
SMHB000628	SMTS00549
SMHB000628	SMTS00550
SMHB000628	SMTS00551
SMHB000628	SMTS00554
SMHB000628	SMTS00555
SMHB000628	SMTS00557
SMHB000628	SMTS00559
SMHB000628	SMTS00591
SMHB000628	SMTS00605
SMHB000628	SMTS01056
SMHB000628	SMTS01057
SMHB000628	SMTS01059
SMHB000628	SMTS01060
SMHB000628	SMTS01061
SMHB000628	SMTS01070
SMHB000628	SMTS01071
SMHB000628	SMTS01072
SMHB000628	SMTS01073
SMHB000628	SMTS01081
SMHB000628	SMTS01082
SMHB000628	SMTS01085
SMHB000628	SMTS01093
SMHB000628	SMTS01095
SMHB000628	SMTS01148
SMHB000628	SMTS01149
SMHB000628	SMTS01455
SMHB000628	SMTS01683
SMHB000628	SMTS01684
SMHB000628	SMTS01727
SMHB000628	SMTS01995
SMHB000628	SMTS02056
SMHB000628	SMTS02080
SMHB000629	SMTS00035
SMHB000629	SMTS00137
SMHB000629	SMTS00191
SMHB000629	SMTS00266
SMHB000629	SMTS00274
SMHB000629	SMTS00351
SMHB000629	SMTS00419
SMHB000629	SMTS00425
SMHB000629	SMTS00644
SMHB000629	SMTS00866
SMHB000629	SMTS01200
SMHB000629	SMTS01570
SMHB000629	SMTS01650
SMHB000629	SMTS01651
SMHB000629	SMTS01703
SMHB000629	SMTS01813
SMHB000629	SMTS02359
SMHB000630	SMTS00057
SMHB000630	SMTS00211
SMHB000630	SMTS00266
SMHB000630	SMTS00274
SMHB000630	SMTS00419
SMHB000630	SMTS00425
SMHB000630	SMTS00667
SMHB000630	SMTS00774
SMHB000630	SMTS00799
SMHB000630	SMTS00870
SMHB000630	SMTS00871
SMHB000630	SMTS00894
SMHB000630	SMTS00937
SMHB000630	SMTS00942
SMHB000630	SMTS00943
SMHB000630	SMTS00970
SMHB000630	SMTS01028
SMHB000630	SMTS01029
SMHB000630	SMTS01130
SMHB000630	SMTS01349
SMHB000630	SMTS01551
SMHB000630	SMTS01552
SMHB000630	SMTS01553
SMHB000630	SMTS01554
SMHB000631	SMTS00234
SMHB000631	SMTS00235
SMHB000631	SMTS00236
SMHB000631	SMTS00242
SMHB000631	SMTS00339
SMHB000631	SMTS00405
SMHB000631	SMTS00474
SMHB000631	SMTS00518
SMHB000631	SMTS00549
SMHB000631	SMTS00550
SMHB000631	SMTS00551
SMHB000631	SMTS00555
SMHB000631	SMTS00712
SMHB000631	SMTS00768
SMHB000631	SMTS00816
SMHB000631	SMTS00817
SMHB000631	SMTS00931
SMHB000631	SMTS00935
SMHB000631	SMTS00950
SMHB000631	SMTS00951
SMHB000631	SMTS00977
SMHB000631	SMTS01013
SMHB000631	SMTS01121
SMHB000631	SMTS01122
SMHB000631	SMTS01125
SMHB000631	SMTS01126
SMHB000631	SMTS01127
SMHB000631	SMTS01132
SMHB000631	SMTS01133
SMHB000631	SMTS01134
SMHB000631	SMTS01135
SMHB000631	SMTS01289
SMHB000631	SMTS01439
SMHB000631	SMTS01441
SMHB000631	SMTS01547
SMHB000631	SMTS01616
SMHB000631	SMTS01618
SMHB000631	SMTS01620
SMHB000631	SMTS01621
SMHB000631	SMTS01622
SMHB000631	SMTS01623
SMHB000631	SMTS01624
SMHB000631	SMTS01625
SMHB000631	SMTS01626
SMHB000631	SMTS02247
SMHB000631	SMTS02339
SMHB000632	SMTS00023
SMHB000632	SMTS00035
SMHB000632	SMTS00137
SMHB000632	SMTS00243
SMHB000632	SMTS00340
SMHB000632	SMTS00354
SMHB000632	SMTS00363
SMHB000632	SMTS00549
SMHB000632	SMTS00550
SMHB000632	SMTS00551
SMHB000632	SMTS00555
SMHB000632	SMTS00558
SMHB000632	SMTS00561
SMHB000632	SMTS00562
SMHB000632	SMTS00563
SMHB000632	SMTS00564
SMHB000632	SMTS00577
SMHB000632	SMTS00578
SMHB000632	SMTS00579
SMHB000632	SMTS00752
SMHB000632	SMTS00866
SMHB000632	SMTS01152
SMHB000632	SMTS01189
SMHB000632	SMTS01200
SMHB000632	SMTS01235
SMHB000632	SMTS01348
SMHB000632	SMTS01390
SMHB000632	SMTS01431
SMHB000632	SMTS01434
SMHB000632	SMTS01446
SMHB000632	SMTS01570
SMHB000632	SMTS01627
SMHB000632	SMTS01650
SMHB000632	SMTS01651
SMHB000632	SMTS01703
SMHB000632	SMTS01813
SMHB000632	SMTS01867
SMHB000632	SMTS01972
SMHB000632	SMTS02284
SMHB000633	SMTS00057
SMHB000633	SMTS00172
SMHB000633	SMTS00174
SMHB000633	SMTS00379
SMHB000633	SMTS00667
SMHB000633	SMTS00894
SMHB000633	SMTS00970
SMHB000633	SMTS01028
SMHB000633	SMTS01318
SMHB000633	SMTS01319
SMHB000633	SMTS01331
SMHB000633	SMTS01333
SMHB000633	SMTS01334
SMHB000633	SMTS01335
SMHB000633	SMTS01551
SMHB000633	SMTS01553
SMHB000633	SMTS01554
SMHB000633	SMTS01561
SMHB000634	SMTS00035
SMHB000634	SMTS00127
SMHB000634	SMTS00139
SMHB000634	SMTS00191
SMHB000634	SMTS00266
SMHB000634	SMTS00274
SMHB000634	SMTS00283
SMHB000634	SMTS00284
SMHB000634	SMTS00289
SMHB000634	SMTS00419
SMHB000634	SMTS00425
SMHB000634	SMTS00800
SMHB000634	SMTS00866
SMHB000634	SMTS00983
SMHB000634	SMTS01298
SMHB000634	SMTS01329
SMHB000634	SMTS01336
SMHB000634	SMTS01341
SMHB000634	SMTS01342
SMHB000634	SMTS01343
SMHB000634	SMTS01586
SMHB000635	SMTS00065
SMHB000635	SMTS00242
SMHB000635	SMTS00310
SMHB000635	SMTS00350
SMHB000635	SMTS00462
SMHB000635	SMTS00573
SMHB000635	SMTS00586
SMHB000635	SMTS00595
SMHB000635	SMTS00685
SMHB000635	SMTS00696
SMHB000635	SMTS00697
SMHB000635	SMTS00706
SMHB000635	SMTS00709
SMHB000635	SMTS00716
SMHB000635	SMTS00896
SMHB000635	SMTS00904
SMHB000635	SMTS00990
SMHB000635	SMTS00996
SMHB000635	SMTS01418
SMHB000635	SMTS01436
SMHB000635	SMTS01514
SMHB000635	SMTS01584
SMHB000635	SMTS01774
SMHB000635	SMTS02028
SMHB000635	SMTS02342
SMHB000636	SMTS00306
SMHB000636	SMTS00394
SMHB000636	SMTS00395
SMHB000636	SMTS00397
SMHB000636	SMTS00400
SMHB000636	SMTS00435
SMHB000636	SMTS00541
SMHB000636	SMTS00549
SMHB000636	SMTS00550
SMHB000636	SMTS00551
SMHB000636	SMTS00555
SMHB000636	SMTS00779
SMHB000636	SMTS01231
SMHB000636	SMTS01288
SMHB000636	SMTS01453
SMHB000636	SMTS01465
SMHB000636	SMTS01466
SMHB000636	SMTS01467
SMHB000636	SMTS01468
SMHB000636	SMTS01469
SMHB000636	SMTS01476
SMHB000636	SMTS01477
SMHB000636	SMTS01481
SMHB000636	SMTS01484
SMHB000636	SMTS01485
SMHB000636	SMTS01486
SMHB000636	SMTS01492
SMHB000636	SMTS01689
SMHB000637	SMTS01954
SMHB000637	SMTS02093
SMHB000638	SMTS00135
SMHB000638	SMTS00137
SMHB000638	SMTS00234
SMHB000638	SMTS00235
SMHB000638	SMTS00236
SMHB000638	SMTS00278
SMHB000638	SMTS00330
SMHB000638	SMTS00338
SMHB000638	SMTS00549
SMHB000638	SMTS00550
SMHB000638	SMTS00551
SMHB000638	SMTS00555
SMHB000638	SMTS00558
SMHB000638	SMTS00684
SMHB000638	SMTS00833
SMHB000638	SMTS00935
SMHB000638	SMTS01013
SMHB000638	SMTS01033
SMHB000638	SMTS01200
SMHB000638	SMTS01289
SMHB000638	SMTS01570
SMHB000638	SMTS01650
SMHB000638	SMTS01651
SMHB000638	SMTS01652
SMHB000638	SMTS01662
SMHB000638	SMTS01703
SMHB000638	SMTS01960
SMHB000639	SMTS00021
SMHB000639	SMTS00022
SMHB000639	SMTS00043
SMHB000639	SMTS00067
SMHB000639	SMTS00234
SMHB000639	SMTS00235
SMHB000639	SMTS00236
SMHB000639	SMTS00316
SMHB000639	SMTS00379
SMHB000639	SMTS00449
SMHB000639	SMTS00512
SMHB000639	SMTS00513
SMHB000639	SMTS00514
SMHB000639	SMTS00515
SMHB000639	SMTS00516
SMHB000639	SMTS00518
SMHB000639	SMTS00562
SMHB000639	SMTS00563
SMHB000639	SMTS00564
SMHB000639	SMTS00577
SMHB000639	SMTS00578
SMHB000639	SMTS00579
SMHB000639	SMTS00650
SMHB000639	SMTS00712
SMHB000639	SMTS00797
SMHB000639	SMTS00816
SMHB000639	SMTS00817
SMHB000639	SMTS00838
SMHB000639	SMTS00935
SMHB000639	SMTS00950
SMHB000639	SMTS00951
SMHB000639	SMTS00962
SMHB000639	SMTS01013
SMHB000639	SMTS01121
SMHB000639	SMTS01122
SMHB000639	SMTS01125
SMHB000639	SMTS01126
SMHB000639	SMTS01127
SMHB000639	SMTS01132
SMHB000639	SMTS01133
SMHB000639	SMTS01134
SMHB000639	SMTS01135
SMHB000639	SMTS01189
SMHB000639	SMTS01254
SMHB000639	SMTS01255
SMHB000639	SMTS01256
SMHB000639	SMTS01257
SMHB000639	SMTS01260
SMHB000639	SMTS01289
SMHB000639	SMTS01318
SMHB000639	SMTS01319
SMHB000639	SMTS01336
SMHB000639	SMTS01341
SMHB000639	SMTS01342
SMHB000639	SMTS01343
SMHB000639	SMTS01346
SMHB000639	SMTS01360
SMHB000639	SMTS01361
SMHB000639	SMTS01439
SMHB000639	SMTS01441
SMHB000639	SMTS01520
SMHB000639	SMTS01566
SMHB000639	SMTS01624
SMHB000639	SMTS01625
SMHB000639	SMTS01626
SMHB000639	SMTS01683
SMHB000639	SMTS01684
SMHB000639	SMTS01697
SMHB000640	SMTS00035
SMHB000640	SMTS00109
SMHB000640	SMTS00110
SMHB000640	SMTS00111
SMHB000640	SMTS00115
SMHB000640	SMTS00231
SMHB000640	SMTS00281
SMHB000640	SMTS00430
SMHB000640	SMTS00511
SMHB000640	SMTS00866
SMHB000640	SMTS01120
SMHB000640	SMTS01139
SMHB000640	SMTS01515
SMHB000640	SMTS01548
SMHB000640	SMTS01562
SMHB000640	SMTS01645
SMHB000640	SMTS01646
SMHB000640	SMTS01649
SMHB000640	SMTS01761
SMHB000640	SMTS02038
SMHB000640	SMTS02110
SMHB000640	SMTS02284
SMHB000641	SMTS00035
SMHB000641	SMTS00281
SMHB000641	SMTS00430
SMHB000641	SMTS00642
SMHB000641	SMTS00866
SMHB000641	SMTS01120
SMHB000641	SMTS01139
SMHB000641	SMTS01515
SMHB000641	SMTS01561
SMHB000641	SMTS01645
SMHB000641	SMTS01646
SMHB000641	SMTS01649
SMHB000641	SMTS02038
SMHB000641	SMTS02054
SMHB000641	SMTS02110
SMHB000641	SMTS02284
SMHB000642	SMTS00002
SMHB000642	SMTS00023
SMHB000642	SMTS00048
SMHB000642	SMTS00050
SMHB000642	SMTS00137
SMHB000642	SMTS00174
SMHB000642	SMTS00340
SMHB000642	SMTS00388
SMHB000642	SMTS00403
SMHB000642	SMTS00598
SMHB000642	SMTS00717
SMHB000642	SMTS00752
SMHB000642	SMTS00776
SMHB000642	SMTS00815
SMHB000642	SMTS00974
SMHB000642	SMTS00978
SMHB000642	SMTS00980
SMHB000642	SMTS01152
SMHB000642	SMTS01157
SMHB000642	SMTS01199
SMHB000642	SMTS01200
SMHB000642	SMTS01204
SMHB000642	SMTS01206
SMHB000642	SMTS01207
SMHB000642	SMTS01440
SMHB000642	SMTS01561
SMHB000642	SMTS01570
SMHB000642	SMTS01586
SMHB000642	SMTS01650
SMHB000642	SMTS01651
SMHB000642	SMTS01703
SMHB000642	SMTS01867
SMHB000642	SMTS01870
SMHB000642	SMTS01871
SMHB000642	SMTS01915
SMHB000642	SMTS01972
SMHB000642	SMTS02280
SMHB000643	SMTS00078
SMHB000643	SMTS00114
SMHB000643	SMTS00274
SMHB000643	SMTS00541
SMHB000643	SMTS00546
SMHB000643	SMTS00779
SMHB000643	SMTS01063
SMHB000643	SMTS01066
SMHB000643	SMTS01067
SMHB000643	SMTS01068
SMHB000643	SMTS01085
SMHB000643	SMTS01118
SMHB000643	SMTS01139
SMHB000643	SMTS01231
SMHB000643	SMTS01453
SMHB000643	SMTS01689
SMHB000643	SMTS02022
SMHB000643	SMTS02329
SMHB000644	SMTS00212
SMHB000644	SMTS00403
SMHB000644	SMTS00729
SMHB000644	SMTS00732
SMHB000644	SMTS00733
SMHB000644	SMTS01264
SMHB000644	SMTS01275
SMHB000644	SMTS01279
SMHB000644	SMTS01548
SMHB000644	SMTS01555
SMHB000644	SMTS01556
SMHB000644	SMTS01561
SMHB000644	SMTS01562
SMHB000645	SMTS00035
SMHB000645	SMTS00191
SMHB000645	SMTS00283
SMHB000645	SMTS00284
SMHB000645	SMTS00288
SMHB000645	SMTS00289
SMHB000645	SMTS00642
SMHB000645	SMTS00800
SMHB000645	SMTS00815
SMHB000645	SMTS00866
SMHB000645	SMTS00983
SMHB000645	SMTS01139
SMHB000645	SMTS01150
SMHB000645	SMTS01151
SMHB000645	SMTS01199
SMHB000645	SMTS01204
SMHB000645	SMTS01206
SMHB000645	SMTS01207
SMHB000645	SMTS01298
SMHB000645	SMTS01586
SMHB000645	SMTS02022
SMHB000645	SMTS02054
SMHB000646	SMTS00065
SMHB000646	SMTS00161
SMHB000646	SMTS00164
SMHB000646	SMTS00167
SMHB000646	SMTS00168
SMHB000646	SMTS00169
SMHB000646	SMTS00240
SMHB000646	SMTS00314
SMHB000646	SMTS00437
SMHB000646	SMTS00706
SMHB000646	SMTS00709
SMHB000646	SMTS00760
SMHB000646	SMTS00789
SMHB000646	SMTS00790
SMHB000646	SMTS00793
SMHB000646	SMTS00829
SMHB000646	SMTS00896
SMHB000646	SMTS00962
SMHB000646	SMTS00990
SMHB000646	SMTS00992
SMHB000646	SMTS00996
SMHB000646	SMTS01097
SMHB000646	SMTS01115
SMHB000646	SMTS01514
SMHB000646	SMTS01584
SMHB000646	SMTS01661
SMHB000646	SMTS01693
SMHB000646	SMTS01762
SMHB000647	SMTS00627
SMHB000647	SMTS00822
SMHB000647	SMTS00824
SMHB000647	SMTS00977
SMHB000647	SMTS01027
SMHB000647	SMTS01277
SMHB000647	SMTS01597
SMHB000647	SMTS01941
SMHB000648	SMTS00016
SMHB000648	SMTS00045
SMHB000648	SMTS00118
SMHB000648	SMTS00392
SMHB000648	SMTS00394
SMHB000648	SMTS00395
SMHB000648	SMTS00397
SMHB000648	SMTS00400
SMHB000648	SMTS00435
SMHB000648	SMTS00541
SMHB000648	SMTS00688
SMHB000648	SMTS00689
SMHB000648	SMTS00779
SMHB000648	SMTS00867
SMHB000648	SMTS01164
SMHB000648	SMTS01166
SMHB000648	SMTS01231
SMHB000648	SMTS01321
SMHB000648	SMTS01453
SMHB000648	SMTS01465
SMHB000648	SMTS01466
SMHB000648	SMTS01467
SMHB000648	SMTS01468
SMHB000648	SMTS01469
SMHB000648	SMTS01476
SMHB000648	SMTS01477
SMHB000648	SMTS01481
SMHB000648	SMTS01484
SMHB000648	SMTS01485
SMHB000648	SMTS01486
SMHB000648	SMTS01492
SMHB000648	SMTS01507
SMHB000648	SMTS01509
SMHB000648	SMTS01599
SMHB000648	SMTS01689
SMHB000648	SMTS01715
SMHB000649	SMTS00015
SMHB000649	SMTS00016
SMHB000649	SMTS00172
SMHB000649	SMTS00174
SMHB000649	SMTS00283
SMHB000649	SMTS00284
SMHB000649	SMTS00285
SMHB000649	SMTS00289
SMHB000649	SMTS00541
SMHB000649	SMTS00620
SMHB000649	SMTS00621
SMHB000649	SMTS00688
SMHB000649	SMTS00692
SMHB000649	SMTS00779
SMHB000649	SMTS00800
SMHB000649	SMTS00892
SMHB000649	SMTS00983
SMHB000649	SMTS00984
SMHB000649	SMTS01027
SMHB000649	SMTS01175
SMHB000649	SMTS01180
SMHB000649	SMTS01182
SMHB000649	SMTS01195
SMHB000649	SMTS01231
SMHB000649	SMTS01241
SMHB000649	SMTS01298
SMHB000649	SMTS01305
SMHB000649	SMTS01306
SMHB000649	SMTS01311
SMHB000649	SMTS01312
SMHB000649	SMTS01314
SMHB000649	SMTS01315
SMHB000649	SMTS01316
SMHB000649	SMTS01453
SMHB000649	SMTS01513
SMHB000649	SMTS01523
SMHB000649	SMTS01586
SMHB000649	SMTS01599
SMHB000649	SMTS01689
SMHB000649	SMTS02016
SMHB000649	SMTS02100
SMHB000649	SMTS02102
SMHB000649	SMTS02156
SMHB000650	SMTS00015
SMHB000650	SMTS00035
SMHB000650	SMTS00191
SMHB000650	SMTS00234
SMHB000650	SMTS00235
SMHB000650	SMTS00236
SMHB000650	SMTS00266
SMHB000650	SMTS00274
SMHB000650	SMTS00283
SMHB000650	SMTS00284
SMHB000650	SMTS00285
SMHB000650	SMTS00289
SMHB000650	SMTS00394
SMHB000650	SMTS00395
SMHB000650	SMTS00397
SMHB000650	SMTS00400
SMHB000650	SMTS00419
SMHB000650	SMTS00425
SMHB000650	SMTS00435
SMHB000650	SMTS00541
SMHB000650	SMTS00776
SMHB000650	SMTS00779
SMHB000650	SMTS00800
SMHB000650	SMTS00866
SMHB000650	SMTS00892
SMHB000650	SMTS00935
SMHB000650	SMTS00977
SMHB000650	SMTS00978
SMHB000650	SMTS00983
SMHB000650	SMTS00984
SMHB000650	SMTS01013
SMHB000650	SMTS01175
SMHB000650	SMTS01180
SMHB000650	SMTS01182
SMHB000650	SMTS01195
SMHB000650	SMTS01231
SMHB000650	SMTS01241
SMHB000650	SMTS01289
SMHB000650	SMTS01298
SMHB000650	SMTS01305
SMHB000650	SMTS01306
SMHB000650	SMTS01321
SMHB000650	SMTS01453
SMHB000650	SMTS01465
SMHB000650	SMTS01466
SMHB000650	SMTS01467
SMHB000650	SMTS01468
SMHB000650	SMTS01469
SMHB000650	SMTS01476
SMHB000650	SMTS01477
SMHB000650	SMTS01481
SMHB000650	SMTS01484
SMHB000650	SMTS01485
SMHB000650	SMTS01486
SMHB000650	SMTS01492
SMHB000650	SMTS01586
SMHB000650	SMTS01689
SMHB000650	SMTS02016
SMHB000651	SMTS00546
SMHB000651	SMTS00548
SMHB000651	SMTS00549
SMHB000651	SMTS00550
SMHB000651	SMTS00551
SMHB000651	SMTS00552
SMHB000651	SMTS00553
SMHB000651	SMTS00555
SMHB000651	SMTS00718
SMHB000651	SMTS00803
SMHB000651	SMTS00804
SMHB000651	SMTS00805
SMHB000651	SMTS00811
SMHB000651	SMTS01063
SMHB000651	SMTS01065
SMHB000651	SMTS01066
SMHB000651	SMTS01067
SMHB000651	SMTS01068
SMHB000651	SMTS01085
SMHB000651	SMTS01118
SMHB000651	SMTS01795
SMHB000652	SMTS00094
SMHB000652	SMTS00190
SMHB000652	SMTS00192
SMHB000652	SMTS00266
SMHB000652	SMTS00274
SMHB000652	SMTS00280
SMHB000652	SMTS00407
SMHB000652	SMTS00419
SMHB000652	SMTS00425
SMHB000652	SMTS00473
SMHB000652	SMTS00518
SMHB000652	SMTS00712
SMHB000652	SMTS00816
SMHB000652	SMTS00817
SMHB000652	SMTS00828
SMHB000652	SMTS00950
SMHB000652	SMTS00951
SMHB000652	SMTS01116
SMHB000652	SMTS01121
SMHB000652	SMTS01122
SMHB000652	SMTS01125
SMHB000652	SMTS01126
SMHB000652	SMTS01127
SMHB000652	SMTS01132
SMHB000652	SMTS01133
SMHB000652	SMTS01134
SMHB000652	SMTS01135
SMHB000652	SMTS01154
SMHB000652	SMTS01156
SMHB000652	SMTS01441
SMHB000652	SMTS01457
SMHB000652	SMTS01520
SMHB000652	SMTS01521
SMHB000652	SMTS01524
SMHB000652	SMTS01525
SMHB000652	SMTS01526
SMHB000652	SMTS01530
SMHB000652	SMTS01532
SMHB000652	SMTS01534
SMHB000652	SMTS01535
SMHB000652	SMTS02226
SMHB000652	SMTS02236
SMHB000653	SMTS00105
SMHB000653	SMTS00393
SMHB000653	SMTS00435
SMHB000653	SMTS00522
SMHB000653	SMTS00774
SMHB000653	SMTS00870
SMHB000653	SMTS00871
SMHB000653	SMTS01009
SMHB000653	SMTS01130
SMHB000653	SMTS01293
SMHB000653	SMTS01480
SMHB000653	SMTS01705
SMHB000653	SMTS01708
SMHB000653	SMTS01856
SMHB000653	SMTS01999
SMHB000653	SMTS02137
SMHB000654	SMTS00016
SMHB000654	SMTS00045
SMHB000654	SMTS00184
SMHB000654	SMTS00207
SMHB000654	SMTS00379
SMHB000654	SMTS00393
SMHB000654	SMTS00405
SMHB000654	SMTS00435
SMHB000654	SMTS00615
SMHB000654	SMTS00688
SMHB000654	SMTS00693
SMHB000654	SMTS00719
SMHB000654	SMTS00768
SMHB000654	SMTS00931
SMHB000654	SMTS00934
SMHB000654	SMTS01139
SMHB000654	SMTS01309
SMHB000654	SMTS01318
SMHB000654	SMTS01319
SMHB000654	SMTS01327
SMHB000654	SMTS01480
SMHB000654	SMTS01634
SMHB000654	SMTS02033
SMHB000655	SMTS00086
SMHB000655	SMTS00128
SMHB000655	SMTS00407
SMHB000655	SMTS00492
SMHB000655	SMTS00541
SMHB000655	SMTS00611
SMHB000655	SMTS00779
SMHB000655	SMTS00857
SMHB000655	SMTS00858
SMHB000655	SMTS01231
SMHB000655	SMTS01453
SMHB000655	SMTS01515
SMHB000655	SMTS01520
SMHB000655	SMTS01521
SMHB000655	SMTS01524
SMHB000655	SMTS01525
SMHB000655	SMTS01526
SMHB000655	SMTS01528
SMHB000655	SMTS01530
SMHB000655	SMTS01561
SMHB000655	SMTS01572
SMHB000655	SMTS01609
SMHB000655	SMTS01689
SMHB000656	SMTS00048
SMHB000656	SMTS00050
SMHB000656	SMTS00340
SMHB000656	SMTS00388
SMHB000656	SMTS00428
SMHB000656	SMTS00541
SMHB000656	SMTS00607
SMHB000656	SMTS00717
SMHB000656	SMTS00742
SMHB000656	SMTS00779
SMHB000656	SMTS00936
SMHB000656	SMTS01166
SMHB000656	SMTS01231
SMHB000656	SMTS01261
SMHB000656	SMTS01262
SMHB000656	SMTS01352
SMHB000656	SMTS01354
SMHB000656	SMTS01431
SMHB000656	SMTS01440
SMHB000656	SMTS01453
SMHB000656	SMTS01515
SMHB000656	SMTS01541
SMHB000656	SMTS01561
SMHB000656	SMTS01575
SMHB000656	SMTS01578
SMHB000656	SMTS01587
SMHB000656	SMTS01590
SMHB000656	SMTS01627
SMHB000656	SMTS01689
SMHB000656	SMTS01867
SMHB000656	SMTS01869
SMHB000656	SMTS01972
SMHB000656	SMTS02147
SMHB000657	SMTS00004
SMHB000657	SMTS00086
SMHB000657	SMTS00129
SMHB000657	SMTS00131
SMHB000657	SMTS00175
SMHB000657	SMTS00212
SMHB000657	SMTS00340
SMHB000657	SMTS00492
SMHB000657	SMTS00732
SMHB000657	SMTS00733
SMHB000657	SMTS01279
SMHB000657	SMTS01518
SMHB000657	SMTS01548
SMHB000657	SMTS01555
SMHB000657	SMTS01556
SMHB000657	SMTS01562
SMHB000657	SMTS01867
SMHB000657	SMTS01869
SMHB000657	SMTS01972
SMHB000657	SMTS02085
SMHB000658	SMTS00023
SMHB000658	SMTS00064
SMHB000658	SMTS00086
SMHB000658	SMTS00138
SMHB000658	SMTS00172
SMHB000658	SMTS00174
SMHB000658	SMTS00219
SMHB000658	SMTS00224
SMHB000658	SMTS00226
SMHB000658	SMTS00340
SMHB000658	SMTS00341
SMHB000658	SMTS00403
SMHB000658	SMTS00407
SMHB000658	SMTS00428
SMHB000658	SMTS00507
SMHB000658	SMTS00509
SMHB000658	SMTS00511
SMHB000658	SMTS00538
SMHB000658	SMTS00539
SMHB000658	SMTS00540
SMHB000658	SMTS00607
SMHB000658	SMTS00611
SMHB000658	SMTS00651
SMHB000658	SMTS00674
SMHB000658	SMTS00682
SMHB000658	SMTS00790
SMHB000658	SMTS00799
SMHB000658	SMTS00936
SMHB000658	SMTS00952
SMHB000658	SMTS00953
SMHB000658	SMTS00954
SMHB000658	SMTS00962
SMHB000658	SMTS01191
SMHB000658	SMTS01261
SMHB000658	SMTS01262
SMHB000658	SMTS01349
SMHB000658	SMTS01352
SMHB000658	SMTS01354
SMHB000658	SMTS01357
SMHB000658	SMTS01439
SMHB000658	SMTS01515
SMHB000658	SMTS01520
SMHB000658	SMTS01521
SMHB000658	SMTS01524
SMHB000658	SMTS01525
SMHB000658	SMTS01526
SMHB000658	SMTS01528
SMHB000658	SMTS01530
SMHB000658	SMTS01573
SMHB000658	SMTS01590
SMHB000658	SMTS01624
SMHB000658	SMTS01625
SMHB000658	SMTS01626
SMHB000658	SMTS01630
SMHB000658	SMTS01637
SMHB000658	SMTS01838
SMHB000658	SMTS01867
SMHB000658	SMTS01972
SMHB000658	SMTS02117
SMHB000659	SMTS00016
SMHB000659	SMTS00024
SMHB000659	SMTS00105
SMHB000659	SMTS00118
SMHB000659	SMTS00187
SMHB000659	SMTS00230
SMHB000659	SMTS00233
SMHB000659	SMTS00317
SMHB000659	SMTS00318
SMHB000659	SMTS00323
SMHB000659	SMTS00324
SMHB000659	SMTS00518
SMHB000659	SMTS00521
SMHB000659	SMTS00597
SMHB000659	SMTS00628
SMHB000659	SMTS00688
SMHB000659	SMTS00691
SMHB000659	SMTS00712
SMHB000659	SMTS00786
SMHB000659	SMTS00816
SMHB000659	SMTS00817
SMHB000659	SMTS00876
SMHB000659	SMTS00906
SMHB000659	SMTS00950
SMHB000659	SMTS00951
SMHB000659	SMTS00961
SMHB000659	SMTS01009
SMHB000659	SMTS01113
SMHB000659	SMTS01121
SMHB000659	SMTS01122
SMHB000659	SMTS01125
SMHB000659	SMTS01126
SMHB000659	SMTS01127
SMHB000659	SMTS01132
SMHB000659	SMTS01133
SMHB000659	SMTS01134
SMHB000659	SMTS01135
SMHB000659	SMTS01162
SMHB000659	SMTS01439
SMHB000659	SMTS01441
SMHB000659	SMTS01599
SMHB000659	SMTS01624
SMHB000659	SMTS01625
SMHB000659	SMTS01626
SMHB000659	SMTS01705
SMHB000659	SMTS01708
SMHB000659	SMTS01833
SMHB000659	SMTS01898
SMHB000659	SMTS02137
SMHB000660	SMTS00242
SMHB000660	SMTS00389
SMHB000660	SMTS00565
SMHB000660	SMTS00568
SMHB000660	SMTS00581
SMHB000660	SMTS00582
SMHB000660	SMTS00583
SMHB000660	SMTS00584
SMHB000660	SMTS00585
SMHB000660	SMTS00587
SMHB000660	SMTS00590
SMHB000660	SMTS00591
SMHB000660	SMTS00722
SMHB000660	SMTS00873
SMHB000660	SMTS00915
SMHB000660	SMTS00976
SMHB000660	SMTS01049
SMHB000660	SMTS01268
SMHB000660	SMTS01270
SMHB000660	SMTS01271
SMHB000660	SMTS01272
SMHB000660	SMTS01273
SMHB000660	SMTS01274
SMHB000660	SMTS01284
SMHB000660	SMTS01501
SMHB000660	SMTS01847
SMHB000660	SMTS01848
SMHB000660	SMTS01849
SMHB000660	SMTS01850
SMHB000661	SMTS00340
SMHB000661	SMTS01867
SMHB000661	SMTS01869
SMHB000661	SMTS01972
SMHB000662	SMTS00023
SMHB000662	SMTS00048
SMHB000662	SMTS00050
SMHB000662	SMTS00340
SMHB000662	SMTS00388
SMHB000662	SMTS00717
SMHB000662	SMTS00742
SMHB000662	SMTS00752
SMHB000662	SMTS01152
SMHB000662	SMTS01440
SMHB000662	SMTS01867
SMHB000662	SMTS01972
SMHB000663	SMTS00045
SMHB000663	SMTS00217
SMHB000663	SMTS00457
SMHB000663	SMTS01515
SMHB000663	SMTS01572
SMHB000663	SMTS01712
SMHB000663	SMTS02010
SMHB000663	SMTS02074
SMHB000663	SMTS02109
SMHB000664	SMTS00104
SMHB000664	SMTS00205
SMHB000664	SMTS00283
SMHB000664	SMTS00284
SMHB000664	SMTS00288
SMHB000664	SMTS00289
SMHB000664	SMTS00411
SMHB000664	SMTS00502
SMHB000664	SMTS00503
SMHB000664	SMTS00591
SMHB000664	SMTS00800
SMHB000664	SMTS00930
SMHB000664	SMTS00983
SMHB000664	SMTS01023
SMHB000664	SMTS01043
SMHB000664	SMTS01120
SMHB000664	SMTS01298
SMHB000664	SMTS01586
SMHB000664	SMTS01599
SMHB000664	SMTS01996
SMHB000664	SMTS02007
SMHB000665	SMTS00057
SMHB000665	SMTS00064
SMHB000665	SMTS00211
SMHB000665	SMTS00341
SMHB000665	SMTS00497
SMHB000665	SMTS00545
SMHB000665	SMTS00546
SMHB000665	SMTS00548
SMHB000665	SMTS00549
SMHB000665	SMTS00550
SMHB000665	SMTS00551
SMHB000665	SMTS00555
SMHB000665	SMTS00667
SMHB000665	SMTS00718
SMHB000665	SMTS00803
SMHB000665	SMTS00804
SMHB000665	SMTS00805
SMHB000665	SMTS00811
SMHB000665	SMTS00894
SMHB000665	SMTS00970
SMHB000665	SMTS01028
SMHB000665	SMTS01118
SMHB000665	SMTS01518
SMHB000665	SMTS01551
SMHB000665	SMTS01552
SMHB000665	SMTS01553
SMHB000665	SMTS01554
SMHB000665	SMTS01838
SMHB000666	SMTS00001
SMHB000666	SMTS00068
SMHB000666	SMTS00069
SMHB000666	SMTS00253
SMHB000666	SMTS00490
SMHB000666	SMTS00755
SMHB000666	SMTS00756
SMHB000666	SMTS00757
SMHB000666	SMTS00795
SMHB000666	SMTS00815
SMHB000666	SMTS00983
SMHB000666	SMTS01051
SMHB000666	SMTS01199
SMHB000666	SMTS01206
SMHB000666	SMTS01207
SMHB000666	SMTS01209
SMHB000666	SMTS01210
SMHB000666	SMTS01211
SMHB000666	SMTS01212
SMHB000666	SMTS01213
SMHB000666	SMTS01220
SMHB000666	SMTS01221
SMHB000666	SMTS01362
SMHB000666	SMTS01379
SMHB000666	SMTS01386
SMHB000666	SMTS01389
SMHB000666	SMTS01414
SMHB000666	SMTS01586
SMHB000667	SMTS00023
SMHB000667	SMTS00048
SMHB000667	SMTS00050
SMHB000667	SMTS00128
SMHB000667	SMTS00137
SMHB000667	SMTS00312
SMHB000667	SMTS00330
SMHB000667	SMTS00338
SMHB000667	SMTS00340
SMHB000667	SMTS00388
SMHB000667	SMTS00558
SMHB000667	SMTS00717
SMHB000667	SMTS00752
SMHB000667	SMTS00822
SMHB000667	SMTS00824
SMHB000667	SMTS01152
SMHB000667	SMTS01200
SMHB000667	SMTS01440
SMHB000667	SMTS01446
SMHB000667	SMTS01570
SMHB000667	SMTS01650
SMHB000667	SMTS01651
SMHB000667	SMTS01703
SMHB000667	SMTS01813
SMHB000667	SMTS01867
SMHB000667	SMTS01941
SMHB000667	SMTS01972
SMHB000668	SMTS00023
SMHB000668	SMTS00048
SMHB000668	SMTS00050
SMHB000668	SMTS00283
SMHB000668	SMTS00284
SMHB000668	SMTS00288
SMHB000668	SMTS00289
SMHB000668	SMTS00340
SMHB000668	SMTS00388
SMHB000668	SMTS00717
SMHB000668	SMTS00752
SMHB000668	SMTS00800
SMHB000668	SMTS00836
SMHB000668	SMTS00983
SMHB000668	SMTS01139
SMHB000668	SMTS01152
SMHB000668	SMTS01288
SMHB000668	SMTS01298
SMHB000668	SMTS01321
SMHB000668	SMTS01440
SMHB000668	SMTS01446
SMHB000668	SMTS01586
SMHB000668	SMTS01867
SMHB000668	SMTS01972
SMHB000668	SMTS02014
SMHB000668	SMTS02033
SMHB000669	SMTS00549
SMHB000669	SMTS00550
SMHB000669	SMTS00551
SMHB000669	SMTS00555
SMHB000669	SMTS00558
SMHB000669	SMTS00620
SMHB000669	SMTS00621
SMHB000669	SMTS00642
SMHB000669	SMTS00776
SMHB000669	SMTS00783
SMHB000669	SMTS00815
SMHB000669	SMTS00824
SMHB000669	SMTS00978
SMHB000669	SMTS00983
SMHB000669	SMTS01064
SMHB000669	SMTS01087
SMHB000669	SMTS01092
SMHB000669	SMTS01157
SMHB000669	SMTS01199
SMHB000669	SMTS01204
SMHB000669	SMTS01206
SMHB000669	SMTS01207
SMHB000669	SMTS01311
SMHB000669	SMTS01312
SMHB000669	SMTS01314
SMHB000669	SMTS01315
SMHB000669	SMTS01365
SMHB000669	SMTS01392
SMHB000669	SMTS01404
SMHB000669	SMTS01405
SMHB000669	SMTS01406
SMHB000669	SMTS01411
SMHB000669	SMTS01586
SMHB000669	SMTS01591
SMHB000669	SMTS01981
SMHB000669	SMTS02068
SMHB000670	SMTS00111
SMHB000670	SMTS00558
SMHB000670	SMTS00561
SMHB000670	SMTS00602
SMHB000670	SMTS00806
SMHB000670	SMTS00807
SMHB000670	SMTS00809
SMHB000670	SMTS01432
SMHB000670	SMTS01515
SMHB000670	SMTS01561
SMHB000670	SMTS01643
SMHB000671	SMTS00226
SMHB000671	SMTS00438
SMHB000671	SMTS00439
SMHB000671	SMTS00447
SMHB000671	SMTS00470
SMHB000671	SMTS00713
SMHB000671	SMTS00731
SMHB000671	SMTS00855
SMHB000671	SMTS00981
SMHB000671	SMTS01110
SMHB000671	SMTS01280
SMHB000671	SMTS01682
SMHB000671	SMTS01985
SMHB000672	SMTS00045
SMHB000672	SMTS00403
SMHB000672	SMTS00511
SMHB000672	SMTS00799
SMHB000672	SMTS01237
SMHB000672	SMTS01515
SMHB000672	SMTS01522
SMHB000672	SMTS01631
SMHB000672	SMTS02229
SMHB000673	SMTS00192
SMHB000673	SMTS00193
SMHB000673	SMTS00330
SMHB000673	SMTS00338
SMHB000673	SMTS00394
SMHB000673	SMTS00395
SMHB000673	SMTS00397
SMHB000673	SMTS00400
SMHB000673	SMTS00435
SMHB000673	SMTS00541
SMHB000673	SMTS00558
SMHB000673	SMTS00779
SMHB000673	SMTS01231
SMHB000673	SMTS01453
SMHB000673	SMTS01465
SMHB000673	SMTS01466
SMHB000673	SMTS01467
SMHB000673	SMTS01468
SMHB000673	SMTS01469
SMHB000673	SMTS01476
SMHB000673	SMTS01477
SMHB000673	SMTS01481
SMHB000673	SMTS01484
SMHB000673	SMTS01485
SMHB000673	SMTS01486
SMHB000673	SMTS01492
SMHB000673	SMTS01689
SMHB000674	SMTS00118
SMHB000674	SMTS00549
SMHB000674	SMTS00550
SMHB000674	SMTS00551
SMHB000674	SMTS00555
SMHB000674	SMTS00642
SMHB000674	SMTS01081
SMHB000674	SMTS01082
SMHB000674	SMTS01599
SMHB000674	SMTS02054
SMHB000675	SMTS00242
SMHB000675	SMTS00260
SMHB000675	SMTS00722
SMHB000675	SMTS00723
SMHB000675	SMTS00731
SMHB000675	SMTS00734
SMHB000675	SMTS00737
SMHB000675	SMTS00738
SMHB000675	SMTS00740
SMHB000675	SMTS00776
SMHB000675	SMTS00873
SMHB000675	SMTS00974
SMHB000675	SMTS00977
SMHB000675	SMTS00978
SMHB000675	SMTS00981
SMHB000675	SMTS01026
SMHB000675	SMTS01280
SMHB000675	SMTS01282
SMHB000675	SMTS01697
SMHB000675	SMTS01864
SMHB000675	SMTS01985
SMHB000675	SMTS02060
SMHB000676	SMTS00242
SMHB000676	SMTS00260
SMHB000676	SMTS00722
SMHB000676	SMTS00723
SMHB000676	SMTS00731
SMHB000676	SMTS00734
SMHB000676	SMTS00737
SMHB000676	SMTS00738
SMHB000676	SMTS00740
SMHB000676	SMTS00776
SMHB000676	SMTS00873
SMHB000676	SMTS00974
SMHB000676	SMTS00977
SMHB000676	SMTS00978
SMHB000676	SMTS00981
SMHB000676	SMTS01026
SMHB000676	SMTS01280
SMHB000676	SMTS01282
SMHB000676	SMTS01697
SMHB000676	SMTS01864
SMHB000676	SMTS01985
SMHB000676	SMTS02060
SMHB000677	SMTS00104
SMHB000677	SMTS00172
SMHB000677	SMTS00174
SMHB000677	SMTS00283
SMHB000677	SMTS00284
SMHB000677	SMTS00288
SMHB000677	SMTS00289
SMHB000677	SMTS00379
SMHB000677	SMTS00615
SMHB000677	SMTS00800
SMHB000677	SMTS00839
SMHB000677	SMTS00873
SMHB000677	SMTS00930
SMHB000677	SMTS00977
SMHB000677	SMTS00983
SMHB000677	SMTS01049
SMHB000677	SMTS01280
SMHB000677	SMTS01283
SMHB000677	SMTS01284
SMHB000677	SMTS01298
SMHB000677	SMTS01318
SMHB000677	SMTS01319
SMHB000677	SMTS01489
SMHB000677	SMTS01586
SMHB000677	SMTS01737
SMHB000677	SMTS01985
SMHB000677	SMTS02156
SMHB000678	SMTS00172
SMHB000678	SMTS00174
SMHB000678	SMTS00549
SMHB000678	SMTS00550
SMHB000678	SMTS00551
SMHB000678	SMTS00555
SMHB000679	SMTS00016
SMHB000679	SMTS00121
SMHB000679	SMTS00184
SMHB000679	SMTS00258
SMHB000679	SMTS00389
SMHB000679	SMTS00404
SMHB000679	SMTS00405
SMHB000679	SMTS00582
SMHB000679	SMTS00642
SMHB000679	SMTS00688
SMHB000679	SMTS00693
SMHB000679	SMTS00768
SMHB000679	SMTS00839
SMHB000679	SMTS00857
SMHB000679	SMTS00858
SMHB000679	SMTS00873
SMHB000679	SMTS00931
SMHB000679	SMTS00934
SMHB000679	SMTS00963
SMHB000679	SMTS00965
SMHB000679	SMTS00966
SMHB000679	SMTS00967
SMHB000679	SMTS00976
SMHB000679	SMTS00977
SMHB000679	SMTS01049
SMHB000679	SMTS01163
SMHB000679	SMTS01219
SMHB000679	SMTS01227
SMHB000679	SMTS01280
SMHB000679	SMTS01283
SMHB000679	SMTS01284
SMHB000679	SMTS01489
SMHB000679	SMTS01501
SMHB000679	SMTS01985
SMHB000679	SMTS01998
SMHB000679	SMTS02156
SMHB000680	SMTS00012
SMHB000680	SMTS00067
SMHB000680	SMTS00104
SMHB000680	SMTS00105
SMHB000680	SMTS00128
SMHB000680	SMTS00321
SMHB000680	SMTS00414
SMHB000680	SMTS00436
SMHB000680	SMTS00518
SMHB000680	SMTS00522
SMHB000680	SMTS00591
SMHB000680	SMTS00642
SMHB000680	SMTS00652
SMHB000680	SMTS00654
SMHB000680	SMTS00712
SMHB000680	SMTS00798
SMHB000680	SMTS00816
SMHB000680	SMTS00817
SMHB000680	SMTS00882
SMHB000680	SMTS00930
SMHB000680	SMTS00950
SMHB000680	SMTS00951
SMHB000680	SMTS01009
SMHB000680	SMTS01023
SMHB000680	SMTS01121
SMHB000680	SMTS01122
SMHB000680	SMTS01125
SMHB000680	SMTS01126
SMHB000680	SMTS01127
SMHB000680	SMTS01132
SMHB000680	SMTS01133
SMHB000680	SMTS01134
SMHB000680	SMTS01135
SMHB000680	SMTS01293
SMHB000680	SMTS01441
SMHB000680	SMTS01683
SMHB000680	SMTS01684
SMHB000680	SMTS01692
SMHB000680	SMTS01705
SMHB000680	SMTS01708
SMHB000680	SMTS01763
SMHB000680	SMTS01784
SMHB000680	SMTS01856
SMHB000680	SMTS02108
SMHB000680	SMTS02330
SMHB000681	SMTS00266
SMHB000681	SMTS00274
SMHB000681	SMTS00419
SMHB000681	SMTS00425
SMHB000681	SMTS00642
SMHB000681	SMTS00828
SMHB000681	SMTS00857
SMHB000681	SMTS00858
SMHB000681	SMTS01457
SMHB000681	SMTS02020
SMHB000681	SMTS02096
SMHB000681	SMTS02351
SMHB000682	SMTS00053
SMHB000682	SMTS00055
SMHB000682	SMTS00322
SMHB000682	SMTS00769
SMHB000682	SMTS00822
SMHB000682	SMTS00824
SMHB000682	SMTS01101
SMHB000682	SMTS01104
SMHB000682	SMTS01105
SMHB000682	SMTS01260
SMHB000682	SMTS01924
SMHB000682	SMTS01979
SMHB000682	SMTS01980
SMHB000682	SMTS01981
SMHB000682	SMTS02346
SMHB000683	SMTS00598
SMHB000683	SMTS00616
SMHB000683	SMTS00822
SMHB000683	SMTS00824
SMHB000683	SMTS00980
SMHB000683	SMTS01165
SMHB000683	SMTS01979
SMHB000683	SMTS01980
SMHB000683	SMTS01981
SMHB000684	SMTS00045
SMHB000684	SMTS00128
SMHB000684	SMTS00283
SMHB000684	SMTS00284
SMHB000684	SMTS00289
SMHB000684	SMTS00309
SMHB000684	SMTS00800
SMHB000684	SMTS00822
SMHB000684	SMTS00824
SMHB000684	SMTS00983
SMHB000684	SMTS01175
SMHB000684	SMTS01298
SMHB000684	SMTS01586
SMHB000684	SMTS01941
SMHB000684	SMTS02216
SMHB000685	SMTS00266
SMHB000685	SMTS00274
SMHB000685	SMTS00280
SMHB000685	SMTS00419
SMHB000685	SMTS00425
SMHB000685	SMTS00473
SMHB000685	SMTS00474
SMHB000685	SMTS00647
SMHB000685	SMTS00649
SMHB000685	SMTS00799
SMHB000685	SMTS01055
SMHB000685	SMTS01116
SMHB000685	SMTS01303
SMHB000685	SMTS01616
SMHB000685	SMTS01618
SMHB000685	SMTS01620
SMHB000685	SMTS01621
SMHB000685	SMTS01622
SMHB000685	SMTS01623
SMHB000685	SMTS01713
SMHB000686	SMTS00137
SMHB000686	SMTS00401
SMHB000686	SMTS00715
SMHB000686	SMTS00883
SMHB000686	SMTS01200
SMHB000686	SMTS01201
SMHB000686	SMTS01259
SMHB000686	SMTS01570
SMHB000686	SMTS01650
SMHB000686	SMTS01651
SMHB000686	SMTS01703
SMHB000686	SMTS01769
SMHB000686	SMTS01813
SMHB000686	SMTS01890
SMHB000686	SMTS01975
SMHB000686	SMTS02123
SMHB000686	SMTS02124
SMHB000687	SMTS00042
SMHB000687	SMTS00044
SMHB000687	SMTS00103
SMHB000687	SMTS00152
SMHB000687	SMTS00153
SMHB000687	SMTS00154
SMHB000687	SMTS00155
SMHB000687	SMTS00157
SMHB000687	SMTS00283
SMHB000687	SMTS00284
SMHB000687	SMTS00288
SMHB000687	SMTS00289
SMHB000687	SMTS00305
SMHB000687	SMTS00549
SMHB000687	SMTS00550
SMHB000687	SMTS00551
SMHB000687	SMTS00555
SMHB000687	SMTS00800
SMHB000687	SMTS00983
SMHB000687	SMTS01298
SMHB000687	SMTS01586
SMHB000687	SMTS01859
SMHB000687	SMTS02134
SMHB000687	SMTS02261
SMHB000687	SMTS02295
SMHB000688	SMTS00065
SMHB000688	SMTS00269
SMHB000688	SMTS00270
SMHB000688	SMTS00274
SMHB000688	SMTS00283
SMHB000688	SMTS00284
SMHB000688	SMTS00289
SMHB000688	SMTS00356
SMHB000688	SMTS00357
SMHB000688	SMTS00360
SMHB000688	SMTS00361
SMHB000688	SMTS00363
SMHB000688	SMTS00365
SMHB000688	SMTS00368
SMHB000688	SMTS00369
SMHB000688	SMTS00373
SMHB000688	SMTS00387
SMHB000688	SMTS00675
SMHB000688	SMTS00676
SMHB000688	SMTS00677
SMHB000688	SMTS00678
SMHB000688	SMTS00706
SMHB000688	SMTS00707
SMHB000688	SMTS00709
SMHB000688	SMTS00800
SMHB000688	SMTS00830
SMHB000688	SMTS00890
SMHB000688	SMTS00896
SMHB000688	SMTS00983
SMHB000688	SMTS00990
SMHB000688	SMTS00996
SMHB000688	SMTS01032
SMHB000688	SMTS01048
SMHB000688	SMTS01097
SMHB000688	SMTS01169
SMHB000688	SMTS01174
SMHB000688	SMTS01175
SMHB000688	SMTS01177
SMHB000688	SMTS01298
SMHB000688	SMTS01300
SMHB000688	SMTS01358
SMHB000688	SMTS01359
SMHB000688	SMTS01514
SMHB000688	SMTS01584
SMHB000688	SMTS01586
SMHB000688	SMTS01658
SMHB000688	SMTS01663
SMHB000688	SMTS01665
SMHB000688	SMTS01668
SMHB000688	SMTS01673
SMHB000688	SMTS01674
SMHB000688	SMTS01766
SMHB000688	SMTS02162
SMHB000688	SMTS02322
SMHB000688	SMTS02327
SMHB000689	SMTS00060
SMHB000689	SMTS00437
SMHB000689	SMTS00989
SMHB000689	SMTS01219
SMHB000689	SMTS01227
SMHB000689	SMTS01321
SMHB000689	SMTS01322
SMHB000689	SMTS01786
SMHB000689	SMTS01948
SMHB000690	SMTS00057
SMHB000690	SMTS00224
SMHB000690	SMTS00226
SMHB000690	SMTS00496
SMHB000690	SMTS00667
SMHB000690	SMTS00701
SMHB000690	SMTS00718
SMHB000690	SMTS00803
SMHB000690	SMTS00805
SMHB000690	SMTS00811
SMHB000690	SMTS00894
SMHB000690	SMTS00970
SMHB000690	SMTS01000
SMHB000690	SMTS01001
SMHB000690	SMTS01002
SMHB000690	SMTS01003
SMHB000690	SMTS01004
SMHB000690	SMTS01005
SMHB000690	SMTS01006
SMHB000690	SMTS01007
SMHB000690	SMTS01028
SMHB000690	SMTS01124
SMHB000690	SMTS01138
SMHB000690	SMTS01140
SMHB000690	SMTS01141
SMHB000690	SMTS01142
SMHB000690	SMTS01327
SMHB000690	SMTS01450
SMHB000690	SMTS01551
SMHB000690	SMTS01553
SMHB000690	SMTS01554
SMHB000691	SMTS00015
SMHB000691	SMTS00018
SMHB000691	SMTS00057
SMHB000691	SMTS00060
SMHB000691	SMTS00266
SMHB000691	SMTS00274
SMHB000691	SMTS00283
SMHB000691	SMTS00284
SMHB000691	SMTS00285
SMHB000691	SMTS00289
SMHB000691	SMTS00290
SMHB000691	SMTS00379
SMHB000691	SMTS00419
SMHB000691	SMTS00425
SMHB000691	SMTS00520
SMHB000691	SMTS00606
SMHB000691	SMTS00615
SMHB000691	SMTS00658
SMHB000691	SMTS00667
SMHB000691	SMTS00800
SMHB000691	SMTS00892
SMHB000691	SMTS00894
SMHB000691	SMTS00970
SMHB000691	SMTS00983
SMHB000691	SMTS00984
SMHB000691	SMTS00998
SMHB000691	SMTS01028
SMHB000691	SMTS01153
SMHB000691	SMTS01155
SMHB000691	SMTS01175
SMHB000691	SMTS01180
SMHB000691	SMTS01182
SMHB000691	SMTS01195
SMHB000691	SMTS01241
SMHB000691	SMTS01294
SMHB000691	SMTS01298
SMHB000691	SMTS01305
SMHB000691	SMTS01306
SMHB000691	SMTS01533
SMHB000691	SMTS01540
SMHB000691	SMTS01542
SMHB000691	SMTS01551
SMHB000691	SMTS01553
SMHB000691	SMTS01554
SMHB000691	SMTS01586
SMHB000691	SMTS02231
SMHB000691	SMTS02244
SMHB000692	SMTS00068
SMHB000692	SMTS00069
SMHB000692	SMTS00117
SMHB000692	SMTS00216
SMHB000692	SMTS00226
SMHB000692	SMTS00253
SMHB000692	SMTS00340
SMHB000692	SMTS00605
SMHB000692	SMTS00752
SMHB000692	SMTS00755
SMHB000692	SMTS00756
SMHB000692	SMTS00757
SMHB000692	SMTS01152
SMHB000692	SMTS01210
SMHB000692	SMTS01211
SMHB000692	SMTS01327
SMHB000692	SMTS01439
SMHB000692	SMTS01560
SMHB000692	SMTS01624
SMHB000692	SMTS01625
SMHB000692	SMTS01626
SMHB000692	SMTS01867
SMHB000692	SMTS01869
SMHB000692	SMTS01972
SMHB000693	SMTS00012
SMHB000693	SMTS00067
SMHB000693	SMTS00105
SMHB000693	SMTS00436
SMHB000693	SMTS00457
SMHB000693	SMTS00466
SMHB000693	SMTS00501
SMHB000693	SMTS00522
SMHB000693	SMTS00535
SMHB000693	SMTS00588
SMHB000693	SMTS00592
SMHB000693	SMTS00593
SMHB000693	SMTS00594
SMHB000693	SMTS00647
SMHB000693	SMTS00648
SMHB000693	SMTS00882
SMHB000693	SMTS01009
SMHB000693	SMTS01010
SMHB000693	SMTS01296
SMHB000693	SMTS01416
SMHB000693	SMTS01666
SMHB000693	SMTS01670
SMHB000693	SMTS01683
SMHB000693	SMTS01684
SMHB000693	SMTS01692
SMHB000693	SMTS01705
SMHB000693	SMTS01708
SMHB000693	SMTS01711
SMHB000693	SMTS01781
SMHB000693	SMTS01912
SMHB000693	SMTS02010
SMHB000693	SMTS02074
SMHB000693	SMTS02108
SMHB000693	SMTS02330
SMHB000693	SMTS02355
SMHB000694	SMTS00545
SMHB000694	SMTS00546
SMHB000694	SMTS00548
SMHB000694	SMTS00549
SMHB000694	SMTS00550
SMHB000694	SMTS00551
SMHB000694	SMTS00552
SMHB000694	SMTS00553
SMHB000694	SMTS00555
SMHB000694	SMTS00718
SMHB000694	SMTS00803
SMHB000694	SMTS00804
SMHB000694	SMTS00805
SMHB000694	SMTS00811
SMHB000694	SMTS01063
SMHB000694	SMTS01065
SMHB000694	SMTS01066
SMHB000694	SMTS01067
SMHB000694	SMTS01068
SMHB000694	SMTS01085
SMHB000694	SMTS01118
SMHB000695	SMTS00015
SMHB000695	SMTS00056
SMHB000695	SMTS00060
SMHB000695	SMTS00065
SMHB000695	SMTS00092
SMHB000695	SMTS00283
SMHB000695	SMTS00285
SMHB000695	SMTS00292
SMHB000695	SMTS00566
SMHB000695	SMTS00706
SMHB000695	SMTS00709
SMHB000695	SMTS00892
SMHB000695	SMTS00896
SMHB000695	SMTS00984
SMHB000695	SMTS00989
SMHB000695	SMTS00990
SMHB000695	SMTS00993
SMHB000695	SMTS00996
SMHB000695	SMTS01182
SMHB000695	SMTS01195
SMHB000695	SMTS01305
SMHB000695	SMTS01514
SMHB000695	SMTS01584
SMHB000696	SMTS00016
SMHB000696	SMTS00105
SMHB000696	SMTS00228
SMHB000696	SMTS00237
SMHB000696	SMTS00411
SMHB000696	SMTS00501
SMHB000696	SMTS00502
SMHB000696	SMTS00503
SMHB000696	SMTS00518
SMHB000696	SMTS00591
SMHB000696	SMTS00592
SMHB000696	SMTS00593
SMHB000696	SMTS00594
SMHB000696	SMTS00617
SMHB000696	SMTS00618
SMHB000696	SMTS00619
SMHB000696	SMTS00688
SMHB000696	SMTS00712
SMHB000696	SMTS00816
SMHB000696	SMTS00817
SMHB000696	SMTS00868
SMHB000696	SMTS00869
SMHB000696	SMTS00870
SMHB000696	SMTS00871
SMHB000696	SMTS00882
SMHB000696	SMTS00950
SMHB000696	SMTS00951
SMHB000696	SMTS01009
SMHB000696	SMTS01023
SMHB000696	SMTS01050
SMHB000696	SMTS01121
SMHB000696	SMTS01122
SMHB000696	SMTS01125
SMHB000696	SMTS01126
SMHB000696	SMTS01127
SMHB000696	SMTS01130
SMHB000696	SMTS01132
SMHB000696	SMTS01133
SMHB000696	SMTS01134
SMHB000696	SMTS01135
SMHB000696	SMTS01292
SMHB000696	SMTS01293
SMHB000696	SMTS01416
SMHB000696	SMTS01441
SMHB000696	SMTS01489
SMHB000696	SMTS01638
SMHB000696	SMTS01683
SMHB000696	SMTS01684
SMHB000696	SMTS01705
SMHB000696	SMTS01708
SMHB000696	SMTS01780
SMHB000696	SMTS01853
SMHB000696	SMTS02108
SMHB000696	SMTS02335
SMHB000697	SMTS00550
SMHB000697	SMTS00551
SMHB000697	SMTS00555
SMHB000697	SMTS01203
SMHB000697	SMTS01876
SMHB000697	SMTS01878
SMHB000697	SMTS01916
SMHB000697	SMTS01951
SMHB000697	SMTS02234
SMHB000697	SMTS02278
SMHB000698	SMTS00999
SMHB000698	SMTS01258
SMHB000698	SMTS01295
SMHB000698	SMTS01589
SMHB000698	SMTS01976
SMHB000698	SMTS02082
SMHB000699	SMTS00245
SMHB000699	SMTS00246
SMHB000699	SMTS00247
SMHB000699	SMTS00248
SMHB000699	SMTS00249
SMHB000699	SMTS00379
SMHB000699	SMTS00834
SMHB000699	SMTS00977
SMHB000699	SMTS01319
SMHB000699	SMTS01568
SMHB000699	SMTS01815
SMHB000699	SMTS01946
SMHB000699	SMTS01986
SMHB000699	SMTS02324
SMHB000700	SMTS00015
SMHB000700	SMTS00018
SMHB000700	SMTS00068
SMHB000700	SMTS00069
SMHB000700	SMTS00253
SMHB000700	SMTS00283
SMHB000700	SMTS00284
SMHB000700	SMTS00285
SMHB000700	SMTS00288
SMHB000700	SMTS00289
SMHB000700	SMTS00290
SMHB000700	SMTS00379
SMHB000700	SMTS00394
SMHB000700	SMTS00395
SMHB000700	SMTS00397
SMHB000700	SMTS00400
SMHB000700	SMTS00435
SMHB000700	SMTS00541
SMHB000700	SMTS00658
SMHB000700	SMTS00755
SMHB000700	SMTS00756
SMHB000700	SMTS00757
SMHB000700	SMTS00779
SMHB000700	SMTS00800
SMHB000700	SMTS00875
SMHB000700	SMTS00892
SMHB000700	SMTS00944
SMHB000700	SMTS00956
SMHB000700	SMTS00959
SMHB000700	SMTS00960
SMHB000700	SMTS00961
SMHB000700	SMTS00983
SMHB000700	SMTS00984
SMHB000700	SMTS01043
SMHB000700	SMTS01151
SMHB000700	SMTS01182
SMHB000700	SMTS01195
SMHB000700	SMTS01210
SMHB000700	SMTS01211
SMHB000700	SMTS01231
SMHB000700	SMTS01241
SMHB000700	SMTS01294
SMHB000700	SMTS01298
SMHB000700	SMTS01305
SMHB000700	SMTS01453
SMHB000700	SMTS01465
SMHB000700	SMTS01466
SMHB000700	SMTS01467
SMHB000700	SMTS01468
SMHB000700	SMTS01469
SMHB000700	SMTS01476
SMHB000700	SMTS01477
SMHB000700	SMTS01481
SMHB000700	SMTS01484
SMHB000700	SMTS01485
SMHB000700	SMTS01486
SMHB000700	SMTS01492
SMHB000700	SMTS01586
SMHB000700	SMTS01593
SMHB000700	SMTS01685
SMHB000700	SMTS01689
SMHB000700	SMTS01996
SMHB000700	SMTS02050
SMHB000700	SMTS02051
SMHB000701	SMTS00234
SMHB000701	SMTS00235
SMHB000701	SMTS00236
SMHB000701	SMTS00281
SMHB000701	SMTS00350
SMHB000701	SMTS00437
SMHB000701	SMTS00470
SMHB000701	SMTS00701
SMHB000701	SMTS00935
SMHB000701	SMTS01013
SMHB000701	SMTS01019
SMHB000701	SMTS01110
SMHB000701	SMTS01124
SMHB000701	SMTS01138
SMHB000701	SMTS01140
SMHB000701	SMTS01141
SMHB000701	SMTS01142
SMHB000701	SMTS01289
SMHB000701	SMTS01645
SMHB000701	SMTS01646
SMHB000701	SMTS01649
SMHB000701	SMTS01731
SMHB000701	SMTS01774
SMHB000701	SMTS01909
SMHB000701	SMTS02006
SMHB000701	SMTS02342
SMHB000702	SMTS00017
SMHB000702	SMTS00038
SMHB000702	SMTS00094
SMHB000702	SMTS00192
SMHB000702	SMTS00194
SMHB000702	SMTS00281
SMHB000702	SMTS00282
SMHB000702	SMTS00283
SMHB000702	SMTS00284
SMHB000702	SMTS00289
SMHB000702	SMTS00319
SMHB000702	SMTS00394
SMHB000702	SMTS00395
SMHB000702	SMTS00397
SMHB000702	SMTS00400
SMHB000702	SMTS00404
SMHB000702	SMTS00408
SMHB000702	SMTS00409
SMHB000702	SMTS00411
SMHB000702	SMTS00416
SMHB000702	SMTS00418
SMHB000702	SMTS00423
SMHB000702	SMTS00435
SMHB000702	SMTS00470
SMHB000702	SMTS00541
SMHB000702	SMTS00642
SMHB000702	SMTS00647
SMHB000702	SMTS00711
SMHB000702	SMTS00779
SMHB000702	SMTS00800
SMHB000702	SMTS00802
SMHB000702	SMTS00874
SMHB000702	SMTS00906
SMHB000702	SMTS00944
SMHB000702	SMTS00956
SMHB000702	SMTS00959
SMHB000702	SMTS00960
SMHB000702	SMTS00961
SMHB000702	SMTS00983
SMHB000702	SMTS01030
SMHB000702	SMTS01043
SMHB000702	SMTS01074
SMHB000702	SMTS01110
SMHB000702	SMTS01231
SMHB000702	SMTS01253
SMHB000702	SMTS01298
SMHB000702	SMTS01323
SMHB000702	SMTS01332
SMHB000702	SMTS01336
SMHB000702	SMTS01339
SMHB000702	SMTS01341
SMHB000702	SMTS01342
SMHB000702	SMTS01343
SMHB000702	SMTS01346
SMHB000702	SMTS01360
SMHB000702	SMTS01361
SMHB000702	SMTS01453
SMHB000702	SMTS01455
SMHB000702	SMTS01465
SMHB000702	SMTS01466
SMHB000702	SMTS01467
SMHB000702	SMTS01468
SMHB000702	SMTS01469
SMHB000702	SMTS01476
SMHB000702	SMTS01477
SMHB000702	SMTS01481
SMHB000702	SMTS01484
SMHB000702	SMTS01485
SMHB000702	SMTS01486
SMHB000702	SMTS01492
SMHB000702	SMTS01506
SMHB000702	SMTS01586
SMHB000702	SMTS01599
SMHB000702	SMTS01614
SMHB000702	SMTS01645
SMHB000702	SMTS01646
SMHB000702	SMTS01649
SMHB000702	SMTS01683
SMHB000702	SMTS01684
SMHB000702	SMTS01689
SMHB000702	SMTS01725
SMHB000702	SMTS01886
SMHB000703	SMTS00024
SMHB000703	SMTS00081
SMHB000703	SMTS00086
SMHB000703	SMTS00096
SMHB000703	SMTS00102
SMHB000703	SMTS00138
SMHB000703	SMTS00213
SMHB000703	SMTS00350
SMHB000703	SMTS00351
SMHB000703	SMTS00413
SMHB000703	SMTS00414
SMHB000703	SMTS00437
SMHB000703	SMTS00450
SMHB000703	SMTS00454
SMHB000703	SMTS00488
SMHB000703	SMTS00492
SMHB000703	SMTS00501
SMHB000703	SMTS00506
SMHB000703	SMTS00511
SMHB000703	SMTS00600
SMHB000703	SMTS00617
SMHB000703	SMTS00619
SMHB000703	SMTS00645
SMHB000703	SMTS00651
SMHB000703	SMTS00657
SMHB000703	SMTS00662
SMHB000703	SMTS00663
SMHB000703	SMTS00674
SMHB000703	SMTS00680
SMHB000703	SMTS00682
SMHB000703	SMTS00783
SMHB000703	SMTS00785
SMHB000703	SMTS00787
SMHB000703	SMTS00823
SMHB000703	SMTS00831
SMHB000703	SMTS00879
SMHB000703	SMTS00893
SMHB000703	SMTS00916
SMHB000703	SMTS00925
SMHB000703	SMTS00926
SMHB000703	SMTS00962
SMHB000703	SMTS01025
SMHB000703	SMTS01050
SMHB000703	SMTS01109
SMHB000703	SMTS01113
SMHB000703	SMTS01117
SMHB000703	SMTS01192
SMHB000703	SMTS01240
SMHB000703	SMTS01349
SMHB000703	SMTS01353
SMHB000703	SMTS01356
SMHB000703	SMTS01416
SMHB000703	SMTS01417
SMHB000703	SMTS01450
SMHB000703	SMTS01529
SMHB000703	SMTS01566
SMHB000703	SMTS01571
SMHB000703	SMTS01588
SMHB000703	SMTS01630
SMHB000703	SMTS01709
SMHB000703	SMTS01774
SMHB000703	SMTS02342
